Copyright 1986-2022 Xilinx, Inc. All Rights Reserved. Copyright 2022-2025 Advanced Micro Devices, Inc. All Rights Reserved.
---------------------------------------------------------------------------------------------------------------------------------------------------------------------------------------------------------------------
| Tool Version : Vivado v.2025.1 (win64) Build 6140274 Thu May 22 00:12:29 MDT 2025
| Date         : Mon Dec  1 23:05:05 2025
| Host         : Ivan running 64-bit major release  (build 9200)
| Command      : report_timing_summary -max_paths 10 -routable_nets -report_unconstrained -file top_timing_summary_routed.rpt -pb top_timing_summary_routed.pb -rpx top_timing_summary_routed.rpx -warn_on_violation
| Design       : top
| Device       : 7z020-clg400
| Speed File   : -1  PRODUCTION 1.12 2019-11-22
| Design State : Routed
---------------------------------------------------------------------------------------------------------------------------------------------------------------------------------------------------------------------

Timing Summary Report

------------------------------------------------------------------------------------------------
| Timer Settings
| --------------
------------------------------------------------------------------------------------------------

  Enable Multi Corner Analysis               :  Yes
  Enable Pessimism Removal                   :  Yes
  Pessimism Removal Resolution               :  Nearest Common Node
  Enable Input Delay Default Clock           :  No
  Enable Preset / Clear Arcs                 :  No
  Disable Flight Delays                      :  No
  Ignore I/O Paths                           :  No
  Timing Early Launch at Borrowing Latches   :  No
  Borrow Time for Max Delay Exceptions       :  Yes
  Merge Timing Exceptions                    :  Yes
  Inter-SLR Compensation                     :  Conservative

  Corner  Analyze    Analyze    
  Name    Max Paths  Min Paths  
  ------  ---------  ---------  
  Slow    Yes        Yes        
  Fast    Yes        Yes        


------------------------------------------------------------------------------------------------
| Report Methodology
| ------------------
------------------------------------------------------------------------------------------------

Rule     Severity  Description                   Violations  
-------  --------  ----------------------------  ----------  
DPIR-1   Warning   Asynchronous driver check     32          
LUTAR-1  Warning   LUT drives async reset alert  4           

Note: This report is based on the most recent report_methodology run and may not be up-to-date. Run report_methodology on the current design for the latest report.



check_timing report

Table of Contents
-----------------
1. checking no_clock (0)
2. checking constant_clock (0)
3. checking pulse_width_clock (0)
4. checking unconstrained_internal_endpoints (0)
5. checking no_input_delay (0)
6. checking no_output_delay (0)
7. checking multiple_clock (0)
8. checking generated_clocks (0)
9. checking loops (0)
10. checking partial_input_delay (0)
11. checking partial_output_delay (0)
12. checking latch_loops (0)

1. checking no_clock (0)
------------------------
 There are 0 register/latch pins with no clock.


2. checking constant_clock (0)
------------------------------
 There are 0 register/latch pins with constant_clock.


3. checking pulse_width_clock (0)
---------------------------------
 There are 0 register/latch pins which need pulse_width check


4. checking unconstrained_internal_endpoints (0)
------------------------------------------------
 There are 0 pins that are not constrained for maximum delay.

 There are 0 pins that are not constrained for maximum delay due to constant clock.


5. checking no_input_delay (0)
------------------------------
 There are 0 input ports with no input delay specified.

 There are 0 input ports with no input delay but user has a false path constraint.


6. checking no_output_delay (0)
-------------------------------
 There are 0 ports with no output delay specified.

 There are 0 ports with no output delay but user has a false path constraint

 There are 0 ports with no output delay but with a timing clock defined on it or propagating through it


7. checking multiple_clock (0)
------------------------------
 There are 0 register/latch pins with multiple clocks.


8. checking generated_clocks (0)
--------------------------------
 There are 0 generated clocks that are not connected to a clock source.


9. checking loops (0)
---------------------
 There are 0 combinational loops in the design.


10. checking partial_input_delay (0)
------------------------------------
 There are 0 input ports with partial input delay specified.


11. checking partial_output_delay (0)
-------------------------------------
 There are 0 ports with partial output delay specified.


12. checking latch_loops (0)
----------------------------
 There are 0 combinational latch loops in the design through latch input



------------------------------------------------------------------------------------------------
| Design Timing Summary
| ---------------------
------------------------------------------------------------------------------------------------

    WNS(ns)      TNS(ns)  TNS Failing Endpoints  TNS Total Endpoints      WHS(ns)      THS(ns)  THS Failing Endpoints  THS Total Endpoints     WPWS(ns)     TPWS(ns)  TPWS Failing Endpoints  TPWS Total Endpoints  
    -------      -------  ---------------------  -------------------      -------      -------  ---------------------  -------------------     --------     --------  ----------------------  --------------------  
     -0.416       -3.300                     12                 8196        0.013        0.000                      0                 8196        3.750        0.000                       0                  3244  


Timing constraints are not met.


------------------------------------------------------------------------------------------------
| Clock Summary
| -------------
------------------------------------------------------------------------------------------------

Clock       Waveform(ns)       Period(ns)      Frequency(MHz)
-----       ------------       ----------      --------------
clk_fpga_0  {0.000 5.000}      10.000          100.000         


------------------------------------------------------------------------------------------------
| Intra Clock Table
| -----------------
------------------------------------------------------------------------------------------------

Clock             WNS(ns)      TNS(ns)  TNS Failing Endpoints  TNS Total Endpoints      WHS(ns)      THS(ns)  THS Failing Endpoints  THS Total Endpoints     WPWS(ns)     TPWS(ns)  TPWS Failing Endpoints  TPWS Total Endpoints  
-----             -------      -------  ---------------------  -------------------      -------      -------  ---------------------  -------------------     --------     --------  ----------------------  --------------------  
clk_fpga_0         -0.416       -3.300                     12                 8025        0.013        0.000                      0                 8025        3.750        0.000                       0                  3244  


------------------------------------------------------------------------------------------------
| Inter Clock Table
| -----------------
------------------------------------------------------------------------------------------------

From Clock    To Clock          WNS(ns)      TNS(ns)  TNS Failing Endpoints  TNS Total Endpoints      WHS(ns)      THS(ns)  THS Failing Endpoints  THS Total Endpoints  
----------    --------          -------      -------  ---------------------  -------------------      -------      -------  ---------------------  -------------------  


------------------------------------------------------------------------------------------------
| Other Path Groups Table
| -----------------------
------------------------------------------------------------------------------------------------

Path Group         From Clock         To Clock               WNS(ns)      TNS(ns)  TNS Failing Endpoints  TNS Total Endpoints      WHS(ns)      THS(ns)  THS Failing Endpoints  THS Total Endpoints  
----------         ----------         --------               -------      -------  ---------------------  -------------------      -------      -------  ---------------------  -------------------  
**async_default**  clk_fpga_0         clk_fpga_0               4.822        0.000                      0                  171        0.577        0.000                      0                  171  


------------------------------------------------------------------------------------------------
| User Ignored Path Table
| -----------------------
------------------------------------------------------------------------------------------------

Path Group    From Clock    To Clock    
----------    ----------    --------    
(none)                      clk_fpga_0    
(none)        clk_fpga_0    clk_fpga_0    


------------------------------------------------------------------------------------------------
| Unconstrained Path Table
| ------------------------
------------------------------------------------------------------------------------------------

Path Group    From Clock    To Clock    
----------    ----------    --------    
(none)                      clk_fpga_0    


------------------------------------------------------------------------------------------------
| Timing Details
| --------------
------------------------------------------------------------------------------------------------


---------------------------------------------------------------------------------------------------
From Clock:  clk_fpga_0
  To Clock:  clk_fpga_0

Setup :           12  Failing Endpoints,  Worst Slack       -0.416ns,  Total Violation       -3.300ns
Hold  :            0  Failing Endpoints,  Worst Slack        0.013ns,  Total Violation        0.000ns
PW    :            0  Failing Endpoints,  Worst Slack        3.750ns,  Total Violation        0.000ns
---------------------------------------------------------------------------------------------------


Max Delay Paths
--------------------------------------------------------------------------------------
Slack (VIOLATED) :        -0.416ns  (required time - arrival time)
  Source:                 inst_racine_carree_pipeline/xk_pipeline_reg[0]_rep[0]/C
                            (rising edge-triggered cell FDCE clocked by clk_fpga_0  {rise@0.000ns fall@5.000ns period=10.000ns})
  Destination:            inst_racine_carree_pipeline/xk_pipeline_reg[1]_rep[6]/D
                            (rising edge-triggered cell FDCE clocked by clk_fpga_0  {rise@0.000ns fall@5.000ns period=10.000ns})
  Path Group:             clk_fpga_0
  Path Type:              Setup (Max at Slow Process Corner)
  Requirement:            10.000ns  (clk_fpga_0 rise@10.000ns - clk_fpga_0 rise@0.000ns)
  Data Path Delay:        9.992ns  (logic 5.941ns (59.455%)  route 4.051ns (40.545%))
  Logic Levels:           8  (CARRY4=2 DSP48E1=1 LUT6=3 MUXF7=1 MUXF8=1)
  Clock Path Skew:        -0.057ns (DCD - SCD + CPR)
    Destination Clock Delay (DCD):    2.671ns = ( 12.672 - 10.000 ) 
    Source Clock Delay      (SCD):    2.958ns
    Clock Pessimism Removal (CPR):    0.230ns
  Clock Uncertainty:      0.154ns  ((TSJ^2 + TIJ^2)^1/2 + DJ) / 2 + PE
    Total System Jitter     (TSJ):    0.071ns
    Total Input Jitter      (TIJ):    0.300ns
    Discrete Jitter          (DJ):    0.000ns
    Phase Error              (PE):    0.000ns

    Location             Delay type                Incr(ns)  Path(ns)    Netlist Resource(s)
  -------------------------------------------------------------------    -------------------
                         (clock clk_fpga_0 rise edge)
                                                      0.000     0.000 r  
    PS7_X0Y0             PS7                          0.000     0.000 r  zynq/zynq_i/processing_system7_0/inst/PS7_i/FCLKCLK[0]
                         net (fo=1, routed)           1.193     1.193    zynq/zynq_i/processing_system7_0/inst/FCLK_CLK_unbuffered[0]
    BUFGCTRL_X0Y16       BUFG (Prop_bufg_I_O)         0.101     1.294 r  zynq/zynq_i/processing_system7_0/inst/buffer_fclk_clk_0.FCLK_CLK_0_BUFG/O
                         net (fo=3246, routed)        1.664     2.958    inst_racine_carree_pipeline/CLK
    SLICE_X42Y37         FDCE                                         r  inst_racine_carree_pipeline/xk_pipeline_reg[0]_rep[0]/C
  -------------------------------------------------------------------    -------------------
    SLICE_X42Y37         FDCE (Prop_fdce_C_Q)         0.518     3.476 r  inst_racine_carree_pipeline/xk_pipeline_reg[0]_rep[0]/Q
                         net (fo=35, routed)          1.095     4.571    inst_racine_carree_pipeline/gen_diviseur[0].diviseur_k/arg_0[0]
    SLICE_X41Y35         LUT6 (Prop_lut6_I3_O)        0.124     4.695 r  inst_racine_carree_pipeline/gen_diviseur[0].diviseur_k/arg_i_53/O
                         net (fo=1, routed)           0.000     4.695    inst_racine_carree_pipeline/gen_diviseur[0].diviseur_k/arg_i_53_n_0
    SLICE_X41Y35         MUXF7 (Prop_muxf7_I0_O)      0.238     4.933 r  inst_racine_carree_pipeline/gen_diviseur[0].diviseur_k/arg_i_35/O
                         net (fo=1, routed)           0.000     4.933    inst_racine_carree_pipeline/gen_diviseur[0].diviseur_k/arg_i_35_n_0
    SLICE_X41Y35         MUXF8 (Prop_muxf8_I0_O)      0.104     5.037 r  inst_racine_carree_pipeline/gen_diviseur[0].diviseur_k/arg_i_13/O
                         net (fo=1, routed)           0.754     5.791    inst_racine_carree_pipeline/gen_diviseur[0].diviseur_k/arg_i_13_n_0
    DSP48_X2Y14          DSP48E1 (Prop_dsp48e1_B[1]_P[8])
                                                      3.848     9.639 r  inst_racine_carree_pipeline/gen_diviseur[0].diviseur_k/arg/P[8]
                         net (fo=1, routed)           1.219    10.858    inst_racine_carree_pipeline/gen_diviseur[0].diviseur_k/arg__0[8]
    SLICE_X36Y37         LUT6 (Prop_lut6_I1_O)        0.124    10.982 r  inst_racine_carree_pipeline/gen_diviseur[0].diviseur_k/ARG_carry_i_12/O
                         net (fo=1, routed)           0.790    11.773    inst_racine_carree_pipeline/gen_diviseur[0].diviseur_k/ARG_carry_i_12_n_0
    SLICE_X39Y37         LUT6 (Prop_lut6_I1_O)        0.124    11.897 r  inst_racine_carree_pipeline/gen_diviseur[0].diviseur_k/ARG_carry_i_4/O
                         net (fo=1, routed)           0.000    11.897    inst_racine_carree_pipeline/gen_diviseur[0].diviseur_k_n_7
    SLICE_X39Y37         CARRY4 (Prop_carry4_S[0]_CO[3])
                                                      0.532    12.429 r  inst_racine_carree_pipeline/ARG_carry/CO[3]
                         net (fo=1, routed)           0.000    12.429    inst_racine_carree_pipeline/ARG_carry_n_0
    SLICE_X39Y38         CARRY4 (Prop_carry4_CI_O[3])
                                                      0.329    12.758 r  inst_racine_carree_pipeline/ARG_carry__0/O[3]
                         net (fo=2, routed)           0.193    12.950    inst_racine_carree_pipeline/ARG1_out[7]
    SLICE_X38Y38         FDCE                                         r  inst_racine_carree_pipeline/xk_pipeline_reg[1]_rep[6]/D
  -------------------------------------------------------------------    -------------------

                         (clock clk_fpga_0 rise edge)
                                                     10.000    10.000 r  
    PS7_X0Y0             PS7                          0.000    10.000 r  zynq/zynq_i/processing_system7_0/inst/PS7_i/FCLKCLK[0]
                         net (fo=1, routed)           1.088    11.088    zynq/zynq_i/processing_system7_0/inst/FCLK_CLK_unbuffered[0]
    BUFGCTRL_X0Y16       BUFG (Prop_bufg_I_O)         0.091    11.179 r  zynq/zynq_i/processing_system7_0/inst/buffer_fclk_clk_0.FCLK_CLK_0_BUFG/O
                         net (fo=3246, routed)        1.492    12.672    inst_racine_carree_pipeline/CLK
    SLICE_X38Y38         FDCE                                         r  inst_racine_carree_pipeline/xk_pipeline_reg[1]_rep[6]/C
                         clock pessimism              0.230    12.901    
                         clock uncertainty           -0.154    12.747    
    SLICE_X38Y38         FDCE (Setup_fdce_C_D)       -0.212    12.535    inst_racine_carree_pipeline/xk_pipeline_reg[1]_rep[6]
  -------------------------------------------------------------------
                         required time                         12.535    
                         arrival time                         -12.950    
  -------------------------------------------------------------------
                         slack                                 -0.416    

Slack (VIOLATED) :        -0.415ns  (required time - arrival time)
  Source:                 inst_racine_carree_pipeline/xk_pipeline_reg[0]_rep[0]/C
                            (rising edge-triggered cell FDCE clocked by clk_fpga_0  {rise@0.000ns fall@5.000ns period=10.000ns})
  Destination:            inst_racine_carree_pipeline/xk_pipeline_reg[1]_rep[4]/D
                            (rising edge-triggered cell FDCE clocked by clk_fpga_0  {rise@0.000ns fall@5.000ns period=10.000ns})
  Path Group:             clk_fpga_0
  Path Type:              Setup (Max at Slow Process Corner)
  Requirement:            10.000ns  (clk_fpga_0 rise@10.000ns - clk_fpga_0 rise@0.000ns)
  Data Path Delay:        10.012ns  (logic 5.960ns (59.530%)  route 4.052ns (40.470%))
  Logic Levels:           8  (CARRY4=2 DSP48E1=1 LUT6=3 MUXF7=1 MUXF8=1)
  Clock Path Skew:        -0.057ns (DCD - SCD + CPR)
    Destination Clock Delay (DCD):    2.671ns = ( 12.672 - 10.000 ) 
    Source Clock Delay      (SCD):    2.958ns
    Clock Pessimism Removal (CPR):    0.230ns
  Clock Uncertainty:      0.154ns  ((TSJ^2 + TIJ^2)^1/2 + DJ) / 2 + PE
    Total System Jitter     (TSJ):    0.071ns
    Total Input Jitter      (TIJ):    0.300ns
    Discrete Jitter          (DJ):    0.000ns
    Phase Error              (PE):    0.000ns

    Location             Delay type                Incr(ns)  Path(ns)    Netlist Resource(s)
  -------------------------------------------------------------------    -------------------
                         (clock clk_fpga_0 rise edge)
                                                      0.000     0.000 r  
    PS7_X0Y0             PS7                          0.000     0.000 r  zynq/zynq_i/processing_system7_0/inst/PS7_i/FCLKCLK[0]
                         net (fo=1, routed)           1.193     1.193    zynq/zynq_i/processing_system7_0/inst/FCLK_CLK_unbuffered[0]
    BUFGCTRL_X0Y16       BUFG (Prop_bufg_I_O)         0.101     1.294 r  zynq/zynq_i/processing_system7_0/inst/buffer_fclk_clk_0.FCLK_CLK_0_BUFG/O
                         net (fo=3246, routed)        1.664     2.958    inst_racine_carree_pipeline/CLK
    SLICE_X42Y37         FDCE                                         r  inst_racine_carree_pipeline/xk_pipeline_reg[0]_rep[0]/C
  -------------------------------------------------------------------    -------------------
    SLICE_X42Y37         FDCE (Prop_fdce_C_Q)         0.518     3.476 r  inst_racine_carree_pipeline/xk_pipeline_reg[0]_rep[0]/Q
                         net (fo=35, routed)          1.095     4.571    inst_racine_carree_pipeline/gen_diviseur[0].diviseur_k/arg_0[0]
    SLICE_X41Y35         LUT6 (Prop_lut6_I3_O)        0.124     4.695 r  inst_racine_carree_pipeline/gen_diviseur[0].diviseur_k/arg_i_53/O
                         net (fo=1, routed)           0.000     4.695    inst_racine_carree_pipeline/gen_diviseur[0].diviseur_k/arg_i_53_n_0
    SLICE_X41Y35         MUXF7 (Prop_muxf7_I0_O)      0.238     4.933 r  inst_racine_carree_pipeline/gen_diviseur[0].diviseur_k/arg_i_35/O
                         net (fo=1, routed)           0.000     4.933    inst_racine_carree_pipeline/gen_diviseur[0].diviseur_k/arg_i_35_n_0
    SLICE_X41Y35         MUXF8 (Prop_muxf8_I0_O)      0.104     5.037 r  inst_racine_carree_pipeline/gen_diviseur[0].diviseur_k/arg_i_13/O
                         net (fo=1, routed)           0.754     5.791    inst_racine_carree_pipeline/gen_diviseur[0].diviseur_k/arg_i_13_n_0
    DSP48_X2Y14          DSP48E1 (Prop_dsp48e1_B[1]_P[8])
                                                      3.848     9.639 r  inst_racine_carree_pipeline/gen_diviseur[0].diviseur_k/arg/P[8]
                         net (fo=1, routed)           1.219    10.858    inst_racine_carree_pipeline/gen_diviseur[0].diviseur_k/arg__0[8]
    SLICE_X36Y37         LUT6 (Prop_lut6_I1_O)        0.124    10.982 r  inst_racine_carree_pipeline/gen_diviseur[0].diviseur_k/ARG_carry_i_12/O
                         net (fo=1, routed)           0.790    11.773    inst_racine_carree_pipeline/gen_diviseur[0].diviseur_k/ARG_carry_i_12_n_0
    SLICE_X39Y37         LUT6 (Prop_lut6_I1_O)        0.124    11.897 r  inst_racine_carree_pipeline/gen_diviseur[0].diviseur_k/ARG_carry_i_4/O
                         net (fo=1, routed)           0.000    11.897    inst_racine_carree_pipeline/gen_diviseur[0].diviseur_k_n_7
    SLICE_X39Y37         CARRY4 (Prop_carry4_S[0]_CO[3])
                                                      0.532    12.429 r  inst_racine_carree_pipeline/ARG_carry/CO[3]
                         net (fo=1, routed)           0.000    12.429    inst_racine_carree_pipeline/ARG_carry_n_0
    SLICE_X39Y38         CARRY4 (Prop_carry4_CI_O[1])
                                                      0.348    12.777 r  inst_racine_carree_pipeline/ARG_carry__0/O[1]
                         net (fo=2, routed)           0.193    12.970    inst_racine_carree_pipeline/ARG1_out[5]
    SLICE_X38Y38         FDCE                                         r  inst_racine_carree_pipeline/xk_pipeline_reg[1]_rep[4]/D
  -------------------------------------------------------------------    -------------------

                         (clock clk_fpga_0 rise edge)
                                                     10.000    10.000 r  
    PS7_X0Y0             PS7                          0.000    10.000 r  zynq/zynq_i/processing_system7_0/inst/PS7_i/FCLKCLK[0]
                         net (fo=1, routed)           1.088    11.088    zynq/zynq_i/processing_system7_0/inst/FCLK_CLK_unbuffered[0]
    BUFGCTRL_X0Y16       BUFG (Prop_bufg_I_O)         0.091    11.179 r  zynq/zynq_i/processing_system7_0/inst/buffer_fclk_clk_0.FCLK_CLK_0_BUFG/O
                         net (fo=3246, routed)        1.492    12.672    inst_racine_carree_pipeline/CLK
    SLICE_X38Y38         FDCE                                         r  inst_racine_carree_pipeline/xk_pipeline_reg[1]_rep[4]/C
                         clock pessimism              0.230    12.901    
                         clock uncertainty           -0.154    12.747    
    SLICE_X38Y38         FDCE (Setup_fdce_C_D)       -0.192    12.555    inst_racine_carree_pipeline/xk_pipeline_reg[1]_rep[4]
  -------------------------------------------------------------------
                         required time                         12.555    
                         arrival time                         -12.970    
  -------------------------------------------------------------------
                         slack                                 -0.415    

Slack (VIOLATED) :        -0.401ns  (required time - arrival time)
  Source:                 inst_racine_carree_pipeline/xk_pipeline_reg[1]_rep[5]/C
                            (rising edge-triggered cell FDCE clocked by clk_fpga_0  {rise@0.000ns fall@5.000ns period=10.000ns})
  Destination:            inst_racine_carree_pipeline/xk_pipeline_reg[2][4]/D
                            (rising edge-triggered cell FDCE clocked by clk_fpga_0  {rise@0.000ns fall@5.000ns period=10.000ns})
  Path Group:             clk_fpga_0
  Path Type:              Setup (Max at Slow Process Corner)
  Requirement:            10.000ns  (clk_fpga_0 rise@10.000ns - clk_fpga_0 rise@0.000ns)
  Data Path Delay:        10.249ns  (logic 6.054ns (59.069%)  route 4.195ns (40.931%))
  Logic Levels:           8  (CARRY4=2 DSP48E1=1 LUT6=4 MUXF7=1)
  Clock Path Skew:        -0.060ns (DCD - SCD + CPR)
    Destination Clock Delay (DCD):    2.670ns = ( 12.670 - 10.000 ) 
    Source Clock Delay      (SCD):    2.960ns
    Clock Pessimism Removal (CPR):    0.230ns
  Clock Uncertainty:      0.154ns  ((TSJ^2 + TIJ^2)^1/2 + DJ) / 2 + PE
    Total System Jitter     (TSJ):    0.071ns
    Total Input Jitter      (TIJ):    0.300ns
    Discrete Jitter          (DJ):    0.000ns
    Phase Error              (PE):    0.000ns

    Location             Delay type                Incr(ns)  Path(ns)    Netlist Resource(s)
  -------------------------------------------------------------------    -------------------
                         (clock clk_fpga_0 rise edge)
                                                      0.000     0.000 r  
    PS7_X0Y0             PS7                          0.000     0.000 r  zynq/zynq_i/processing_system7_0/inst/PS7_i/FCLKCLK[0]
                         net (fo=1, routed)           1.193     1.193    zynq/zynq_i/processing_system7_0/inst/FCLK_CLK_unbuffered[0]
    BUFGCTRL_X0Y16       BUFG (Prop_bufg_I_O)         0.101     1.294 r  zynq/zynq_i/processing_system7_0/inst/buffer_fclk_clk_0.FCLK_CLK_0_BUFG/O
                         net (fo=3246, routed)        1.666     2.960    inst_racine_carree_pipeline/CLK
    SLICE_X38Y38         FDCE                                         r  inst_racine_carree_pipeline/xk_pipeline_reg[1]_rep[5]/C
  -------------------------------------------------------------------    -------------------
    SLICE_X38Y38         FDCE (Prop_fdce_C_Q)         0.478     3.438 r  inst_racine_carree_pipeline/xk_pipeline_reg[1]_rep[5]/Q
                         net (fo=23, routed)          1.376     4.814    inst_racine_carree_pipeline/gen_diviseur[1].diviseur_k/arg_0[5]
    SLICE_X35Y34         LUT6 (Prop_lut6_I0_O)        0.295     5.109 r  inst_racine_carree_pipeline/gen_diviseur[1].diviseur_k/arg_i_36/O
                         net (fo=1, routed)           0.000     5.109    inst_racine_carree_pipeline/gen_diviseur[1].diviseur_k/arg_i_36_n_0
    SLICE_X35Y34         MUXF7 (Prop_muxf7_I0_O)      0.212     5.321 r  inst_racine_carree_pipeline/gen_diviseur[1].diviseur_k/arg_i_14/O
                         net (fo=1, routed)           0.520     5.841    inst_racine_carree_pipeline/gen_diviseur[1].diviseur_k/arg_i_14_n_0
    DSP48_X2Y15          DSP48E1 (Prop_dsp48e1_B[0]_P[20])
                                                      3.831     9.672 r  inst_racine_carree_pipeline/gen_diviseur[1].diviseur_k/arg/P[20]
                         net (fo=6, routed)           1.174    10.846    inst_racine_carree_pipeline/gen_diviseur[1].diviseur_k/arg__0[20]
    SLICE_X35Y37         LUT6 (Prop_lut6_I2_O)        0.124    10.970 r  inst_racine_carree_pipeline/gen_diviseur[1].diviseur_k/i__carry_i_5/O
                         net (fo=4, routed)           0.328    11.298    inst_racine_carree_pipeline/gen_diviseur[1].diviseur_k/i__carry_i_5_n_0
    SLICE_X34Y36         LUT6 (Prop_lut6_I2_O)        0.124    11.422 r  inst_racine_carree_pipeline/gen_diviseur[1].diviseur_k/i__carry_i_14/O
                         net (fo=1, routed)           0.797    12.219    inst_racine_carree_pipeline/gen_diviseur[1].diviseur_k/i__carry_i_14_n_0
    SLICE_X35Y35         LUT6 (Prop_lut6_I4_O)        0.124    12.343 r  inst_racine_carree_pipeline/gen_diviseur[1].diviseur_k/i__carry_i_4/O
                         net (fo=1, routed)           0.000    12.343    inst_racine_carree_pipeline/gen_diviseur[1].diviseur_k_n_7
    SLICE_X35Y35         CARRY4 (Prop_carry4_S[0]_CO[3])
                                                      0.532    12.875 r  inst_racine_carree_pipeline/ARG_inferred__0/i__carry/CO[3]
                         net (fo=1, routed)           0.000    12.875    inst_racine_carree_pipeline/ARG_inferred__0/i__carry_n_0
    SLICE_X35Y36         CARRY4 (Prop_carry4_CI_O[1])
                                                      0.334    13.209 r  inst_racine_carree_pipeline/ARG_inferred__0/i__carry__0/O[1]
                         net (fo=1, routed)           0.000    13.209    inst_racine_carree_pipeline/ARG[5]
    SLICE_X35Y36         FDCE                                         r  inst_racine_carree_pipeline/xk_pipeline_reg[2][4]/D
  -------------------------------------------------------------------    -------------------

                         (clock clk_fpga_0 rise edge)
                                                     10.000    10.000 r  
    PS7_X0Y0             PS7                          0.000    10.000 r  zynq/zynq_i/processing_system7_0/inst/PS7_i/FCLKCLK[0]
                         net (fo=1, routed)           1.088    11.088    zynq/zynq_i/processing_system7_0/inst/FCLK_CLK_unbuffered[0]
    BUFGCTRL_X0Y16       BUFG (Prop_bufg_I_O)         0.091    11.179 r  zynq/zynq_i/processing_system7_0/inst/buffer_fclk_clk_0.FCLK_CLK_0_BUFG/O
                         net (fo=3246, routed)        1.491    12.670    inst_racine_carree_pipeline/CLK
    SLICE_X35Y36         FDCE                                         r  inst_racine_carree_pipeline/xk_pipeline_reg[2][4]/C
                         clock pessimism              0.230    12.900    
                         clock uncertainty           -0.154    12.746    
    SLICE_X35Y36         FDCE (Setup_fdce_C_D)        0.062    12.808    inst_racine_carree_pipeline/xk_pipeline_reg[2][4]
  -------------------------------------------------------------------
                         required time                         12.808    
                         arrival time                         -13.209    
  -------------------------------------------------------------------
                         slack                                 -0.401    

Slack (VIOLATED) :        -0.380ns  (required time - arrival time)
  Source:                 inst_racine_carree_pipeline/xk_pipeline_reg[1]_rep[5]/C
                            (rising edge-triggered cell FDCE clocked by clk_fpga_0  {rise@0.000ns fall@5.000ns period=10.000ns})
  Destination:            inst_racine_carree_pipeline/xk_pipeline_reg[2][6]/D
                            (rising edge-triggered cell FDCE clocked by clk_fpga_0  {rise@0.000ns fall@5.000ns period=10.000ns})
  Path Group:             clk_fpga_0
  Path Type:              Setup (Max at Slow Process Corner)
  Requirement:            10.000ns  (clk_fpga_0 rise@10.000ns - clk_fpga_0 rise@0.000ns)
  Data Path Delay:        10.228ns  (logic 6.033ns (58.985%)  route 4.195ns (41.015%))
  Logic Levels:           8  (CARRY4=2 DSP48E1=1 LUT6=4 MUXF7=1)
  Clock Path Skew:        -0.060ns (DCD - SCD + CPR)
    Destination Clock Delay (DCD):    2.670ns = ( 12.670 - 10.000 ) 
    Source Clock Delay      (SCD):    2.960ns
    Clock Pessimism Removal (CPR):    0.230ns
  Clock Uncertainty:      0.154ns  ((TSJ^2 + TIJ^2)^1/2 + DJ) / 2 + PE
    Total System Jitter     (TSJ):    0.071ns
    Total Input Jitter      (TIJ):    0.300ns
    Discrete Jitter          (DJ):    0.000ns
    Phase Error              (PE):    0.000ns

    Location             Delay type                Incr(ns)  Path(ns)    Netlist Resource(s)
  -------------------------------------------------------------------    -------------------
                         (clock clk_fpga_0 rise edge)
                                                      0.000     0.000 r  
    PS7_X0Y0             PS7                          0.000     0.000 r  zynq/zynq_i/processing_system7_0/inst/PS7_i/FCLKCLK[0]
                         net (fo=1, routed)           1.193     1.193    zynq/zynq_i/processing_system7_0/inst/FCLK_CLK_unbuffered[0]
    BUFGCTRL_X0Y16       BUFG (Prop_bufg_I_O)         0.101     1.294 r  zynq/zynq_i/processing_system7_0/inst/buffer_fclk_clk_0.FCLK_CLK_0_BUFG/O
                         net (fo=3246, routed)        1.666     2.960    inst_racine_carree_pipeline/CLK
    SLICE_X38Y38         FDCE                                         r  inst_racine_carree_pipeline/xk_pipeline_reg[1]_rep[5]/C
  -------------------------------------------------------------------    -------------------
    SLICE_X38Y38         FDCE (Prop_fdce_C_Q)         0.478     3.438 r  inst_racine_carree_pipeline/xk_pipeline_reg[1]_rep[5]/Q
                         net (fo=23, routed)          1.376     4.814    inst_racine_carree_pipeline/gen_diviseur[1].diviseur_k/arg_0[5]
    SLICE_X35Y34         LUT6 (Prop_lut6_I0_O)        0.295     5.109 r  inst_racine_carree_pipeline/gen_diviseur[1].diviseur_k/arg_i_36/O
                         net (fo=1, routed)           0.000     5.109    inst_racine_carree_pipeline/gen_diviseur[1].diviseur_k/arg_i_36_n_0
    SLICE_X35Y34         MUXF7 (Prop_muxf7_I0_O)      0.212     5.321 r  inst_racine_carree_pipeline/gen_diviseur[1].diviseur_k/arg_i_14/O
                         net (fo=1, routed)           0.520     5.841    inst_racine_carree_pipeline/gen_diviseur[1].diviseur_k/arg_i_14_n_0
    DSP48_X2Y15          DSP48E1 (Prop_dsp48e1_B[0]_P[20])
                                                      3.831     9.672 r  inst_racine_carree_pipeline/gen_diviseur[1].diviseur_k/arg/P[20]
                         net (fo=6, routed)           1.174    10.846    inst_racine_carree_pipeline/gen_diviseur[1].diviseur_k/arg__0[20]
    SLICE_X35Y37         LUT6 (Prop_lut6_I2_O)        0.124    10.970 r  inst_racine_carree_pipeline/gen_diviseur[1].diviseur_k/i__carry_i_5/O
                         net (fo=4, routed)           0.328    11.298    inst_racine_carree_pipeline/gen_diviseur[1].diviseur_k/i__carry_i_5_n_0
    SLICE_X34Y36         LUT6 (Prop_lut6_I2_O)        0.124    11.422 r  inst_racine_carree_pipeline/gen_diviseur[1].diviseur_k/i__carry_i_14/O
                         net (fo=1, routed)           0.797    12.219    inst_racine_carree_pipeline/gen_diviseur[1].diviseur_k/i__carry_i_14_n_0
    SLICE_X35Y35         LUT6 (Prop_lut6_I4_O)        0.124    12.343 r  inst_racine_carree_pipeline/gen_diviseur[1].diviseur_k/i__carry_i_4/O
                         net (fo=1, routed)           0.000    12.343    inst_racine_carree_pipeline/gen_diviseur[1].diviseur_k_n_7
    SLICE_X35Y35         CARRY4 (Prop_carry4_S[0]_CO[3])
                                                      0.532    12.875 r  inst_racine_carree_pipeline/ARG_inferred__0/i__carry/CO[3]
                         net (fo=1, routed)           0.000    12.875    inst_racine_carree_pipeline/ARG_inferred__0/i__carry_n_0
    SLICE_X35Y36         CARRY4 (Prop_carry4_CI_O[3])
                                                      0.313    13.188 r  inst_racine_carree_pipeline/ARG_inferred__0/i__carry__0/O[3]
                         net (fo=1, routed)           0.000    13.188    inst_racine_carree_pipeline/ARG[7]
    SLICE_X35Y36         FDCE                                         r  inst_racine_carree_pipeline/xk_pipeline_reg[2][6]/D
  -------------------------------------------------------------------    -------------------

                         (clock clk_fpga_0 rise edge)
                                                     10.000    10.000 r  
    PS7_X0Y0             PS7                          0.000    10.000 r  zynq/zynq_i/processing_system7_0/inst/PS7_i/FCLKCLK[0]
                         net (fo=1, routed)           1.088    11.088    zynq/zynq_i/processing_system7_0/inst/FCLK_CLK_unbuffered[0]
    BUFGCTRL_X0Y16       BUFG (Prop_bufg_I_O)         0.091    11.179 r  zynq/zynq_i/processing_system7_0/inst/buffer_fclk_clk_0.FCLK_CLK_0_BUFG/O
                         net (fo=3246, routed)        1.491    12.670    inst_racine_carree_pipeline/CLK
    SLICE_X35Y36         FDCE                                         r  inst_racine_carree_pipeline/xk_pipeline_reg[2][6]/C
                         clock pessimism              0.230    12.900    
                         clock uncertainty           -0.154    12.746    
    SLICE_X35Y36         FDCE (Setup_fdce_C_D)        0.062    12.808    inst_racine_carree_pipeline/xk_pipeline_reg[2][6]
  -------------------------------------------------------------------
                         required time                         12.808    
                         arrival time                         -13.188    
  -------------------------------------------------------------------
                         slack                                 -0.380    

Slack (VIOLATED) :        -0.325ns  (required time - arrival time)
  Source:                 inst_racine_carree_pipeline/xk_pipeline_reg[0]_rep[0]/C
                            (rising edge-triggered cell FDCE clocked by clk_fpga_0  {rise@0.000ns fall@5.000ns period=10.000ns})
  Destination:            inst_racine_carree_pipeline/xk_pipeline_reg[1]_rep[5]/D
                            (rising edge-triggered cell FDCE clocked by clk_fpga_0  {rise@0.000ns fall@5.000ns period=10.000ns})
  Path Group:             clk_fpga_0
  Path Type:              Setup (Max at Slow Process Corner)
  Requirement:            10.000ns  (clk_fpga_0 rise@10.000ns - clk_fpga_0 rise@0.000ns)
  Data Path Delay:        9.919ns  (logic 5.868ns (59.156%)  route 4.051ns (40.844%))
  Logic Levels:           8  (CARRY4=2 DSP48E1=1 LUT6=3 MUXF7=1 MUXF8=1)
  Clock Path Skew:        -0.057ns (DCD - SCD + CPR)
    Destination Clock Delay (DCD):    2.671ns = ( 12.672 - 10.000 ) 
    Source Clock Delay      (SCD):    2.958ns
    Clock Pessimism Removal (CPR):    0.230ns
  Clock Uncertainty:      0.154ns  ((TSJ^2 + TIJ^2)^1/2 + DJ) / 2 + PE
    Total System Jitter     (TSJ):    0.071ns
    Total Input Jitter      (TIJ):    0.300ns
    Discrete Jitter          (DJ):    0.000ns
    Phase Error              (PE):    0.000ns

    Location             Delay type                Incr(ns)  Path(ns)    Netlist Resource(s)
  -------------------------------------------------------------------    -------------------
                         (clock clk_fpga_0 rise edge)
                                                      0.000     0.000 r  
    PS7_X0Y0             PS7                          0.000     0.000 r  zynq/zynq_i/processing_system7_0/inst/PS7_i/FCLKCLK[0]
                         net (fo=1, routed)           1.193     1.193    zynq/zynq_i/processing_system7_0/inst/FCLK_CLK_unbuffered[0]
    BUFGCTRL_X0Y16       BUFG (Prop_bufg_I_O)         0.101     1.294 r  zynq/zynq_i/processing_system7_0/inst/buffer_fclk_clk_0.FCLK_CLK_0_BUFG/O
                         net (fo=3246, routed)        1.664     2.958    inst_racine_carree_pipeline/CLK
    SLICE_X42Y37         FDCE                                         r  inst_racine_carree_pipeline/xk_pipeline_reg[0]_rep[0]/C
  -------------------------------------------------------------------    -------------------
    SLICE_X42Y37         FDCE (Prop_fdce_C_Q)         0.518     3.476 r  inst_racine_carree_pipeline/xk_pipeline_reg[0]_rep[0]/Q
                         net (fo=35, routed)          1.095     4.571    inst_racine_carree_pipeline/gen_diviseur[0].diviseur_k/arg_0[0]
    SLICE_X41Y35         LUT6 (Prop_lut6_I3_O)        0.124     4.695 r  inst_racine_carree_pipeline/gen_diviseur[0].diviseur_k/arg_i_53/O
                         net (fo=1, routed)           0.000     4.695    inst_racine_carree_pipeline/gen_diviseur[0].diviseur_k/arg_i_53_n_0
    SLICE_X41Y35         MUXF7 (Prop_muxf7_I0_O)      0.238     4.933 r  inst_racine_carree_pipeline/gen_diviseur[0].diviseur_k/arg_i_35/O
                         net (fo=1, routed)           0.000     4.933    inst_racine_carree_pipeline/gen_diviseur[0].diviseur_k/arg_i_35_n_0
    SLICE_X41Y35         MUXF8 (Prop_muxf8_I0_O)      0.104     5.037 r  inst_racine_carree_pipeline/gen_diviseur[0].diviseur_k/arg_i_13/O
                         net (fo=1, routed)           0.754     5.791    inst_racine_carree_pipeline/gen_diviseur[0].diviseur_k/arg_i_13_n_0
    DSP48_X2Y14          DSP48E1 (Prop_dsp48e1_B[1]_P[8])
                                                      3.848     9.639 r  inst_racine_carree_pipeline/gen_diviseur[0].diviseur_k/arg/P[8]
                         net (fo=1, routed)           1.219    10.858    inst_racine_carree_pipeline/gen_diviseur[0].diviseur_k/arg__0[8]
    SLICE_X36Y37         LUT6 (Prop_lut6_I1_O)        0.124    10.982 r  inst_racine_carree_pipeline/gen_diviseur[0].diviseur_k/ARG_carry_i_12/O
                         net (fo=1, routed)           0.790    11.773    inst_racine_carree_pipeline/gen_diviseur[0].diviseur_k/ARG_carry_i_12_n_0
    SLICE_X39Y37         LUT6 (Prop_lut6_I1_O)        0.124    11.897 r  inst_racine_carree_pipeline/gen_diviseur[0].diviseur_k/ARG_carry_i_4/O
                         net (fo=1, routed)           0.000    11.897    inst_racine_carree_pipeline/gen_diviseur[0].diviseur_k_n_7
    SLICE_X39Y37         CARRY4 (Prop_carry4_S[0]_CO[3])
                                                      0.532    12.429 r  inst_racine_carree_pipeline/ARG_carry/CO[3]
                         net (fo=1, routed)           0.000    12.429    inst_racine_carree_pipeline/ARG_carry_n_0
    SLICE_X39Y38         CARRY4 (Prop_carry4_CI_O[2])
                                                      0.256    12.685 r  inst_racine_carree_pipeline/ARG_carry__0/O[2]
                         net (fo=2, routed)           0.193    12.877    inst_racine_carree_pipeline/ARG1_out[6]
    SLICE_X38Y38         FDCE                                         r  inst_racine_carree_pipeline/xk_pipeline_reg[1]_rep[5]/D
  -------------------------------------------------------------------    -------------------

                         (clock clk_fpga_0 rise edge)
                                                     10.000    10.000 r  
    PS7_X0Y0             PS7                          0.000    10.000 r  zynq/zynq_i/processing_system7_0/inst/PS7_i/FCLKCLK[0]
                         net (fo=1, routed)           1.088    11.088    zynq/zynq_i/processing_system7_0/inst/FCLK_CLK_unbuffered[0]
    BUFGCTRL_X0Y16       BUFG (Prop_bufg_I_O)         0.091    11.179 r  zynq/zynq_i/processing_system7_0/inst/buffer_fclk_clk_0.FCLK_CLK_0_BUFG/O
                         net (fo=3246, routed)        1.492    12.672    inst_racine_carree_pipeline/CLK
    SLICE_X38Y38         FDCE                                         r  inst_racine_carree_pipeline/xk_pipeline_reg[1]_rep[5]/C
                         clock pessimism              0.230    12.901    
                         clock uncertainty           -0.154    12.747    
    SLICE_X38Y38         FDCE (Setup_fdce_C_D)       -0.194    12.553    inst_racine_carree_pipeline/xk_pipeline_reg[1]_rep[5]
  -------------------------------------------------------------------
                         required time                         12.553    
                         arrival time                         -12.877    
  -------------------------------------------------------------------
                         slack                                 -0.325    

Slack (VIOLATED) :        -0.306ns  (required time - arrival time)
  Source:                 inst_racine_carree_pipeline/xk_pipeline_reg[1]_rep[5]/C
                            (rising edge-triggered cell FDCE clocked by clk_fpga_0  {rise@0.000ns fall@5.000ns period=10.000ns})
  Destination:            inst_racine_carree_pipeline/xk_pipeline_reg[2][5]/D
                            (rising edge-triggered cell FDCE clocked by clk_fpga_0  {rise@0.000ns fall@5.000ns period=10.000ns})
  Path Group:             clk_fpga_0
  Path Type:              Setup (Max at Slow Process Corner)
  Requirement:            10.000ns  (clk_fpga_0 rise@10.000ns - clk_fpga_0 rise@0.000ns)
  Data Path Delay:        10.154ns  (logic 5.959ns (58.686%)  route 4.195ns (41.314%))
  Logic Levels:           8  (CARRY4=2 DSP48E1=1 LUT6=4 MUXF7=1)
  Clock Path Skew:        -0.060ns (DCD - SCD + CPR)
    Destination Clock Delay (DCD):    2.670ns = ( 12.670 - 10.000 ) 
    Source Clock Delay      (SCD):    2.960ns
    Clock Pessimism Removal (CPR):    0.230ns
  Clock Uncertainty:      0.154ns  ((TSJ^2 + TIJ^2)^1/2 + DJ) / 2 + PE
    Total System Jitter     (TSJ):    0.071ns
    Total Input Jitter      (TIJ):    0.300ns
    Discrete Jitter          (DJ):    0.000ns
    Phase Error              (PE):    0.000ns

    Location             Delay type                Incr(ns)  Path(ns)    Netlist Resource(s)
  -------------------------------------------------------------------    -------------------
                         (clock clk_fpga_0 rise edge)
                                                      0.000     0.000 r  
    PS7_X0Y0             PS7                          0.000     0.000 r  zynq/zynq_i/processing_system7_0/inst/PS7_i/FCLKCLK[0]
                         net (fo=1, routed)           1.193     1.193    zynq/zynq_i/processing_system7_0/inst/FCLK_CLK_unbuffered[0]
    BUFGCTRL_X0Y16       BUFG (Prop_bufg_I_O)         0.101     1.294 r  zynq/zynq_i/processing_system7_0/inst/buffer_fclk_clk_0.FCLK_CLK_0_BUFG/O
                         net (fo=3246, routed)        1.666     2.960    inst_racine_carree_pipeline/CLK
    SLICE_X38Y38         FDCE                                         r  inst_racine_carree_pipeline/xk_pipeline_reg[1]_rep[5]/C
  -------------------------------------------------------------------    -------------------
    SLICE_X38Y38         FDCE (Prop_fdce_C_Q)         0.478     3.438 r  inst_racine_carree_pipeline/xk_pipeline_reg[1]_rep[5]/Q
                         net (fo=23, routed)          1.376     4.814    inst_racine_carree_pipeline/gen_diviseur[1].diviseur_k/arg_0[5]
    SLICE_X35Y34         LUT6 (Prop_lut6_I0_O)        0.295     5.109 r  inst_racine_carree_pipeline/gen_diviseur[1].diviseur_k/arg_i_36/O
                         net (fo=1, routed)           0.000     5.109    inst_racine_carree_pipeline/gen_diviseur[1].diviseur_k/arg_i_36_n_0
    SLICE_X35Y34         MUXF7 (Prop_muxf7_I0_O)      0.212     5.321 r  inst_racine_carree_pipeline/gen_diviseur[1].diviseur_k/arg_i_14/O
                         net (fo=1, routed)           0.520     5.841    inst_racine_carree_pipeline/gen_diviseur[1].diviseur_k/arg_i_14_n_0
    DSP48_X2Y15          DSP48E1 (Prop_dsp48e1_B[0]_P[20])
                                                      3.831     9.672 r  inst_racine_carree_pipeline/gen_diviseur[1].diviseur_k/arg/P[20]
                         net (fo=6, routed)           1.174    10.846    inst_racine_carree_pipeline/gen_diviseur[1].diviseur_k/arg__0[20]
    SLICE_X35Y37         LUT6 (Prop_lut6_I2_O)        0.124    10.970 r  inst_racine_carree_pipeline/gen_diviseur[1].diviseur_k/i__carry_i_5/O
                         net (fo=4, routed)           0.328    11.298    inst_racine_carree_pipeline/gen_diviseur[1].diviseur_k/i__carry_i_5_n_0
    SLICE_X34Y36         LUT6 (Prop_lut6_I2_O)        0.124    11.422 r  inst_racine_carree_pipeline/gen_diviseur[1].diviseur_k/i__carry_i_14/O
                         net (fo=1, routed)           0.797    12.219    inst_racine_carree_pipeline/gen_diviseur[1].diviseur_k/i__carry_i_14_n_0
    SLICE_X35Y35         LUT6 (Prop_lut6_I4_O)        0.124    12.343 r  inst_racine_carree_pipeline/gen_diviseur[1].diviseur_k/i__carry_i_4/O
                         net (fo=1, routed)           0.000    12.343    inst_racine_carree_pipeline/gen_diviseur[1].diviseur_k_n_7
    SLICE_X35Y35         CARRY4 (Prop_carry4_S[0]_CO[3])
                                                      0.532    12.875 r  inst_racine_carree_pipeline/ARG_inferred__0/i__carry/CO[3]
                         net (fo=1, routed)           0.000    12.875    inst_racine_carree_pipeline/ARG_inferred__0/i__carry_n_0
    SLICE_X35Y36         CARRY4 (Prop_carry4_CI_O[2])
                                                      0.239    13.114 r  inst_racine_carree_pipeline/ARG_inferred__0/i__carry__0/O[2]
                         net (fo=1, routed)           0.000    13.114    inst_racine_carree_pipeline/ARG[6]
    SLICE_X35Y36         FDCE                                         r  inst_racine_carree_pipeline/xk_pipeline_reg[2][5]/D
  -------------------------------------------------------------------    -------------------

                         (clock clk_fpga_0 rise edge)
                                                     10.000    10.000 r  
    PS7_X0Y0             PS7                          0.000    10.000 r  zynq/zynq_i/processing_system7_0/inst/PS7_i/FCLKCLK[0]
                         net (fo=1, routed)           1.088    11.088    zynq/zynq_i/processing_system7_0/inst/FCLK_CLK_unbuffered[0]
    BUFGCTRL_X0Y16       BUFG (Prop_bufg_I_O)         0.091    11.179 r  zynq/zynq_i/processing_system7_0/inst/buffer_fclk_clk_0.FCLK_CLK_0_BUFG/O
                         net (fo=3246, routed)        1.491    12.670    inst_racine_carree_pipeline/CLK
    SLICE_X35Y36         FDCE                                         r  inst_racine_carree_pipeline/xk_pipeline_reg[2][5]/C
                         clock pessimism              0.230    12.900    
                         clock uncertainty           -0.154    12.746    
    SLICE_X35Y36         FDCE (Setup_fdce_C_D)        0.062    12.808    inst_racine_carree_pipeline/xk_pipeline_reg[2][5]
  -------------------------------------------------------------------
                         required time                         12.808    
                         arrival time                         -13.114    
  -------------------------------------------------------------------
                         slack                                 -0.306    

Slack (VIOLATED) :        -0.298ns  (required time - arrival time)
  Source:                 inst_racine_carree_pipeline/xk_pipeline_reg[0]_rep[0]/C
                            (rising edge-triggered cell FDCE clocked by clk_fpga_0  {rise@0.000ns fall@5.000ns period=10.000ns})
  Destination:            inst_racine_carree_pipeline/xk_pipeline_reg[1]_rep[3]/D
                            (rising edge-triggered cell FDCE clocked by clk_fpga_0  {rise@0.000ns fall@5.000ns period=10.000ns})
  Path Group:             clk_fpga_0
  Path Type:              Setup (Max at Slow Process Corner)
  Requirement:            10.000ns  (clk_fpga_0 rise@10.000ns - clk_fpga_0 rise@0.000ns)
  Data Path Delay:        9.899ns  (logic 5.847ns (59.068%)  route 4.052ns (40.932%))
  Logic Levels:           8  (CARRY4=2 DSP48E1=1 LUT6=3 MUXF7=1 MUXF8=1)
  Clock Path Skew:        -0.057ns (DCD - SCD + CPR)
    Destination Clock Delay (DCD):    2.671ns = ( 12.672 - 10.000 ) 
    Source Clock Delay      (SCD):    2.958ns
    Clock Pessimism Removal (CPR):    0.230ns
  Clock Uncertainty:      0.154ns  ((TSJ^2 + TIJ^2)^1/2 + DJ) / 2 + PE
    Total System Jitter     (TSJ):    0.071ns
    Total Input Jitter      (TIJ):    0.300ns
    Discrete Jitter          (DJ):    0.000ns
    Phase Error              (PE):    0.000ns

    Location             Delay type                Incr(ns)  Path(ns)    Netlist Resource(s)
  -------------------------------------------------------------------    -------------------
                         (clock clk_fpga_0 rise edge)
                                                      0.000     0.000 r  
    PS7_X0Y0             PS7                          0.000     0.000 r  zynq/zynq_i/processing_system7_0/inst/PS7_i/FCLKCLK[0]
                         net (fo=1, routed)           1.193     1.193    zynq/zynq_i/processing_system7_0/inst/FCLK_CLK_unbuffered[0]
    BUFGCTRL_X0Y16       BUFG (Prop_bufg_I_O)         0.101     1.294 r  zynq/zynq_i/processing_system7_0/inst/buffer_fclk_clk_0.FCLK_CLK_0_BUFG/O
                         net (fo=3246, routed)        1.664     2.958    inst_racine_carree_pipeline/CLK
    SLICE_X42Y37         FDCE                                         r  inst_racine_carree_pipeline/xk_pipeline_reg[0]_rep[0]/C
  -------------------------------------------------------------------    -------------------
    SLICE_X42Y37         FDCE (Prop_fdce_C_Q)         0.518     3.476 r  inst_racine_carree_pipeline/xk_pipeline_reg[0]_rep[0]/Q
                         net (fo=35, routed)          1.095     4.571    inst_racine_carree_pipeline/gen_diviseur[0].diviseur_k/arg_0[0]
    SLICE_X41Y35         LUT6 (Prop_lut6_I3_O)        0.124     4.695 r  inst_racine_carree_pipeline/gen_diviseur[0].diviseur_k/arg_i_53/O
                         net (fo=1, routed)           0.000     4.695    inst_racine_carree_pipeline/gen_diviseur[0].diviseur_k/arg_i_53_n_0
    SLICE_X41Y35         MUXF7 (Prop_muxf7_I0_O)      0.238     4.933 r  inst_racine_carree_pipeline/gen_diviseur[0].diviseur_k/arg_i_35/O
                         net (fo=1, routed)           0.000     4.933    inst_racine_carree_pipeline/gen_diviseur[0].diviseur_k/arg_i_35_n_0
    SLICE_X41Y35         MUXF8 (Prop_muxf8_I0_O)      0.104     5.037 r  inst_racine_carree_pipeline/gen_diviseur[0].diviseur_k/arg_i_13/O
                         net (fo=1, routed)           0.754     5.791    inst_racine_carree_pipeline/gen_diviseur[0].diviseur_k/arg_i_13_n_0
    DSP48_X2Y14          DSP48E1 (Prop_dsp48e1_B[1]_P[8])
                                                      3.848     9.639 r  inst_racine_carree_pipeline/gen_diviseur[0].diviseur_k/arg/P[8]
                         net (fo=1, routed)           1.219    10.858    inst_racine_carree_pipeline/gen_diviseur[0].diviseur_k/arg__0[8]
    SLICE_X36Y37         LUT6 (Prop_lut6_I1_O)        0.124    10.982 r  inst_racine_carree_pipeline/gen_diviseur[0].diviseur_k/ARG_carry_i_12/O
                         net (fo=1, routed)           0.790    11.773    inst_racine_carree_pipeline/gen_diviseur[0].diviseur_k/ARG_carry_i_12_n_0
    SLICE_X39Y37         LUT6 (Prop_lut6_I1_O)        0.124    11.897 r  inst_racine_carree_pipeline/gen_diviseur[0].diviseur_k/ARG_carry_i_4/O
                         net (fo=1, routed)           0.000    11.897    inst_racine_carree_pipeline/gen_diviseur[0].diviseur_k_n_7
    SLICE_X39Y37         CARRY4 (Prop_carry4_S[0]_CO[3])
                                                      0.532    12.429 r  inst_racine_carree_pipeline/ARG_carry/CO[3]
                         net (fo=1, routed)           0.000    12.429    inst_racine_carree_pipeline/ARG_carry_n_0
    SLICE_X39Y38         CARRY4 (Prop_carry4_CI_O[0])
                                                      0.235    12.664 r  inst_racine_carree_pipeline/ARG_carry__0/O[0]
                         net (fo=2, routed)           0.193    12.857    inst_racine_carree_pipeline/ARG1_out[4]
    SLICE_X38Y38         FDCE                                         r  inst_racine_carree_pipeline/xk_pipeline_reg[1]_rep[3]/D
  -------------------------------------------------------------------    -------------------

                         (clock clk_fpga_0 rise edge)
                                                     10.000    10.000 r  
    PS7_X0Y0             PS7                          0.000    10.000 r  zynq/zynq_i/processing_system7_0/inst/PS7_i/FCLKCLK[0]
                         net (fo=1, routed)           1.088    11.088    zynq/zynq_i/processing_system7_0/inst/FCLK_CLK_unbuffered[0]
    BUFGCTRL_X0Y16       BUFG (Prop_bufg_I_O)         0.091    11.179 r  zynq/zynq_i/processing_system7_0/inst/buffer_fclk_clk_0.FCLK_CLK_0_BUFG/O
                         net (fo=3246, routed)        1.492    12.672    inst_racine_carree_pipeline/CLK
    SLICE_X38Y38         FDCE                                         r  inst_racine_carree_pipeline/xk_pipeline_reg[1]_rep[3]/C
                         clock pessimism              0.230    12.901    
                         clock uncertainty           -0.154    12.747    
    SLICE_X38Y38         FDCE (Setup_fdce_C_D)       -0.188    12.559    inst_racine_carree_pipeline/xk_pipeline_reg[1]_rep[3]
  -------------------------------------------------------------------
                         required time                         12.559    
                         arrival time                         -12.857    
  -------------------------------------------------------------------
                         slack                                 -0.298    

Slack (VIOLATED) :        -0.290ns  (required time - arrival time)
  Source:                 inst_racine_carree_pipeline/xk_pipeline_reg[1]_rep[5]/C
                            (rising edge-triggered cell FDCE clocked by clk_fpga_0  {rise@0.000ns fall@5.000ns period=10.000ns})
  Destination:            inst_racine_carree_pipeline/xk_pipeline_reg[2][3]/D
                            (rising edge-triggered cell FDCE clocked by clk_fpga_0  {rise@0.000ns fall@5.000ns period=10.000ns})
  Path Group:             clk_fpga_0
  Path Type:              Setup (Max at Slow Process Corner)
  Requirement:            10.000ns  (clk_fpga_0 rise@10.000ns - clk_fpga_0 rise@0.000ns)
  Data Path Delay:        10.138ns  (logic 5.943ns (58.621%)  route 4.195ns (41.379%))
  Logic Levels:           8  (CARRY4=2 DSP48E1=1 LUT6=4 MUXF7=1)
  Clock Path Skew:        -0.060ns (DCD - SCD + CPR)
    Destination Clock Delay (DCD):    2.670ns = ( 12.670 - 10.000 ) 
    Source Clock Delay      (SCD):    2.960ns
    Clock Pessimism Removal (CPR):    0.230ns
  Clock Uncertainty:      0.154ns  ((TSJ^2 + TIJ^2)^1/2 + DJ) / 2 + PE
    Total System Jitter     (TSJ):    0.071ns
    Total Input Jitter      (TIJ):    0.300ns
    Discrete Jitter          (DJ):    0.000ns
    Phase Error              (PE):    0.000ns

    Location             Delay type                Incr(ns)  Path(ns)    Netlist Resource(s)
  -------------------------------------------------------------------    -------------------
                         (clock clk_fpga_0 rise edge)
                                                      0.000     0.000 r  
    PS7_X0Y0             PS7                          0.000     0.000 r  zynq/zynq_i/processing_system7_0/inst/PS7_i/FCLKCLK[0]
                         net (fo=1, routed)           1.193     1.193    zynq/zynq_i/processing_system7_0/inst/FCLK_CLK_unbuffered[0]
    BUFGCTRL_X0Y16       BUFG (Prop_bufg_I_O)         0.101     1.294 r  zynq/zynq_i/processing_system7_0/inst/buffer_fclk_clk_0.FCLK_CLK_0_BUFG/O
                         net (fo=3246, routed)        1.666     2.960    inst_racine_carree_pipeline/CLK
    SLICE_X38Y38         FDCE                                         r  inst_racine_carree_pipeline/xk_pipeline_reg[1]_rep[5]/C
  -------------------------------------------------------------------    -------------------
    SLICE_X38Y38         FDCE (Prop_fdce_C_Q)         0.478     3.438 r  inst_racine_carree_pipeline/xk_pipeline_reg[1]_rep[5]/Q
                         net (fo=23, routed)          1.376     4.814    inst_racine_carree_pipeline/gen_diviseur[1].diviseur_k/arg_0[5]
    SLICE_X35Y34         LUT6 (Prop_lut6_I0_O)        0.295     5.109 r  inst_racine_carree_pipeline/gen_diviseur[1].diviseur_k/arg_i_36/O
                         net (fo=1, routed)           0.000     5.109    inst_racine_carree_pipeline/gen_diviseur[1].diviseur_k/arg_i_36_n_0
    SLICE_X35Y34         MUXF7 (Prop_muxf7_I0_O)      0.212     5.321 r  inst_racine_carree_pipeline/gen_diviseur[1].diviseur_k/arg_i_14/O
                         net (fo=1, routed)           0.520     5.841    inst_racine_carree_pipeline/gen_diviseur[1].diviseur_k/arg_i_14_n_0
    DSP48_X2Y15          DSP48E1 (Prop_dsp48e1_B[0]_P[20])
                                                      3.831     9.672 r  inst_racine_carree_pipeline/gen_diviseur[1].diviseur_k/arg/P[20]
                         net (fo=6, routed)           1.174    10.846    inst_racine_carree_pipeline/gen_diviseur[1].diviseur_k/arg__0[20]
    SLICE_X35Y37         LUT6 (Prop_lut6_I2_O)        0.124    10.970 r  inst_racine_carree_pipeline/gen_diviseur[1].diviseur_k/i__carry_i_5/O
                         net (fo=4, routed)           0.328    11.298    inst_racine_carree_pipeline/gen_diviseur[1].diviseur_k/i__carry_i_5_n_0
    SLICE_X34Y36         LUT6 (Prop_lut6_I2_O)        0.124    11.422 r  inst_racine_carree_pipeline/gen_diviseur[1].diviseur_k/i__carry_i_14/O
                         net (fo=1, routed)           0.797    12.219    inst_racine_carree_pipeline/gen_diviseur[1].diviseur_k/i__carry_i_14_n_0
    SLICE_X35Y35         LUT6 (Prop_lut6_I4_O)        0.124    12.343 r  inst_racine_carree_pipeline/gen_diviseur[1].diviseur_k/i__carry_i_4/O
                         net (fo=1, routed)           0.000    12.343    inst_racine_carree_pipeline/gen_diviseur[1].diviseur_k_n_7
    SLICE_X35Y35         CARRY4 (Prop_carry4_S[0]_CO[3])
                                                      0.532    12.875 r  inst_racine_carree_pipeline/ARG_inferred__0/i__carry/CO[3]
                         net (fo=1, routed)           0.000    12.875    inst_racine_carree_pipeline/ARG_inferred__0/i__carry_n_0
    SLICE_X35Y36         CARRY4 (Prop_carry4_CI_O[0])
                                                      0.223    13.098 r  inst_racine_carree_pipeline/ARG_inferred__0/i__carry__0/O[0]
                         net (fo=1, routed)           0.000    13.098    inst_racine_carree_pipeline/ARG[4]
    SLICE_X35Y36         FDCE                                         r  inst_racine_carree_pipeline/xk_pipeline_reg[2][3]/D
  -------------------------------------------------------------------    -------------------

                         (clock clk_fpga_0 rise edge)
                                                     10.000    10.000 r  
    PS7_X0Y0             PS7                          0.000    10.000 r  zynq/zynq_i/processing_system7_0/inst/PS7_i/FCLKCLK[0]
                         net (fo=1, routed)           1.088    11.088    zynq/zynq_i/processing_system7_0/inst/FCLK_CLK_unbuffered[0]
    BUFGCTRL_X0Y16       BUFG (Prop_bufg_I_O)         0.091    11.179 r  zynq/zynq_i/processing_system7_0/inst/buffer_fclk_clk_0.FCLK_CLK_0_BUFG/O
                         net (fo=3246, routed)        1.491    12.670    inst_racine_carree_pipeline/CLK
    SLICE_X35Y36         FDCE                                         r  inst_racine_carree_pipeline/xk_pipeline_reg[2][3]/C
                         clock pessimism              0.230    12.900    
                         clock uncertainty           -0.154    12.746    
    SLICE_X35Y36         FDCE (Setup_fdce_C_D)        0.062    12.808    inst_racine_carree_pipeline/xk_pipeline_reg[2][3]
  -------------------------------------------------------------------
                         required time                         12.808    
                         arrival time                         -13.098    
  -------------------------------------------------------------------
                         slack                                 -0.290    

Slack (VIOLATED) :        -0.162ns  (required time - arrival time)
  Source:                 inst_racine_carree_pipeline/xk_pipeline_reg[0]_rep[0]/C
                            (rising edge-triggered cell FDCE clocked by clk_fpga_0  {rise@0.000ns fall@5.000ns period=10.000ns})
  Destination:            inst_racine_carree_pipeline/xk_pipeline_reg[1]_rep[2]/D
                            (rising edge-triggered cell FDCE clocked by clk_fpga_0  {rise@0.000ns fall@5.000ns period=10.000ns})
  Path Group:             clk_fpga_0
  Path Type:              Setup (Max at Slow Process Corner)
  Requirement:            10.000ns  (clk_fpga_0 rise@10.000ns - clk_fpga_0 rise@0.000ns)
  Data Path Delay:        9.737ns  (logic 5.686ns (58.393%)  route 4.051ns (41.607%))
  Logic Levels:           7  (CARRY4=1 DSP48E1=1 LUT6=3 MUXF7=1 MUXF8=1)
  Clock Path Skew:        -0.058ns (DCD - SCD + CPR)
    Destination Clock Delay (DCD):    2.670ns = ( 12.670 - 10.000 ) 
    Source Clock Delay      (SCD):    2.958ns
    Clock Pessimism Removal (CPR):    0.230ns
  Clock Uncertainty:      0.154ns  ((TSJ^2 + TIJ^2)^1/2 + DJ) / 2 + PE
    Total System Jitter     (TSJ):    0.071ns
    Total Input Jitter      (TIJ):    0.300ns
    Discrete Jitter          (DJ):    0.000ns
    Phase Error              (PE):    0.000ns

    Location             Delay type                Incr(ns)  Path(ns)    Netlist Resource(s)
  -------------------------------------------------------------------    -------------------
                         (clock clk_fpga_0 rise edge)
                                                      0.000     0.000 r  
    PS7_X0Y0             PS7                          0.000     0.000 r  zynq/zynq_i/processing_system7_0/inst/PS7_i/FCLKCLK[0]
                         net (fo=1, routed)           1.193     1.193    zynq/zynq_i/processing_system7_0/inst/FCLK_CLK_unbuffered[0]
    BUFGCTRL_X0Y16       BUFG (Prop_bufg_I_O)         0.101     1.294 r  zynq/zynq_i/processing_system7_0/inst/buffer_fclk_clk_0.FCLK_CLK_0_BUFG/O
                         net (fo=3246, routed)        1.664     2.958    inst_racine_carree_pipeline/CLK
    SLICE_X42Y37         FDCE                                         r  inst_racine_carree_pipeline/xk_pipeline_reg[0]_rep[0]/C
  -------------------------------------------------------------------    -------------------
    SLICE_X42Y37         FDCE (Prop_fdce_C_Q)         0.518     3.476 r  inst_racine_carree_pipeline/xk_pipeline_reg[0]_rep[0]/Q
                         net (fo=35, routed)          1.095     4.571    inst_racine_carree_pipeline/gen_diviseur[0].diviseur_k/arg_0[0]
    SLICE_X41Y35         LUT6 (Prop_lut6_I3_O)        0.124     4.695 r  inst_racine_carree_pipeline/gen_diviseur[0].diviseur_k/arg_i_53/O
                         net (fo=1, routed)           0.000     4.695    inst_racine_carree_pipeline/gen_diviseur[0].diviseur_k/arg_i_53_n_0
    SLICE_X41Y35         MUXF7 (Prop_muxf7_I0_O)      0.238     4.933 r  inst_racine_carree_pipeline/gen_diviseur[0].diviseur_k/arg_i_35/O
                         net (fo=1, routed)           0.000     4.933    inst_racine_carree_pipeline/gen_diviseur[0].diviseur_k/arg_i_35_n_0
    SLICE_X41Y35         MUXF8 (Prop_muxf8_I0_O)      0.104     5.037 r  inst_racine_carree_pipeline/gen_diviseur[0].diviseur_k/arg_i_13/O
                         net (fo=1, routed)           0.754     5.791    inst_racine_carree_pipeline/gen_diviseur[0].diviseur_k/arg_i_13_n_0
    DSP48_X2Y14          DSP48E1 (Prop_dsp48e1_B[1]_P[8])
                                                      3.848     9.639 r  inst_racine_carree_pipeline/gen_diviseur[0].diviseur_k/arg/P[8]
                         net (fo=1, routed)           1.219    10.858    inst_racine_carree_pipeline/gen_diviseur[0].diviseur_k/arg__0[8]
    SLICE_X36Y37         LUT6 (Prop_lut6_I1_O)        0.124    10.982 r  inst_racine_carree_pipeline/gen_diviseur[0].diviseur_k/ARG_carry_i_12/O
                         net (fo=1, routed)           0.790    11.773    inst_racine_carree_pipeline/gen_diviseur[0].diviseur_k/ARG_carry_i_12_n_0
    SLICE_X39Y37         LUT6 (Prop_lut6_I1_O)        0.124    11.897 r  inst_racine_carree_pipeline/gen_diviseur[0].diviseur_k/ARG_carry_i_4/O
                         net (fo=1, routed)           0.000    11.897    inst_racine_carree_pipeline/gen_diviseur[0].diviseur_k_n_7
    SLICE_X39Y37         CARRY4 (Prop_carry4_S[0]_O[3])
                                                      0.606    12.503 r  inst_racine_carree_pipeline/ARG_carry/O[3]
                         net (fo=2, routed)           0.193    12.695    inst_racine_carree_pipeline/ARG1_out[3]
    SLICE_X38Y37         FDCE                                         r  inst_racine_carree_pipeline/xk_pipeline_reg[1]_rep[2]/D
  -------------------------------------------------------------------    -------------------

                         (clock clk_fpga_0 rise edge)
                                                     10.000    10.000 r  
    PS7_X0Y0             PS7                          0.000    10.000 r  zynq/zynq_i/processing_system7_0/inst/PS7_i/FCLKCLK[0]
                         net (fo=1, routed)           1.088    11.088    zynq/zynq_i/processing_system7_0/inst/FCLK_CLK_unbuffered[0]
    BUFGCTRL_X0Y16       BUFG (Prop_bufg_I_O)         0.091    11.179 r  zynq/zynq_i/processing_system7_0/inst/buffer_fclk_clk_0.FCLK_CLK_0_BUFG/O
                         net (fo=3246, routed)        1.491    12.670    inst_racine_carree_pipeline/CLK
    SLICE_X38Y37         FDCE                                         r  inst_racine_carree_pipeline/xk_pipeline_reg[1]_rep[2]/C
                         clock pessimism              0.230    12.900    
                         clock uncertainty           -0.154    12.746    
    SLICE_X38Y37         FDCE (Setup_fdce_C_D)       -0.212    12.534    inst_racine_carree_pipeline/xk_pipeline_reg[1]_rep[2]
  -------------------------------------------------------------------
                         required time                         12.534    
                         arrival time                         -12.695    
  -------------------------------------------------------------------
                         slack                                 -0.162    

Slack (VIOLATED) :        -0.141ns  (required time - arrival time)
  Source:                 inst_racine_carree_pipeline/xk_pipeline_reg[1]_rep[5]/C
                            (rising edge-triggered cell FDCE clocked by clk_fpga_0  {rise@0.000ns fall@5.000ns period=10.000ns})
  Destination:            inst_racine_carree_pipeline/xk_pipeline_reg[2][2]/D
                            (rising edge-triggered cell FDCE clocked by clk_fpga_0  {rise@0.000ns fall@5.000ns period=10.000ns})
  Path Group:             clk_fpga_0
  Path Type:              Setup (Max at Slow Process Corner)
  Requirement:            10.000ns  (clk_fpga_0 rise@10.000ns - clk_fpga_0 rise@0.000ns)
  Data Path Delay:        9.989ns  (logic 5.794ns (58.003%)  route 4.195ns (41.997%))
  Logic Levels:           7  (CARRY4=1 DSP48E1=1 LUT6=4 MUXF7=1)
  Clock Path Skew:        -0.060ns (DCD - SCD + CPR)
    Destination Clock Delay (DCD):    2.670ns = ( 12.670 - 10.000 ) 
    Source Clock Delay      (SCD):    2.960ns
    Clock Pessimism Removal (CPR):    0.230ns
  Clock Uncertainty:      0.154ns  ((TSJ^2 + TIJ^2)^1/2 + DJ) / 2 + PE
    Total System Jitter     (TSJ):    0.071ns
    Total Input Jitter      (TIJ):    0.300ns
    Discrete Jitter          (DJ):    0.000ns
    Phase Error              (PE):    0.000ns

    Location             Delay type                Incr(ns)  Path(ns)    Netlist Resource(s)
  -------------------------------------------------------------------    -------------------
                         (clock clk_fpga_0 rise edge)
                                                      0.000     0.000 r  
    PS7_X0Y0             PS7                          0.000     0.000 r  zynq/zynq_i/processing_system7_0/inst/PS7_i/FCLKCLK[0]
                         net (fo=1, routed)           1.193     1.193    zynq/zynq_i/processing_system7_0/inst/FCLK_CLK_unbuffered[0]
    BUFGCTRL_X0Y16       BUFG (Prop_bufg_I_O)         0.101     1.294 r  zynq/zynq_i/processing_system7_0/inst/buffer_fclk_clk_0.FCLK_CLK_0_BUFG/O
                         net (fo=3246, routed)        1.666     2.960    inst_racine_carree_pipeline/CLK
    SLICE_X38Y38         FDCE                                         r  inst_racine_carree_pipeline/xk_pipeline_reg[1]_rep[5]/C
  -------------------------------------------------------------------    -------------------
    SLICE_X38Y38         FDCE (Prop_fdce_C_Q)         0.478     3.438 r  inst_racine_carree_pipeline/xk_pipeline_reg[1]_rep[5]/Q
                         net (fo=23, routed)          1.376     4.814    inst_racine_carree_pipeline/gen_diviseur[1].diviseur_k/arg_0[5]
    SLICE_X35Y34         LUT6 (Prop_lut6_I0_O)        0.295     5.109 r  inst_racine_carree_pipeline/gen_diviseur[1].diviseur_k/arg_i_36/O
                         net (fo=1, routed)           0.000     5.109    inst_racine_carree_pipeline/gen_diviseur[1].diviseur_k/arg_i_36_n_0
    SLICE_X35Y34         MUXF7 (Prop_muxf7_I0_O)      0.212     5.321 r  inst_racine_carree_pipeline/gen_diviseur[1].diviseur_k/arg_i_14/O
                         net (fo=1, routed)           0.520     5.841    inst_racine_carree_pipeline/gen_diviseur[1].diviseur_k/arg_i_14_n_0
    DSP48_X2Y15          DSP48E1 (Prop_dsp48e1_B[0]_P[20])
                                                      3.831     9.672 r  inst_racine_carree_pipeline/gen_diviseur[1].diviseur_k/arg/P[20]
                         net (fo=6, routed)           1.174    10.846    inst_racine_carree_pipeline/gen_diviseur[1].diviseur_k/arg__0[20]
    SLICE_X35Y37         LUT6 (Prop_lut6_I2_O)        0.124    10.970 r  inst_racine_carree_pipeline/gen_diviseur[1].diviseur_k/i__carry_i_5/O
                         net (fo=4, routed)           0.328    11.298    inst_racine_carree_pipeline/gen_diviseur[1].diviseur_k/i__carry_i_5_n_0
    SLICE_X34Y36         LUT6 (Prop_lut6_I2_O)        0.124    11.422 r  inst_racine_carree_pipeline/gen_diviseur[1].diviseur_k/i__carry_i_14/O
                         net (fo=1, routed)           0.797    12.219    inst_racine_carree_pipeline/gen_diviseur[1].diviseur_k/i__carry_i_14_n_0
    SLICE_X35Y35         LUT6 (Prop_lut6_I4_O)        0.124    12.343 r  inst_racine_carree_pipeline/gen_diviseur[1].diviseur_k/i__carry_i_4/O
                         net (fo=1, routed)           0.000    12.343    inst_racine_carree_pipeline/gen_diviseur[1].diviseur_k_n_7
    SLICE_X35Y35         CARRY4 (Prop_carry4_S[0]_O[3])
                                                      0.606    12.949 r  inst_racine_carree_pipeline/ARG_inferred__0/i__carry/O[3]
                         net (fo=1, routed)           0.000    12.949    inst_racine_carree_pipeline/ARG[3]
    SLICE_X35Y35         FDCE                                         r  inst_racine_carree_pipeline/xk_pipeline_reg[2][2]/D
  -------------------------------------------------------------------    -------------------

                         (clock clk_fpga_0 rise edge)
                                                     10.000    10.000 r  
    PS7_X0Y0             PS7                          0.000    10.000 r  zynq/zynq_i/processing_system7_0/inst/PS7_i/FCLKCLK[0]
                         net (fo=1, routed)           1.088    11.088    zynq/zynq_i/processing_system7_0/inst/FCLK_CLK_unbuffered[0]
    BUFGCTRL_X0Y16       BUFG (Prop_bufg_I_O)         0.091    11.179 r  zynq/zynq_i/processing_system7_0/inst/buffer_fclk_clk_0.FCLK_CLK_0_BUFG/O
                         net (fo=3246, routed)        1.491    12.670    inst_racine_carree_pipeline/CLK
    SLICE_X35Y35         FDCE                                         r  inst_racine_carree_pipeline/xk_pipeline_reg[2][2]/C
                         clock pessimism              0.230    12.900    
                         clock uncertainty           -0.154    12.746    
    SLICE_X35Y35         FDCE (Setup_fdce_C_D)        0.062    12.808    inst_racine_carree_pipeline/xk_pipeline_reg[2][2]
  -------------------------------------------------------------------
                         required time                         12.808    
                         arrival time                         -12.949    
  -------------------------------------------------------------------
                         slack                                 -0.141    





Min Delay Paths
--------------------------------------------------------------------------------------
Slack (MET) :             0.013ns  (arrival time - required time)
  Source:                 zynq/zynq_i/axi_mem_intercon/s00_couplers/auto_pc/inst/gen_axi4_axi3.axi3_conv_inst/USE_READ.USE_SPLIT_R.read_addr_inst/S_AXI_ALEN_Q_reg[3]/C
                            (rising edge-triggered cell FDRE clocked by clk_fpga_0  {rise@0.000ns fall@5.000ns period=10.000ns})
  Destination:            zynq/zynq_i/axi_mem_intercon/s00_couplers/auto_us/inst/gen_upsizer.gen_full_upsizer.axi_upsizer_inst/si_register_slice_inst/ar.ar_pipe/m_payload_i_reg[47]/D
                            (rising edge-triggered cell FDRE clocked by clk_fpga_0  {rise@0.000ns fall@5.000ns period=10.000ns})
  Path Group:             clk_fpga_0
  Path Type:              Hold (Min at Fast Process Corner)
  Requirement:            0.000ns  (clk_fpga_0 rise@0.000ns - clk_fpga_0 rise@0.000ns)
  Data Path Delay:        0.313ns  (logic 0.128ns (40.904%)  route 0.185ns (59.096%))
  Logic Levels:           0  
  Clock Path Skew:        0.282ns (DCD - SCD - CPR)
    Destination Clock Delay (DCD):    1.225ns
    Source Clock Delay      (SCD):    0.913ns
    Clock Pessimism Removal (CPR):    0.030ns

    Location             Delay type                Incr(ns)  Path(ns)    Netlist Resource(s)
  -------------------------------------------------------------------    -------------------
                         (clock clk_fpga_0 rise edge)
                                                      0.000     0.000 r  
    PS7_X0Y0             PS7                          0.000     0.000 r  zynq/zynq_i/processing_system7_0/inst/PS7_i/FCLKCLK[0]
                         net (fo=1, routed)           0.310     0.310    zynq/zynq_i/processing_system7_0/inst/FCLK_CLK_unbuffered[0]
    BUFGCTRL_X0Y16       BUFG (Prop_bufg_I_O)         0.026     0.336 r  zynq/zynq_i/processing_system7_0/inst/buffer_fclk_clk_0.FCLK_CLK_0_BUFG/O
                         net (fo=3246, routed)        0.577     0.913    zynq/zynq_i/axi_mem_intercon/s00_couplers/auto_pc/inst/gen_axi4_axi3.axi3_conv_inst/USE_READ.USE_SPLIT_R.read_addr_inst/aclk
    SLICE_X29Y50         FDRE                                         r  zynq/zynq_i/axi_mem_intercon/s00_couplers/auto_pc/inst/gen_axi4_axi3.axi3_conv_inst/USE_READ.USE_SPLIT_R.read_addr_inst/S_AXI_ALEN_Q_reg[3]/C
  -------------------------------------------------------------------    -------------------
    SLICE_X29Y50         FDRE (Prop_fdre_C_Q)         0.128     1.041 r  zynq/zynq_i/axi_mem_intercon/s00_couplers/auto_pc/inst/gen_axi4_axi3.axi3_conv_inst/USE_READ.USE_SPLIT_R.read_addr_inst/S_AXI_ALEN_Q_reg[3]/Q
                         net (fo=1, routed)           0.185     1.226    zynq/zynq_i/axi_mem_intercon/s00_couplers/auto_us/inst/gen_upsizer.gen_full_upsizer.axi_upsizer_inst/si_register_slice_inst/ar.ar_pipe/D[47]
    SLICE_X28Y49         FDRE                                         r  zynq/zynq_i/axi_mem_intercon/s00_couplers/auto_us/inst/gen_upsizer.gen_full_upsizer.axi_upsizer_inst/si_register_slice_inst/ar.ar_pipe/m_payload_i_reg[47]/D
  -------------------------------------------------------------------    -------------------

                         (clock clk_fpga_0 rise edge)
                                                      0.000     0.000 r  
    PS7_X0Y0             PS7                          0.000     0.000 r  zynq/zynq_i/processing_system7_0/inst/PS7_i/FCLKCLK[0]
                         net (fo=1, routed)           0.337     0.337    zynq/zynq_i/processing_system7_0/inst/FCLK_CLK_unbuffered[0]
    BUFGCTRL_X0Y16       BUFG (Prop_bufg_I_O)         0.029     0.366 r  zynq/zynq_i/processing_system7_0/inst/buffer_fclk_clk_0.FCLK_CLK_0_BUFG/O
                         net (fo=3246, routed)        0.859     1.225    zynq/zynq_i/axi_mem_intercon/s00_couplers/auto_us/inst/gen_upsizer.gen_full_upsizer.axi_upsizer_inst/si_register_slice_inst/ar.ar_pipe/out
    SLICE_X28Y49         FDRE                                         r  zynq/zynq_i/axi_mem_intercon/s00_couplers/auto_us/inst/gen_upsizer.gen_full_upsizer.axi_upsizer_inst/si_register_slice_inst/ar.ar_pipe/m_payload_i_reg[47]/C
                         clock pessimism             -0.030     1.195    
    SLICE_X28Y49         FDRE (Hold_fdre_C_D)         0.018     1.213    zynq/zynq_i/axi_mem_intercon/s00_couplers/auto_us/inst/gen_upsizer.gen_full_upsizer.axi_upsizer_inst/si_register_slice_inst/ar.ar_pipe/m_payload_i_reg[47]
  -------------------------------------------------------------------
                         required time                         -1.213    
                         arrival time                           1.226    
  -------------------------------------------------------------------
                         slack                                  0.013    

Slack (MET) :             0.030ns  (arrival time - required time)
  Source:                 zynq/zynq_i/axi_dma_0/U0/I_PRMRY_DATAMOVER/GEN_MM2S_FULL.I_MM2S_FULL_WRAPPER/I_ADDR_CNTL/sig_next_size_reg_reg[1]/C
                            (rising edge-triggered cell FDRE clocked by clk_fpga_0  {rise@0.000ns fall@5.000ns period=10.000ns})
  Destination:            zynq/zynq_i/axi_mem_intercon/s00_couplers/auto_pc/inst/gen_axi4_axi3.axi3_conv_inst/USE_READ.USE_SPLIT_R.read_addr_inst/S_AXI_ASIZE_Q_reg[1]/D
                            (rising edge-triggered cell FDRE clocked by clk_fpga_0  {rise@0.000ns fall@5.000ns period=10.000ns})
  Path Group:             clk_fpga_0
  Path Type:              Hold (Min at Fast Process Corner)
  Requirement:            0.000ns  (clk_fpga_0 rise@0.000ns - clk_fpga_0 rise@0.000ns)
  Data Path Delay:        0.378ns  (logic 0.164ns (43.358%)  route 0.214ns (56.642%))
  Logic Levels:           0  
  Clock Path Skew:        0.282ns (DCD - SCD - CPR)
    Destination Clock Delay (DCD):    1.225ns
    Source Clock Delay      (SCD):    0.913ns
    Clock Pessimism Removal (CPR):    0.030ns

    Location             Delay type                Incr(ns)  Path(ns)    Netlist Resource(s)
  -------------------------------------------------------------------    -------------------
                         (clock clk_fpga_0 rise edge)
                                                      0.000     0.000 r  
    PS7_X0Y0             PS7                          0.000     0.000 r  zynq/zynq_i/processing_system7_0/inst/PS7_i/FCLKCLK[0]
                         net (fo=1, routed)           0.310     0.310    zynq/zynq_i/processing_system7_0/inst/FCLK_CLK_unbuffered[0]
    BUFGCTRL_X0Y16       BUFG (Prop_bufg_I_O)         0.026     0.336 r  zynq/zynq_i/processing_system7_0/inst/buffer_fclk_clk_0.FCLK_CLK_0_BUFG/O
                         net (fo=3246, routed)        0.577     0.913    zynq/zynq_i/axi_dma_0/U0/I_PRMRY_DATAMOVER/GEN_MM2S_FULL.I_MM2S_FULL_WRAPPER/I_ADDR_CNTL/m_axi_mm2s_aclk
    SLICE_X30Y50         FDRE                                         r  zynq/zynq_i/axi_dma_0/U0/I_PRMRY_DATAMOVER/GEN_MM2S_FULL.I_MM2S_FULL_WRAPPER/I_ADDR_CNTL/sig_next_size_reg_reg[1]/C
  -------------------------------------------------------------------    -------------------
    SLICE_X30Y50         FDRE (Prop_fdre_C_Q)         0.164     1.077 r  zynq/zynq_i/axi_dma_0/U0/I_PRMRY_DATAMOVER/GEN_MM2S_FULL.I_MM2S_FULL_WRAPPER/I_ADDR_CNTL/sig_next_size_reg_reg[1]/Q
                         net (fo=1, routed)           0.214     1.291    zynq/zynq_i/axi_mem_intercon/s00_couplers/auto_pc/inst/gen_axi4_axi3.axi3_conv_inst/USE_READ.USE_SPLIT_R.read_addr_inst/s_axi_arsize[1]
    SLICE_X29Y47         FDRE                                         r  zynq/zynq_i/axi_mem_intercon/s00_couplers/auto_pc/inst/gen_axi4_axi3.axi3_conv_inst/USE_READ.USE_SPLIT_R.read_addr_inst/S_AXI_ASIZE_Q_reg[1]/D
  -------------------------------------------------------------------    -------------------

                         (clock clk_fpga_0 rise edge)
                                                      0.000     0.000 r  
    PS7_X0Y0             PS7                          0.000     0.000 r  zynq/zynq_i/processing_system7_0/inst/PS7_i/FCLKCLK[0]
                         net (fo=1, routed)           0.337     0.337    zynq/zynq_i/processing_system7_0/inst/FCLK_CLK_unbuffered[0]
    BUFGCTRL_X0Y16       BUFG (Prop_bufg_I_O)         0.029     0.366 r  zynq/zynq_i/processing_system7_0/inst/buffer_fclk_clk_0.FCLK_CLK_0_BUFG/O
                         net (fo=3246, routed)        0.859     1.225    zynq/zynq_i/axi_mem_intercon/s00_couplers/auto_pc/inst/gen_axi4_axi3.axi3_conv_inst/USE_READ.USE_SPLIT_R.read_addr_inst/aclk
    SLICE_X29Y47         FDRE                                         r  zynq/zynq_i/axi_mem_intercon/s00_couplers/auto_pc/inst/gen_axi4_axi3.axi3_conv_inst/USE_READ.USE_SPLIT_R.read_addr_inst/S_AXI_ASIZE_Q_reg[1]/C
                         clock pessimism             -0.030     1.195    
    SLICE_X29Y47         FDRE (Hold_fdre_C_D)         0.066     1.261    zynq/zynq_i/axi_mem_intercon/s00_couplers/auto_pc/inst/gen_axi4_axi3.axi3_conv_inst/USE_READ.USE_SPLIT_R.read_addr_inst/S_AXI_ASIZE_Q_reg[1]
  -------------------------------------------------------------------
                         required time                         -1.261    
                         arrival time                           1.291    
  -------------------------------------------------------------------
                         slack                                  0.030    

Slack (MET) :             0.033ns  (arrival time - required time)
  Source:                 zynq/zynq_i/axi_dma_0/U0/I_PRMRY_DATAMOVER/GEN_MM2S_FULL.I_MM2S_FULL_WRAPPER/I_ADDR_CNTL/sig_next_burst_reg_reg[0]/C
                            (rising edge-triggered cell FDRE clocked by clk_fpga_0  {rise@0.000ns fall@5.000ns period=10.000ns})
  Destination:            zynq/zynq_i/axi_mem_intercon/s00_couplers/auto_pc/inst/gen_axi4_axi3.axi3_conv_inst/USE_READ.USE_SPLIT_R.read_addr_inst/access_is_incr_q_reg/D
                            (rising edge-triggered cell FDRE clocked by clk_fpga_0  {rise@0.000ns fall@5.000ns period=10.000ns})
  Path Group:             clk_fpga_0
  Path Type:              Hold (Min at Fast Process Corner)
  Requirement:            0.000ns  (clk_fpga_0 rise@0.000ns - clk_fpga_0 rise@0.000ns)
  Data Path Delay:        0.385ns  (logic 0.164ns (42.584%)  route 0.221ns (57.416%))
  Logic Levels:           0  
  Clock Path Skew:        0.282ns (DCD - SCD - CPR)
    Destination Clock Delay (DCD):    1.225ns
    Source Clock Delay      (SCD):    0.913ns
    Clock Pessimism Removal (CPR):    0.030ns

    Location             Delay type                Incr(ns)  Path(ns)    Netlist Resource(s)
  -------------------------------------------------------------------    -------------------
                         (clock clk_fpga_0 rise edge)
                                                      0.000     0.000 r  
    PS7_X0Y0             PS7                          0.000     0.000 r  zynq/zynq_i/processing_system7_0/inst/PS7_i/FCLKCLK[0]
                         net (fo=1, routed)           0.310     0.310    zynq/zynq_i/processing_system7_0/inst/FCLK_CLK_unbuffered[0]
    BUFGCTRL_X0Y16       BUFG (Prop_bufg_I_O)         0.026     0.336 r  zynq/zynq_i/processing_system7_0/inst/buffer_fclk_clk_0.FCLK_CLK_0_BUFG/O
                         net (fo=3246, routed)        0.577     0.913    zynq/zynq_i/axi_dma_0/U0/I_PRMRY_DATAMOVER/GEN_MM2S_FULL.I_MM2S_FULL_WRAPPER/I_ADDR_CNTL/m_axi_mm2s_aclk
    SLICE_X30Y50         FDRE                                         r  zynq/zynq_i/axi_dma_0/U0/I_PRMRY_DATAMOVER/GEN_MM2S_FULL.I_MM2S_FULL_WRAPPER/I_ADDR_CNTL/sig_next_burst_reg_reg[0]/C
  -------------------------------------------------------------------    -------------------
    SLICE_X30Y50         FDRE (Prop_fdre_C_Q)         0.164     1.077 r  zynq/zynq_i/axi_dma_0/U0/I_PRMRY_DATAMOVER/GEN_MM2S_FULL.I_MM2S_FULL_WRAPPER/I_ADDR_CNTL/sig_next_burst_reg_reg[0]/Q
                         net (fo=2, routed)           0.221     1.298    zynq/zynq_i/axi_mem_intercon/s00_couplers/auto_pc/inst/gen_axi4_axi3.axi3_conv_inst/USE_READ.USE_SPLIT_R.read_addr_inst/s_axi_arburst[0]
    SLICE_X29Y47         FDRE                                         r  zynq/zynq_i/axi_mem_intercon/s00_couplers/auto_pc/inst/gen_axi4_axi3.axi3_conv_inst/USE_READ.USE_SPLIT_R.read_addr_inst/access_is_incr_q_reg/D
  -------------------------------------------------------------------    -------------------

                         (clock clk_fpga_0 rise edge)
                                                      0.000     0.000 r  
    PS7_X0Y0             PS7                          0.000     0.000 r  zynq/zynq_i/processing_system7_0/inst/PS7_i/FCLKCLK[0]
                         net (fo=1, routed)           0.337     0.337    zynq/zynq_i/processing_system7_0/inst/FCLK_CLK_unbuffered[0]
    BUFGCTRL_X0Y16       BUFG (Prop_bufg_I_O)         0.029     0.366 r  zynq/zynq_i/processing_system7_0/inst/buffer_fclk_clk_0.FCLK_CLK_0_BUFG/O
                         net (fo=3246, routed)        0.859     1.225    zynq/zynq_i/axi_mem_intercon/s00_couplers/auto_pc/inst/gen_axi4_axi3.axi3_conv_inst/USE_READ.USE_SPLIT_R.read_addr_inst/aclk
    SLICE_X29Y47         FDRE                                         r  zynq/zynq_i/axi_mem_intercon/s00_couplers/auto_pc/inst/gen_axi4_axi3.axi3_conv_inst/USE_READ.USE_SPLIT_R.read_addr_inst/access_is_incr_q_reg/C
                         clock pessimism             -0.030     1.195    
    SLICE_X29Y47         FDRE (Hold_fdre_C_D)         0.070     1.265    zynq/zynq_i/axi_mem_intercon/s00_couplers/auto_pc/inst/gen_axi4_axi3.axi3_conv_inst/USE_READ.USE_SPLIT_R.read_addr_inst/access_is_incr_q_reg
  -------------------------------------------------------------------
                         required time                         -1.265    
                         arrival time                           1.298    
  -------------------------------------------------------------------
                         slack                                  0.033    

Slack (MET) :             0.060ns  (arrival time - required time)
  Source:                 zynq/zynq_i/axi_dma_0/U0/I_PRMRY_DATAMOVER/GEN_MM2S_FULL.I_MM2S_FULL_WRAPPER/I_ADDR_CNTL/sig_next_addr_reg_reg[1]/C
                            (rising edge-triggered cell FDRE clocked by clk_fpga_0  {rise@0.000ns fall@5.000ns period=10.000ns})
  Destination:            zynq/zynq_i/axi_mem_intercon/s00_couplers/auto_pc/inst/gen_axi4_axi3.axi3_conv_inst/USE_READ.USE_SPLIT_R.read_addr_inst/S_AXI_AADDR_Q_reg[1]/D
                            (rising edge-triggered cell FDRE clocked by clk_fpga_0  {rise@0.000ns fall@5.000ns period=10.000ns})
  Path Group:             clk_fpga_0
  Path Type:              Hold (Min at Fast Process Corner)
  Requirement:            0.000ns  (clk_fpga_0 rise@0.000ns - clk_fpga_0 rise@0.000ns)
  Data Path Delay:        0.337ns  (logic 0.148ns (43.908%)  route 0.189ns (56.092%))
  Logic Levels:           0  
  Clock Path Skew:        0.272ns (DCD - SCD - CPR)
    Destination Clock Delay (DCD):    1.197ns
    Source Clock Delay      (SCD):    0.895ns
    Clock Pessimism Removal (CPR):    0.030ns

    Location             Delay type                Incr(ns)  Path(ns)    Netlist Resource(s)
  -------------------------------------------------------------------    -------------------
                         (clock clk_fpga_0 rise edge)
                                                      0.000     0.000 r  
    PS7_X0Y0             PS7                          0.000     0.000 r  zynq/zynq_i/processing_system7_0/inst/PS7_i/FCLKCLK[0]
                         net (fo=1, routed)           0.310     0.310    zynq/zynq_i/processing_system7_0/inst/FCLK_CLK_unbuffered[0]
    BUFGCTRL_X0Y16       BUFG (Prop_bufg_I_O)         0.026     0.336 r  zynq/zynq_i/processing_system7_0/inst/buffer_fclk_clk_0.FCLK_CLK_0_BUFG/O
                         net (fo=3246, routed)        0.559     0.895    zynq/zynq_i/axi_dma_0/U0/I_PRMRY_DATAMOVER/GEN_MM2S_FULL.I_MM2S_FULL_WRAPPER/I_ADDR_CNTL/m_axi_mm2s_aclk
    SLICE_X34Y52         FDRE                                         r  zynq/zynq_i/axi_dma_0/U0/I_PRMRY_DATAMOVER/GEN_MM2S_FULL.I_MM2S_FULL_WRAPPER/I_ADDR_CNTL/sig_next_addr_reg_reg[1]/C
  -------------------------------------------------------------------    -------------------
    SLICE_X34Y52         FDRE (Prop_fdre_C_Q)         0.148     1.043 r  zynq/zynq_i/axi_dma_0/U0/I_PRMRY_DATAMOVER/GEN_MM2S_FULL.I_MM2S_FULL_WRAPPER/I_ADDR_CNTL/sig_next_addr_reg_reg[1]/Q
                         net (fo=1, routed)           0.189     1.232    zynq/zynq_i/axi_mem_intercon/s00_couplers/auto_pc/inst/gen_axi4_axi3.axi3_conv_inst/USE_READ.USE_SPLIT_R.read_addr_inst/s_axi_araddr[1]
    SLICE_X32Y49         FDRE                                         r  zynq/zynq_i/axi_mem_intercon/s00_couplers/auto_pc/inst/gen_axi4_axi3.axi3_conv_inst/USE_READ.USE_SPLIT_R.read_addr_inst/S_AXI_AADDR_Q_reg[1]/D
  -------------------------------------------------------------------    -------------------

                         (clock clk_fpga_0 rise edge)
                                                      0.000     0.000 r  
    PS7_X0Y0             PS7                          0.000     0.000 r  zynq/zynq_i/processing_system7_0/inst/PS7_i/FCLKCLK[0]
                         net (fo=1, routed)           0.337     0.337    zynq/zynq_i/processing_system7_0/inst/FCLK_CLK_unbuffered[0]
    BUFGCTRL_X0Y16       BUFG (Prop_bufg_I_O)         0.029     0.366 r  zynq/zynq_i/processing_system7_0/inst/buffer_fclk_clk_0.FCLK_CLK_0_BUFG/O
                         net (fo=3246, routed)        0.831     1.197    zynq/zynq_i/axi_mem_intercon/s00_couplers/auto_pc/inst/gen_axi4_axi3.axi3_conv_inst/USE_READ.USE_SPLIT_R.read_addr_inst/aclk
    SLICE_X32Y49         FDRE                                         r  zynq/zynq_i/axi_mem_intercon/s00_couplers/auto_pc/inst/gen_axi4_axi3.axi3_conv_inst/USE_READ.USE_SPLIT_R.read_addr_inst/S_AXI_AADDR_Q_reg[1]/C
                         clock pessimism             -0.030     1.167    
    SLICE_X32Y49         FDRE (Hold_fdre_C_D)         0.005     1.172    zynq/zynq_i/axi_mem_intercon/s00_couplers/auto_pc/inst/gen_axi4_axi3.axi3_conv_inst/USE_READ.USE_SPLIT_R.read_addr_inst/S_AXI_AADDR_Q_reg[1]
  -------------------------------------------------------------------
                         required time                         -1.172    
                         arrival time                           1.232    
  -------------------------------------------------------------------
                         slack                                  0.060    

Slack (MET) :             0.061ns  (arrival time - required time)
  Source:                 zynq/zynq_i/axi_dma_0/U0/I_PRMRY_DATAMOVER/GEN_S2MM_FULL.I_S2MM_FULL_WRAPPER/GEN_INCLUDE_REALIGNER.I_S2MM_REALIGNER/GEN_INCLUDE_SCATTER.I_S2MM_SCATTER/I_MSSAI_SKID_BUF/sig_data_reg_out_reg[3]/C
                            (rising edge-triggered cell FDRE clocked by clk_fpga_0  {rise@0.000ns fall@5.000ns period=10.000ns})
  Destination:            zynq/zynq_i/axi_dma_0/U0/I_PRMRY_DATAMOVER/GEN_S2MM_FULL.I_S2MM_FULL_WRAPPER/GEN_ENABLE_INDET_BTT_SF.I_INDET_BTT/I_DATA_FIFO/BLK_MEM.I_SYNC_FIFOGEN_FIFO/xpm_fifo_base_inst/gen_sdpram.xpm_memory_base_inst/gen_wr_a.gen_word_narrow.mem_reg/DIADI[3]
                            (rising edge-triggered cell RAMB36E1 clocked by clk_fpga_0  {rise@0.000ns fall@5.000ns period=10.000ns})
  Path Group:             clk_fpga_0
  Path Type:              Hold (Min at Fast Process Corner)
  Requirement:            0.000ns  (clk_fpga_0 rise@0.000ns - clk_fpga_0 rise@0.000ns)
  Data Path Delay:        0.433ns  (logic 0.164ns (37.832%)  route 0.269ns (62.168%))
  Logic Levels:           0  
  Clock Path Skew:        0.076ns (DCD - SCD - CPR)
    Destination Clock Delay (DCD):    1.231ns
    Source Clock Delay      (SCD):    0.891ns
    Clock Pessimism Removal (CPR):    0.264ns

    Location             Delay type                Incr(ns)  Path(ns)    Netlist Resource(s)
  -------------------------------------------------------------------    -------------------
                         (clock clk_fpga_0 rise edge)
                                                      0.000     0.000 r  
    PS7_X0Y0             PS7                          0.000     0.000 r  zynq/zynq_i/processing_system7_0/inst/PS7_i/FCLKCLK[0]
                         net (fo=1, routed)           0.310     0.310    zynq/zynq_i/processing_system7_0/inst/FCLK_CLK_unbuffered[0]
    BUFGCTRL_X0Y16       BUFG (Prop_bufg_I_O)         0.026     0.336 r  zynq/zynq_i/processing_system7_0/inst/buffer_fclk_clk_0.FCLK_CLK_0_BUFG/O
                         net (fo=3246, routed)        0.555     0.891    zynq/zynq_i/axi_dma_0/U0/I_PRMRY_DATAMOVER/GEN_S2MM_FULL.I_S2MM_FULL_WRAPPER/GEN_INCLUDE_REALIGNER.I_S2MM_REALIGNER/GEN_INCLUDE_SCATTER.I_S2MM_SCATTER/I_MSSAI_SKID_BUF/m_axi_s2mm_aclk
    SLICE_X38Y59         FDRE                                         r  zynq/zynq_i/axi_dma_0/U0/I_PRMRY_DATAMOVER/GEN_S2MM_FULL.I_S2MM_FULL_WRAPPER/GEN_INCLUDE_REALIGNER.I_S2MM_REALIGNER/GEN_INCLUDE_SCATTER.I_S2MM_SCATTER/I_MSSAI_SKID_BUF/sig_data_reg_out_reg[3]/C
  -------------------------------------------------------------------    -------------------
    SLICE_X38Y59         FDRE (Prop_fdre_C_Q)         0.164     1.055 r  zynq/zynq_i/axi_dma_0/U0/I_PRMRY_DATAMOVER/GEN_S2MM_FULL.I_S2MM_FULL_WRAPPER/GEN_INCLUDE_REALIGNER.I_S2MM_REALIGNER/GEN_INCLUDE_SCATTER.I_S2MM_SCATTER/I_MSSAI_SKID_BUF/sig_data_reg_out_reg[3]/Q
                         net (fo=1, routed)           0.269     1.324    zynq/zynq_i/axi_dma_0/U0/I_PRMRY_DATAMOVER/GEN_S2MM_FULL.I_S2MM_FULL_WRAPPER/GEN_ENABLE_INDET_BTT_SF.I_INDET_BTT/I_DATA_FIFO/BLK_MEM.I_SYNC_FIFOGEN_FIFO/xpm_fifo_base_inst/gen_sdpram.xpm_memory_base_inst/dina[3]
    RAMB36_X2Y12         RAMB36E1                                     r  zynq/zynq_i/axi_dma_0/U0/I_PRMRY_DATAMOVER/GEN_S2MM_FULL.I_S2MM_FULL_WRAPPER/GEN_ENABLE_INDET_BTT_SF.I_INDET_BTT/I_DATA_FIFO/BLK_MEM.I_SYNC_FIFOGEN_FIFO/xpm_fifo_base_inst/gen_sdpram.xpm_memory_base_inst/gen_wr_a.gen_word_narrow.mem_reg/DIADI[3]
  -------------------------------------------------------------------    -------------------

                         (clock clk_fpga_0 rise edge)
                                                      0.000     0.000 r  
    PS7_X0Y0             PS7                          0.000     0.000 r  zynq/zynq_i/processing_system7_0/inst/PS7_i/FCLKCLK[0]
                         net (fo=1, routed)           0.337     0.337    zynq/zynq_i/processing_system7_0/inst/FCLK_CLK_unbuffered[0]
    BUFGCTRL_X0Y16       BUFG (Prop_bufg_I_O)         0.029     0.366 r  zynq/zynq_i/processing_system7_0/inst/buffer_fclk_clk_0.FCLK_CLK_0_BUFG/O
                         net (fo=3246, routed)        0.865     1.231    zynq/zynq_i/axi_dma_0/U0/I_PRMRY_DATAMOVER/GEN_S2MM_FULL.I_S2MM_FULL_WRAPPER/GEN_ENABLE_INDET_BTT_SF.I_INDET_BTT/I_DATA_FIFO/BLK_MEM.I_SYNC_FIFOGEN_FIFO/xpm_fifo_base_inst/gen_sdpram.xpm_memory_base_inst/clka
    RAMB36_X2Y12         RAMB36E1                                     r  zynq/zynq_i/axi_dma_0/U0/I_PRMRY_DATAMOVER/GEN_S2MM_FULL.I_S2MM_FULL_WRAPPER/GEN_ENABLE_INDET_BTT_SF.I_INDET_BTT/I_DATA_FIFO/BLK_MEM.I_SYNC_FIFOGEN_FIFO/xpm_fifo_base_inst/gen_sdpram.xpm_memory_base_inst/gen_wr_a.gen_word_narrow.mem_reg/CLKBWRCLK
                         clock pessimism             -0.264     0.967    
    RAMB36_X2Y12         RAMB36E1 (Hold_ramb36e1_CLKBWRCLK_DIADI[3])
                                                      0.296     1.263    zynq/zynq_i/axi_dma_0/U0/I_PRMRY_DATAMOVER/GEN_S2MM_FULL.I_S2MM_FULL_WRAPPER/GEN_ENABLE_INDET_BTT_SF.I_INDET_BTT/I_DATA_FIFO/BLK_MEM.I_SYNC_FIFOGEN_FIFO/xpm_fifo_base_inst/gen_sdpram.xpm_memory_base_inst/gen_wr_a.gen_word_narrow.mem_reg
  -------------------------------------------------------------------
                         required time                         -1.263    
                         arrival time                           1.324    
  -------------------------------------------------------------------
                         slack                                  0.061    

Slack (MET) :             0.067ns  (arrival time - required time)
  Source:                 zynq/zynq_i/axi_dma_0/U0/I_PRMRY_DATAMOVER/GEN_S2MM_FULL.I_S2MM_FULL_WRAPPER/GEN_INCLUDE_IBTTCC.I_S2MM_MSTR_IBTTCC/sig_realign_btt_reg_reg[10]/C
                            (rising edge-triggered cell FDRE clocked by clk_fpga_0  {rise@0.000ns fall@5.000ns period=10.000ns})
  Destination:            zynq/zynq_i/axi_dma_0/U0/I_PRMRY_DATAMOVER/GEN_S2MM_FULL.I_S2MM_FULL_WRAPPER/GEN_INCLUDE_REALIGNER.I_S2MM_REALIGNER/I_DRE_CNTL_FIFO/USE_SRL_FIFO.I_SYNC_FIFO/data_reg[3][8]_srl4/D
                            (rising edge-triggered cell SRL16E clocked by clk_fpga_0  {rise@0.000ns fall@5.000ns period=10.000ns})
  Path Group:             clk_fpga_0
  Path Type:              Hold (Min at Fast Process Corner)
  Requirement:            0.000ns  (clk_fpga_0 rise@0.000ns - clk_fpga_0 rise@0.000ns)
  Data Path Delay:        0.197ns  (logic 0.141ns (71.611%)  route 0.056ns (28.389%))
  Logic Levels:           0  
  Clock Path Skew:        0.013ns (DCD - SCD - CPR)
    Destination Clock Delay (DCD):    1.174ns
    Source Clock Delay      (SCD):    0.879ns
    Clock Pessimism Removal (CPR):    0.282ns

    Location             Delay type                Incr(ns)  Path(ns)    Netlist Resource(s)
  -------------------------------------------------------------------    -------------------
                         (clock clk_fpga_0 rise edge)
                                                      0.000     0.000 r  
    PS7_X0Y0             PS7                          0.000     0.000 r  zynq/zynq_i/processing_system7_0/inst/PS7_i/FCLKCLK[0]
                         net (fo=1, routed)           0.310     0.310    zynq/zynq_i/processing_system7_0/inst/FCLK_CLK_unbuffered[0]
    BUFGCTRL_X0Y16       BUFG (Prop_bufg_I_O)         0.026     0.336 r  zynq/zynq_i/processing_system7_0/inst/buffer_fclk_clk_0.FCLK_CLK_0_BUFG/O
                         net (fo=3246, routed)        0.543     0.879    zynq/zynq_i/axi_dma_0/U0/I_PRMRY_DATAMOVER/GEN_S2MM_FULL.I_S2MM_FULL_WRAPPER/GEN_INCLUDE_IBTTCC.I_S2MM_MSTR_IBTTCC/m_axi_s2mm_aclk
    SLICE_X47Y75         FDRE                                         r  zynq/zynq_i/axi_dma_0/U0/I_PRMRY_DATAMOVER/GEN_S2MM_FULL.I_S2MM_FULL_WRAPPER/GEN_INCLUDE_IBTTCC.I_S2MM_MSTR_IBTTCC/sig_realign_btt_reg_reg[10]/C
  -------------------------------------------------------------------    -------------------
    SLICE_X47Y75         FDRE (Prop_fdre_C_Q)         0.141     1.020 r  zynq/zynq_i/axi_dma_0/U0/I_PRMRY_DATAMOVER/GEN_S2MM_FULL.I_S2MM_FULL_WRAPPER/GEN_INCLUDE_IBTTCC.I_S2MM_MSTR_IBTTCC/sig_realign_btt_reg_reg[10]/Q
                         net (fo=1, routed)           0.056     1.075    zynq/zynq_i/axi_dma_0/U0/I_PRMRY_DATAMOVER/GEN_S2MM_FULL.I_S2MM_FULL_WRAPPER/GEN_INCLUDE_REALIGNER.I_S2MM_REALIGNER/I_DRE_CNTL_FIFO/USE_SRL_FIFO.I_SYNC_FIFO/in[10]
    SLICE_X46Y75         SRL16E                                       r  zynq/zynq_i/axi_dma_0/U0/I_PRMRY_DATAMOVER/GEN_S2MM_FULL.I_S2MM_FULL_WRAPPER/GEN_INCLUDE_REALIGNER.I_S2MM_REALIGNER/I_DRE_CNTL_FIFO/USE_SRL_FIFO.I_SYNC_FIFO/data_reg[3][8]_srl4/D
  -------------------------------------------------------------------    -------------------

                         (clock clk_fpga_0 rise edge)
                                                      0.000     0.000 r  
    PS7_X0Y0             PS7                          0.000     0.000 r  zynq/zynq_i/processing_system7_0/inst/PS7_i/FCLKCLK[0]
                         net (fo=1, routed)           0.337     0.337    zynq/zynq_i/processing_system7_0/inst/FCLK_CLK_unbuffered[0]
    BUFGCTRL_X0Y16       BUFG (Prop_bufg_I_O)         0.029     0.366 r  zynq/zynq_i/processing_system7_0/inst/buffer_fclk_clk_0.FCLK_CLK_0_BUFG/O
                         net (fo=3246, routed)        0.808     1.174    zynq/zynq_i/axi_dma_0/U0/I_PRMRY_DATAMOVER/GEN_S2MM_FULL.I_S2MM_FULL_WRAPPER/GEN_INCLUDE_REALIGNER.I_S2MM_REALIGNER/I_DRE_CNTL_FIFO/USE_SRL_FIFO.I_SYNC_FIFO/m_axi_s2mm_aclk
    SLICE_X46Y75         SRL16E                                       r  zynq/zynq_i/axi_dma_0/U0/I_PRMRY_DATAMOVER/GEN_S2MM_FULL.I_S2MM_FULL_WRAPPER/GEN_INCLUDE_REALIGNER.I_S2MM_REALIGNER/I_DRE_CNTL_FIFO/USE_SRL_FIFO.I_SYNC_FIFO/data_reg[3][8]_srl4/CLK
                         clock pessimism             -0.282     0.892    
    SLICE_X46Y75         SRL16E (Hold_srl16e_CLK_D)
                                                      0.117     1.009    zynq/zynq_i/axi_dma_0/U0/I_PRMRY_DATAMOVER/GEN_S2MM_FULL.I_S2MM_FULL_WRAPPER/GEN_INCLUDE_REALIGNER.I_S2MM_REALIGNER/I_DRE_CNTL_FIFO/USE_SRL_FIFO.I_SYNC_FIFO/data_reg[3][8]_srl4
  -------------------------------------------------------------------
                         required time                         -1.009    
                         arrival time                           1.075    
  -------------------------------------------------------------------
                         slack                                  0.067    

Slack (MET) :             0.069ns  (arrival time - required time)
  Source:                 zynq/zynq_i/ps7_0_axi_periph/s00_couplers/auto_pc/inst/gen_axilite.gen_b2s_conv.axilite_b2s/SI_REG/b.b_pipe/m_payload_i_reg[12]/C
                            (rising edge-triggered cell FDRE clocked by clk_fpga_0  {rise@0.000ns fall@5.000ns period=10.000ns})
  Destination:            zynq/zynq_i/processing_system7_0/inst/PS7_i/MAXIGP0BID[10]
                            (rising edge-triggered cell PS7 clocked by clk_fpga_0  {rise@0.000ns fall@5.000ns period=10.000ns})
  Path Group:             clk_fpga_0
  Path Type:              Hold (Min at Fast Process Corner)
  Requirement:            0.000ns  (clk_fpga_0 rise@0.000ns - clk_fpga_0 rise@0.000ns)
  Data Path Delay:        0.293ns  (logic 0.164ns (56.013%)  route 0.129ns (43.987%))
  Logic Levels:           0  
  Clock Path Skew:        0.224ns (DCD - SCD - CPR)
    Destination Clock Delay (DCD):    1.251ns
    Source Clock Delay      (SCD):    0.992ns
    Clock Pessimism Removal (CPR):    0.035ns

    Location             Delay type                Incr(ns)  Path(ns)    Netlist Resource(s)
  -------------------------------------------------------------------    -------------------
                         (clock clk_fpga_0 rise edge)
                                                      0.000     0.000 r  
    PS7_X0Y0             PS7                          0.000     0.000 r  zynq/zynq_i/processing_system7_0/inst/PS7_i/FCLKCLK[0]
                         net (fo=1, routed)           0.310     0.310    zynq/zynq_i/processing_system7_0/inst/FCLK_CLK_unbuffered[0]
    BUFGCTRL_X0Y16       BUFG (Prop_bufg_I_O)         0.026     0.336 r  zynq/zynq_i/processing_system7_0/inst/buffer_fclk_clk_0.FCLK_CLK_0_BUFG/O
                         net (fo=3246, routed)        0.656     0.992    zynq/zynq_i/ps7_0_axi_periph/s00_couplers/auto_pc/inst/gen_axilite.gen_b2s_conv.axilite_b2s/SI_REG/b.b_pipe/aclk
    SLICE_X26Y100        FDRE                                         r  zynq/zynq_i/ps7_0_axi_periph/s00_couplers/auto_pc/inst/gen_axilite.gen_b2s_conv.axilite_b2s/SI_REG/b.b_pipe/m_payload_i_reg[12]/C
  -------------------------------------------------------------------    -------------------
    SLICE_X26Y100        FDRE (Prop_fdre_C_Q)         0.164     1.156 r  zynq/zynq_i/ps7_0_axi_periph/s00_couplers/auto_pc/inst/gen_axilite.gen_b2s_conv.axilite_b2s/SI_REG/b.b_pipe/m_payload_i_reg[12]/Q
                         net (fo=1, routed)           0.129     1.285    zynq/zynq_i/processing_system7_0/inst/M_AXI_GP0_BID[10]
    PS7_X0Y0             PS7                                          r  zynq/zynq_i/processing_system7_0/inst/PS7_i/MAXIGP0BID[10]
  -------------------------------------------------------------------    -------------------

                         (clock clk_fpga_0 rise edge)
                                                      0.000     0.000 r  
    PS7_X0Y0             PS7                          0.000     0.000 r  zynq/zynq_i/processing_system7_0/inst/PS7_i/FCLKCLK[0]
                         net (fo=1, routed)           0.337     0.337    zynq/zynq_i/processing_system7_0/inst/FCLK_CLK_unbuffered[0]
    BUFGCTRL_X0Y16       BUFG (Prop_bufg_I_O)         0.029     0.366 r  zynq/zynq_i/processing_system7_0/inst/buffer_fclk_clk_0.FCLK_CLK_0_BUFG/O
                         net (fo=3246, routed)        0.885     1.251    zynq/zynq_i/processing_system7_0/inst/M_AXI_GP0_ACLK
    PS7_X0Y0             PS7                                          r  zynq/zynq_i/processing_system7_0/inst/PS7_i/MAXIGP0ACLK
                         clock pessimism             -0.035     1.216    
    PS7_X0Y0             PS7 (Hold_ps7_MAXIGP0ACLK_MAXIGP0BID[10])
                                                      0.000     1.216    zynq/zynq_i/processing_system7_0/inst/PS7_i
  -------------------------------------------------------------------
                         required time                         -1.216    
                         arrival time                           1.285    
  -------------------------------------------------------------------
                         slack                                  0.069    

Slack (MET) :             0.069ns  (arrival time - required time)
  Source:                 zynq/zynq_i/ps7_0_axi_periph/s00_couplers/auto_pc/inst/gen_axilite.gen_b2s_conv.axilite_b2s/SI_REG/b.b_pipe/m_payload_i_reg[10]/C
                            (rising edge-triggered cell FDRE clocked by clk_fpga_0  {rise@0.000ns fall@5.000ns period=10.000ns})
  Destination:            zynq/zynq_i/processing_system7_0/inst/PS7_i/MAXIGP0BID[8]
                            (rising edge-triggered cell PS7 clocked by clk_fpga_0  {rise@0.000ns fall@5.000ns period=10.000ns})
  Path Group:             clk_fpga_0
  Path Type:              Hold (Min at Fast Process Corner)
  Requirement:            0.000ns  (clk_fpga_0 rise@0.000ns - clk_fpga_0 rise@0.000ns)
  Data Path Delay:        0.293ns  (logic 0.164ns (56.013%)  route 0.129ns (43.987%))
  Logic Levels:           0  
  Clock Path Skew:        0.224ns (DCD - SCD - CPR)
    Destination Clock Delay (DCD):    1.251ns
    Source Clock Delay      (SCD):    0.992ns
    Clock Pessimism Removal (CPR):    0.035ns

    Location             Delay type                Incr(ns)  Path(ns)    Netlist Resource(s)
  -------------------------------------------------------------------    -------------------
                         (clock clk_fpga_0 rise edge)
                                                      0.000     0.000 r  
    PS7_X0Y0             PS7                          0.000     0.000 r  zynq/zynq_i/processing_system7_0/inst/PS7_i/FCLKCLK[0]
                         net (fo=1, routed)           0.310     0.310    zynq/zynq_i/processing_system7_0/inst/FCLK_CLK_unbuffered[0]
    BUFGCTRL_X0Y16       BUFG (Prop_bufg_I_O)         0.026     0.336 r  zynq/zynq_i/processing_system7_0/inst/buffer_fclk_clk_0.FCLK_CLK_0_BUFG/O
                         net (fo=3246, routed)        0.656     0.992    zynq/zynq_i/ps7_0_axi_periph/s00_couplers/auto_pc/inst/gen_axilite.gen_b2s_conv.axilite_b2s/SI_REG/b.b_pipe/aclk
    SLICE_X26Y100        FDRE                                         r  zynq/zynq_i/ps7_0_axi_periph/s00_couplers/auto_pc/inst/gen_axilite.gen_b2s_conv.axilite_b2s/SI_REG/b.b_pipe/m_payload_i_reg[10]/C
  -------------------------------------------------------------------    -------------------
    SLICE_X26Y100        FDRE (Prop_fdre_C_Q)         0.164     1.156 r  zynq/zynq_i/ps7_0_axi_periph/s00_couplers/auto_pc/inst/gen_axilite.gen_b2s_conv.axilite_b2s/SI_REG/b.b_pipe/m_payload_i_reg[10]/Q
                         net (fo=1, routed)           0.129     1.285    zynq/zynq_i/processing_system7_0/inst/M_AXI_GP0_BID[8]
    PS7_X0Y0             PS7                                          r  zynq/zynq_i/processing_system7_0/inst/PS7_i/MAXIGP0BID[8]
  -------------------------------------------------------------------    -------------------

                         (clock clk_fpga_0 rise edge)
                                                      0.000     0.000 r  
    PS7_X0Y0             PS7                          0.000     0.000 r  zynq/zynq_i/processing_system7_0/inst/PS7_i/FCLKCLK[0]
                         net (fo=1, routed)           0.337     0.337    zynq/zynq_i/processing_system7_0/inst/FCLK_CLK_unbuffered[0]
    BUFGCTRL_X0Y16       BUFG (Prop_bufg_I_O)         0.029     0.366 r  zynq/zynq_i/processing_system7_0/inst/buffer_fclk_clk_0.FCLK_CLK_0_BUFG/O
                         net (fo=3246, routed)        0.885     1.251    zynq/zynq_i/processing_system7_0/inst/M_AXI_GP0_ACLK
    PS7_X0Y0             PS7                                          r  zynq/zynq_i/processing_system7_0/inst/PS7_i/MAXIGP0ACLK
                         clock pessimism             -0.035     1.216    
    PS7_X0Y0             PS7 (Hold_ps7_MAXIGP0ACLK_MAXIGP0BID[8])
                                                      0.000     1.216    zynq/zynq_i/processing_system7_0/inst/PS7_i
  -------------------------------------------------------------------
                         required time                         -1.216    
                         arrival time                           1.285    
  -------------------------------------------------------------------
                         slack                                  0.069    

Slack (MET) :             0.069ns  (arrival time - required time)
  Source:                 zynq/zynq_i/axi_dma_0/U0/I_PRMRY_DATAMOVER/GEN_MM2S_FULL.I_MM2S_FULL_WRAPPER/I_ADDR_CNTL/GEN_ADDR_FIFO.I_ADDR_QUAL_FIFO/sig_init_done_reg/C
                            (rising edge-triggered cell FDRE clocked by clk_fpga_0  {rise@0.000ns fall@5.000ns period=10.000ns})
  Destination:            zynq/zynq_i/axi_dma_0/U0/I_PRMRY_DATAMOVER/GEN_MM2S_FULL.I_MM2S_FULL_WRAPPER/I_ADDR_CNTL/GEN_ADDR_FIFO.I_ADDR_QUAL_FIFO/sig_inhibit_rdy_n_reg/D
                            (rising edge-triggered cell FDRE clocked by clk_fpga_0  {rise@0.000ns fall@5.000ns period=10.000ns})
  Path Group:             clk_fpga_0
  Path Type:              Hold (Min at Fast Process Corner)
  Requirement:            0.000ns  (clk_fpga_0 rise@0.000ns - clk_fpga_0 rise@0.000ns)
  Data Path Delay:        0.451ns  (logic 0.209ns (46.358%)  route 0.242ns (53.642%))
  Logic Levels:           1  (LUT2=1)
  Clock Path Skew:        0.261ns (DCD - SCD - CPR)
    Destination Clock Delay (DCD):    1.192ns
    Source Clock Delay      (SCD):    0.901ns
    Clock Pessimism Removal (CPR):    0.030ns

    Location             Delay type                Incr(ns)  Path(ns)    Netlist Resource(s)
  -------------------------------------------------------------------    -------------------
                         (clock clk_fpga_0 rise edge)
                                                      0.000     0.000 r  
    PS7_X0Y0             PS7                          0.000     0.000 r  zynq/zynq_i/processing_system7_0/inst/PS7_i/FCLKCLK[0]
                         net (fo=1, routed)           0.310     0.310    zynq/zynq_i/processing_system7_0/inst/FCLK_CLK_unbuffered[0]
    BUFGCTRL_X0Y16       BUFG (Prop_bufg_I_O)         0.026     0.336 r  zynq/zynq_i/processing_system7_0/inst/buffer_fclk_clk_0.FCLK_CLK_0_BUFG/O
                         net (fo=3246, routed)        0.565     0.901    zynq/zynq_i/axi_dma_0/U0/I_PRMRY_DATAMOVER/GEN_MM2S_FULL.I_MM2S_FULL_WRAPPER/I_ADDR_CNTL/GEN_ADDR_FIFO.I_ADDR_QUAL_FIFO/m_axi_mm2s_aclk
    SLICE_X34Y49         FDRE                                         r  zynq/zynq_i/axi_dma_0/U0/I_PRMRY_DATAMOVER/GEN_MM2S_FULL.I_MM2S_FULL_WRAPPER/I_ADDR_CNTL/GEN_ADDR_FIFO.I_ADDR_QUAL_FIFO/sig_init_done_reg/C
  -------------------------------------------------------------------    -------------------
    SLICE_X34Y49         FDRE (Prop_fdre_C_Q)         0.164     1.065 r  zynq/zynq_i/axi_dma_0/U0/I_PRMRY_DATAMOVER/GEN_MM2S_FULL.I_MM2S_FULL_WRAPPER/I_ADDR_CNTL/GEN_ADDR_FIFO.I_ADDR_QUAL_FIFO/sig_init_done_reg/Q
                         net (fo=2, routed)           0.242     1.306    zynq/zynq_i/axi_dma_0/U0/I_PRMRY_DATAMOVER/GEN_MM2S_FULL.I_MM2S_FULL_WRAPPER/I_ADDR_CNTL/GEN_ADDR_FIFO.I_ADDR_QUAL_FIFO/sig_init_done_1
    SLICE_X34Y50         LUT2 (Prop_lut2_I0_O)        0.045     1.351 r  zynq/zynq_i/axi_dma_0/U0/I_PRMRY_DATAMOVER/GEN_MM2S_FULL.I_MM2S_FULL_WRAPPER/I_ADDR_CNTL/GEN_ADDR_FIFO.I_ADDR_QUAL_FIFO/sig_inhibit_rdy_n_i_1/O
                         net (fo=1, routed)           0.000     1.351    zynq/zynq_i/axi_dma_0/U0/I_PRMRY_DATAMOVER/GEN_MM2S_FULL.I_MM2S_FULL_WRAPPER/I_ADDR_CNTL/GEN_ADDR_FIFO.I_ADDR_QUAL_FIFO/sig_inhibit_rdy_n_i_1_n_0
    SLICE_X34Y50         FDRE                                         r  zynq/zynq_i/axi_dma_0/U0/I_PRMRY_DATAMOVER/GEN_MM2S_FULL.I_MM2S_FULL_WRAPPER/I_ADDR_CNTL/GEN_ADDR_FIFO.I_ADDR_QUAL_FIFO/sig_inhibit_rdy_n_reg/D
  -------------------------------------------------------------------    -------------------

                         (clock clk_fpga_0 rise edge)
                                                      0.000     0.000 r  
    PS7_X0Y0             PS7                          0.000     0.000 r  zynq/zynq_i/processing_system7_0/inst/PS7_i/FCLKCLK[0]
                         net (fo=1, routed)           0.337     0.337    zynq/zynq_i/processing_system7_0/inst/FCLK_CLK_unbuffered[0]
    BUFGCTRL_X0Y16       BUFG (Prop_bufg_I_O)         0.029     0.366 r  zynq/zynq_i/processing_system7_0/inst/buffer_fclk_clk_0.FCLK_CLK_0_BUFG/O
                         net (fo=3246, routed)        0.826     1.192    zynq/zynq_i/axi_dma_0/U0/I_PRMRY_DATAMOVER/GEN_MM2S_FULL.I_MM2S_FULL_WRAPPER/I_ADDR_CNTL/GEN_ADDR_FIFO.I_ADDR_QUAL_FIFO/m_axi_mm2s_aclk
    SLICE_X34Y50         FDRE                                         r  zynq/zynq_i/axi_dma_0/U0/I_PRMRY_DATAMOVER/GEN_MM2S_FULL.I_MM2S_FULL_WRAPPER/I_ADDR_CNTL/GEN_ADDR_FIFO.I_ADDR_QUAL_FIFO/sig_inhibit_rdy_n_reg/C
                         clock pessimism             -0.030     1.162    
    SLICE_X34Y50         FDRE (Hold_fdre_C_D)         0.120     1.282    zynq/zynq_i/axi_dma_0/U0/I_PRMRY_DATAMOVER/GEN_MM2S_FULL.I_MM2S_FULL_WRAPPER/I_ADDR_CNTL/GEN_ADDR_FIFO.I_ADDR_QUAL_FIFO/sig_inhibit_rdy_n_reg
  -------------------------------------------------------------------
                         required time                         -1.282    
                         arrival time                           1.351    
  -------------------------------------------------------------------
                         slack                                  0.069    

Slack (MET) :             0.072ns  (arrival time - required time)
  Source:                 zynq/zynq_i/axi_mem_intercon/s00_couplers/auto_us/inst/gen_upsizer.gen_full_upsizer.axi_upsizer_inst/USE_READ.gen_non_fifo_r_upsizer.mi_register_slice_inst/r.r_pipe/m_payload_i_reg[31]/C
                            (rising edge-triggered cell FDRE clocked by clk_fpga_0  {rise@0.000ns fall@5.000ns period=10.000ns})
  Destination:            zynq/zynq_i/axi_dma_0/U0/I_PRMRY_DATAMOVER/GEN_MM2S_FULL.I_MM2S_FULL_WRAPPER/GEN_INCLUDE_MM2S_SF.I_RD_SF/I_DATA_FIFO/BLK_MEM.I_SYNC_FIFOGEN_FIFO/xpm_fifo_base_inst/gen_sdpram.xpm_memory_base_inst/gen_wr_a.gen_word_narrow.mem_reg/DIADI[31]
                            (rising edge-triggered cell RAMB36E1 clocked by clk_fpga_0  {rise@0.000ns fall@5.000ns period=10.000ns})
  Path Group:             clk_fpga_0
  Path Type:              Hold (Min at Fast Process Corner)
  Requirement:            0.000ns  (clk_fpga_0 rise@0.000ns - clk_fpga_0 rise@0.000ns)
  Data Path Delay:        0.426ns  (logic 0.209ns (49.073%)  route 0.217ns (50.927%))
  Logic Levels:           1  (LUT4=1)
  Clock Path Skew:        0.057ns (DCD - SCD - CPR)
    Destination Clock Delay (DCD):    1.271ns
    Source Clock Delay      (SCD):    0.932ns
    Clock Pessimism Removal (CPR):    0.282ns

    Location             Delay type                Incr(ns)  Path(ns)    Netlist Resource(s)
  -------------------------------------------------------------------    -------------------
                         (clock clk_fpga_0 rise edge)
                                                      0.000     0.000 r  
    PS7_X0Y0             PS7                          0.000     0.000 r  zynq/zynq_i/processing_system7_0/inst/PS7_i/FCLKCLK[0]
                         net (fo=1, routed)           0.310     0.310    zynq/zynq_i/processing_system7_0/inst/FCLK_CLK_unbuffered[0]
    BUFGCTRL_X0Y16       BUFG (Prop_bufg_I_O)         0.026     0.336 r  zynq/zynq_i/processing_system7_0/inst/buffer_fclk_clk_0.FCLK_CLK_0_BUFG/O
                         net (fo=3246, routed)        0.596     0.932    zynq/zynq_i/axi_mem_intercon/s00_couplers/auto_us/inst/gen_upsizer.gen_full_upsizer.axi_upsizer_inst/USE_READ.gen_non_fifo_r_upsizer.mi_register_slice_inst/r.r_pipe/out
    SLICE_X22Y48         FDRE                                         r  zynq/zynq_i/axi_mem_intercon/s00_couplers/auto_us/inst/gen_upsizer.gen_full_upsizer.axi_upsizer_inst/USE_READ.gen_non_fifo_r_upsizer.mi_register_slice_inst/r.r_pipe/m_payload_i_reg[31]/C
  -------------------------------------------------------------------    -------------------
    SLICE_X22Y48         FDRE (Prop_fdre_C_Q)         0.164     1.096 r  zynq/zynq_i/axi_mem_intercon/s00_couplers/auto_us/inst/gen_upsizer.gen_full_upsizer.axi_upsizer_inst/USE_READ.gen_non_fifo_r_upsizer.mi_register_slice_inst/r.r_pipe/m_payload_i_reg[31]/Q
                         net (fo=1, routed)           0.108     1.204    zynq/zynq_i/axi_mem_intercon/s00_couplers/auto_us/inst/gen_upsizer.gen_full_upsizer.axi_upsizer_inst/USE_READ.gen_non_fifo_r_upsizer.read_data_inst/Q[31]
    SLICE_X22Y49         LUT4 (Prop_lut4_I1_O)        0.045     1.249 r  zynq/zynq_i/axi_mem_intercon/s00_couplers/auto_us/inst/gen_upsizer.gen_full_upsizer.axi_upsizer_inst/USE_READ.gen_non_fifo_r_upsizer.read_data_inst/s_axi_rdata[31]_INST_0/O
                         net (fo=1, routed)           0.109     1.357    zynq/zynq_i/axi_dma_0/U0/I_PRMRY_DATAMOVER/GEN_MM2S_FULL.I_MM2S_FULL_WRAPPER/GEN_INCLUDE_MM2S_SF.I_RD_SF/I_DATA_FIFO/BLK_MEM.I_SYNC_FIFOGEN_FIFO/xpm_fifo_base_inst/gen_sdpram.xpm_memory_base_inst/dina[31]
    RAMB36_X1Y9          RAMB36E1                                     r  zynq/zynq_i/axi_dma_0/U0/I_PRMRY_DATAMOVER/GEN_MM2S_FULL.I_MM2S_FULL_WRAPPER/GEN_INCLUDE_MM2S_SF.I_RD_SF/I_DATA_FIFO/BLK_MEM.I_SYNC_FIFOGEN_FIFO/xpm_fifo_base_inst/gen_sdpram.xpm_memory_base_inst/gen_wr_a.gen_word_narrow.mem_reg/DIADI[31]
  -------------------------------------------------------------------    -------------------

                         (clock clk_fpga_0 rise edge)
                                                      0.000     0.000 r  
    PS7_X0Y0             PS7                          0.000     0.000 r  zynq/zynq_i/processing_system7_0/inst/PS7_i/FCLKCLK[0]
                         net (fo=1, routed)           0.337     0.337    zynq/zynq_i/processing_system7_0/inst/FCLK_CLK_unbuffered[0]
    BUFGCTRL_X0Y16       BUFG (Prop_bufg_I_O)         0.029     0.366 r  zynq/zynq_i/processing_system7_0/inst/buffer_fclk_clk_0.FCLK_CLK_0_BUFG/O
                         net (fo=3246, routed)        0.905     1.271    zynq/zynq_i/axi_dma_0/U0/I_PRMRY_DATAMOVER/GEN_MM2S_FULL.I_MM2S_FULL_WRAPPER/GEN_INCLUDE_MM2S_SF.I_RD_SF/I_DATA_FIFO/BLK_MEM.I_SYNC_FIFOGEN_FIFO/xpm_fifo_base_inst/gen_sdpram.xpm_memory_base_inst/clka
    RAMB36_X1Y9          RAMB36E1                                     r  zynq/zynq_i/axi_dma_0/U0/I_PRMRY_DATAMOVER/GEN_MM2S_FULL.I_MM2S_FULL_WRAPPER/GEN_INCLUDE_MM2S_SF.I_RD_SF/I_DATA_FIFO/BLK_MEM.I_SYNC_FIFOGEN_FIFO/xpm_fifo_base_inst/gen_sdpram.xpm_memory_base_inst/gen_wr_a.gen_word_narrow.mem_reg/CLKBWRCLK
                         clock pessimism             -0.282     0.989    
    RAMB36_X1Y9          RAMB36E1 (Hold_ramb36e1_CLKBWRCLK_DIADI[31])
                                                      0.296     1.285    zynq/zynq_i/axi_dma_0/U0/I_PRMRY_DATAMOVER/GEN_MM2S_FULL.I_MM2S_FULL_WRAPPER/GEN_INCLUDE_MM2S_SF.I_RD_SF/I_DATA_FIFO/BLK_MEM.I_SYNC_FIFOGEN_FIFO/xpm_fifo_base_inst/gen_sdpram.xpm_memory_base_inst/gen_wr_a.gen_word_narrow.mem_reg
  -------------------------------------------------------------------
                         required time                         -1.285    
                         arrival time                           1.357    
  -------------------------------------------------------------------
                         slack                                  0.072    





Pulse Width Checks
--------------------------------------------------------------------------------------
Clock Name:         clk_fpga_0
Waveform(ns):       { 0.000 5.000 }
Period(ns):         10.000
Sources:            { zynq/zynq_i/processing_system7_0/inst/PS7_i/FCLKCLK[0] }

Check Type        Corner  Lib Pin             Reference Pin  Required(ns)  Actual(ns)  Slack(ns)  Location        Pin
Min Period        n/a     RAMB36E1/CLKARDCLK  n/a            2.576         10.000      7.424      RAMB36_X1Y9     zynq/zynq_i/axi_dma_0/U0/I_PRMRY_DATAMOVER/GEN_MM2S_FULL.I_MM2S_FULL_WRAPPER/GEN_INCLUDE_MM2S_SF.I_RD_SF/I_DATA_FIFO/BLK_MEM.I_SYNC_FIFOGEN_FIFO/xpm_fifo_base_inst/gen_sdpram.xpm_memory_base_inst/gen_wr_a.gen_word_narrow.mem_reg/CLKARDCLK
Min Period        n/a     RAMB36E1/CLKBWRCLK  n/a            2.576         10.000      7.424      RAMB36_X1Y9     zynq/zynq_i/axi_dma_0/U0/I_PRMRY_DATAMOVER/GEN_MM2S_FULL.I_MM2S_FULL_WRAPPER/GEN_INCLUDE_MM2S_SF.I_RD_SF/I_DATA_FIFO/BLK_MEM.I_SYNC_FIFOGEN_FIFO/xpm_fifo_base_inst/gen_sdpram.xpm_memory_base_inst/gen_wr_a.gen_word_narrow.mem_reg/CLKBWRCLK
Min Period        n/a     RAMB36E1/CLKARDCLK  n/a            2.576         10.000      7.424      RAMB36_X2Y12    zynq/zynq_i/axi_dma_0/U0/I_PRMRY_DATAMOVER/GEN_S2MM_FULL.I_S2MM_FULL_WRAPPER/GEN_ENABLE_INDET_BTT_SF.I_INDET_BTT/I_DATA_FIFO/BLK_MEM.I_SYNC_FIFOGEN_FIFO/xpm_fifo_base_inst/gen_sdpram.xpm_memory_base_inst/gen_wr_a.gen_word_narrow.mem_reg/CLKARDCLK
Min Period        n/a     RAMB36E1/CLKBWRCLK  n/a            2.576         10.000      7.424      RAMB36_X2Y12    zynq/zynq_i/axi_dma_0/U0/I_PRMRY_DATAMOVER/GEN_S2MM_FULL.I_S2MM_FULL_WRAPPER/GEN_ENABLE_INDET_BTT_SF.I_INDET_BTT/I_DATA_FIFO/BLK_MEM.I_SYNC_FIFOGEN_FIFO/xpm_fifo_base_inst/gen_sdpram.xpm_memory_base_inst/gen_wr_a.gen_word_narrow.mem_reg/CLKBWRCLK
Min Period        n/a     BUFG/I              n/a            2.155         10.000      7.845      BUFGCTRL_X0Y16  zynq/zynq_i/processing_system7_0/inst/buffer_fclk_clk_0.FCLK_CLK_0_BUFG/I
Min Period        n/a     FDCE/C              n/a            1.000         10.000      9.000      SLICE_X34Y37    inst_racine_carree_pipeline/A_pipeline_reg[0][0]/C
Min Period        n/a     FDCE/C              n/a            1.000         10.000      9.000      SLICE_X34Y38    inst_racine_carree_pipeline/A_pipeline_reg[0][10]/C
Min Period        n/a     FDCE/C              n/a            1.000         10.000      9.000      SLICE_X31Y38    inst_racine_carree_pipeline/A_pipeline_reg[0][11]/C
Min Period        n/a     FDCE/C              n/a            1.000         10.000      9.000      SLICE_X33Y38    inst_racine_carree_pipeline/A_pipeline_reg[0][12]/C
Min Period        n/a     FDCE/C              n/a            1.000         10.000      9.000      SLICE_X32Y38    inst_racine_carree_pipeline/A_pipeline_reg[0][13]/C
Low Pulse Width   Slow    RAMD32/CLK          n/a            1.250         5.000       3.750      SLICE_X46Y66    zynq/zynq_i/axi_dma_0/U0/I_PRMRY_DATAMOVER/GEN_S2MM_FULL.I_S2MM_FULL_WRAPPER/GEN_ENABLE_INDET_BTT_SF.I_INDET_BTT/I_XD_FIFO/NON_BLK_MEM.I_SYNC_FIFOGEN_FIFO/xpm_fifo_base_inst/gen_sdpram.xpm_memory_base_inst/gen_wr_a.gen_word_narrow.mem_reg_0_15_0_5/RAMA/CLK
Low Pulse Width   Fast    RAMD32/CLK          n/a            1.250         5.000       3.750      SLICE_X46Y66    zynq/zynq_i/axi_dma_0/U0/I_PRMRY_DATAMOVER/GEN_S2MM_FULL.I_S2MM_FULL_WRAPPER/GEN_ENABLE_INDET_BTT_SF.I_INDET_BTT/I_XD_FIFO/NON_BLK_MEM.I_SYNC_FIFOGEN_FIFO/xpm_fifo_base_inst/gen_sdpram.xpm_memory_base_inst/gen_wr_a.gen_word_narrow.mem_reg_0_15_0_5/RAMA/CLK
Low Pulse Width   Slow    RAMD32/CLK          n/a            1.250         5.000       3.750      SLICE_X46Y66    zynq/zynq_i/axi_dma_0/U0/I_PRMRY_DATAMOVER/GEN_S2MM_FULL.I_S2MM_FULL_WRAPPER/GEN_ENABLE_INDET_BTT_SF.I_INDET_BTT/I_XD_FIFO/NON_BLK_MEM.I_SYNC_FIFOGEN_FIFO/xpm_fifo_base_inst/gen_sdpram.xpm_memory_base_inst/gen_wr_a.gen_word_narrow.mem_reg_0_15_0_5/RAMA_D1/CLK
Low Pulse Width   Fast    RAMD32/CLK          n/a            1.250         5.000       3.750      SLICE_X46Y66    zynq/zynq_i/axi_dma_0/U0/I_PRMRY_DATAMOVER/GEN_S2MM_FULL.I_S2MM_FULL_WRAPPER/GEN_ENABLE_INDET_BTT_SF.I_INDET_BTT/I_XD_FIFO/NON_BLK_MEM.I_SYNC_FIFOGEN_FIFO/xpm_fifo_base_inst/gen_sdpram.xpm_memory_base_inst/gen_wr_a.gen_word_narrow.mem_reg_0_15_0_5/RAMA_D1/CLK
Low Pulse Width   Slow    RAMD32/CLK          n/a            1.250         5.000       3.750      SLICE_X46Y66    zynq/zynq_i/axi_dma_0/U0/I_PRMRY_DATAMOVER/GEN_S2MM_FULL.I_S2MM_FULL_WRAPPER/GEN_ENABLE_INDET_BTT_SF.I_INDET_BTT/I_XD_FIFO/NON_BLK_MEM.I_SYNC_FIFOGEN_FIFO/xpm_fifo_base_inst/gen_sdpram.xpm_memory_base_inst/gen_wr_a.gen_word_narrow.mem_reg_0_15_0_5/RAMB/CLK
Low Pulse Width   Fast    RAMD32/CLK          n/a            1.250         5.000       3.750      SLICE_X46Y66    zynq/zynq_i/axi_dma_0/U0/I_PRMRY_DATAMOVER/GEN_S2MM_FULL.I_S2MM_FULL_WRAPPER/GEN_ENABLE_INDET_BTT_SF.I_INDET_BTT/I_XD_FIFO/NON_BLK_MEM.I_SYNC_FIFOGEN_FIFO/xpm_fifo_base_inst/gen_sdpram.xpm_memory_base_inst/gen_wr_a.gen_word_narrow.mem_reg_0_15_0_5/RAMB/CLK
Low Pulse Width   Slow    RAMD32/CLK          n/a            1.250         5.000       3.750      SLICE_X46Y66    zynq/zynq_i/axi_dma_0/U0/I_PRMRY_DATAMOVER/GEN_S2MM_FULL.I_S2MM_FULL_WRAPPER/GEN_ENABLE_INDET_BTT_SF.I_INDET_BTT/I_XD_FIFO/NON_BLK_MEM.I_SYNC_FIFOGEN_FIFO/xpm_fifo_base_inst/gen_sdpram.xpm_memory_base_inst/gen_wr_a.gen_word_narrow.mem_reg_0_15_0_5/RAMB_D1/CLK
Low Pulse Width   Fast    RAMD32/CLK          n/a            1.250         5.000       3.750      SLICE_X46Y66    zynq/zynq_i/axi_dma_0/U0/I_PRMRY_DATAMOVER/GEN_S2MM_FULL.I_S2MM_FULL_WRAPPER/GEN_ENABLE_INDET_BTT_SF.I_INDET_BTT/I_XD_FIFO/NON_BLK_MEM.I_SYNC_FIFOGEN_FIFO/xpm_fifo_base_inst/gen_sdpram.xpm_memory_base_inst/gen_wr_a.gen_word_narrow.mem_reg_0_15_0_5/RAMB_D1/CLK
Low Pulse Width   Slow    RAMD32/CLK          n/a            1.250         5.000       3.750      SLICE_X46Y66    zynq/zynq_i/axi_dma_0/U0/I_PRMRY_DATAMOVER/GEN_S2MM_FULL.I_S2MM_FULL_WRAPPER/GEN_ENABLE_INDET_BTT_SF.I_INDET_BTT/I_XD_FIFO/NON_BLK_MEM.I_SYNC_FIFOGEN_FIFO/xpm_fifo_base_inst/gen_sdpram.xpm_memory_base_inst/gen_wr_a.gen_word_narrow.mem_reg_0_15_0_5/RAMC/CLK
Low Pulse Width   Fast    RAMD32/CLK          n/a            1.250         5.000       3.750      SLICE_X46Y66    zynq/zynq_i/axi_dma_0/U0/I_PRMRY_DATAMOVER/GEN_S2MM_FULL.I_S2MM_FULL_WRAPPER/GEN_ENABLE_INDET_BTT_SF.I_INDET_BTT/I_XD_FIFO/NON_BLK_MEM.I_SYNC_FIFOGEN_FIFO/xpm_fifo_base_inst/gen_sdpram.xpm_memory_base_inst/gen_wr_a.gen_word_narrow.mem_reg_0_15_0_5/RAMC/CLK
High Pulse Width  Slow    RAMD32/CLK          n/a            1.250         5.000       3.750      SLICE_X46Y66    zynq/zynq_i/axi_dma_0/U0/I_PRMRY_DATAMOVER/GEN_S2MM_FULL.I_S2MM_FULL_WRAPPER/GEN_ENABLE_INDET_BTT_SF.I_INDET_BTT/I_XD_FIFO/NON_BLK_MEM.I_SYNC_FIFOGEN_FIFO/xpm_fifo_base_inst/gen_sdpram.xpm_memory_base_inst/gen_wr_a.gen_word_narrow.mem_reg_0_15_0_5/RAMA/CLK
High Pulse Width  Fast    RAMD32/CLK          n/a            1.250         5.000       3.750      SLICE_X46Y66    zynq/zynq_i/axi_dma_0/U0/I_PRMRY_DATAMOVER/GEN_S2MM_FULL.I_S2MM_FULL_WRAPPER/GEN_ENABLE_INDET_BTT_SF.I_INDET_BTT/I_XD_FIFO/NON_BLK_MEM.I_SYNC_FIFOGEN_FIFO/xpm_fifo_base_inst/gen_sdpram.xpm_memory_base_inst/gen_wr_a.gen_word_narrow.mem_reg_0_15_0_5/RAMA/CLK
High Pulse Width  Slow    RAMD32/CLK          n/a            1.250         5.000       3.750      SLICE_X46Y66    zynq/zynq_i/axi_dma_0/U0/I_PRMRY_DATAMOVER/GEN_S2MM_FULL.I_S2MM_FULL_WRAPPER/GEN_ENABLE_INDET_BTT_SF.I_INDET_BTT/I_XD_FIFO/NON_BLK_MEM.I_SYNC_FIFOGEN_FIFO/xpm_fifo_base_inst/gen_sdpram.xpm_memory_base_inst/gen_wr_a.gen_word_narrow.mem_reg_0_15_0_5/RAMA_D1/CLK
High Pulse Width  Fast    RAMD32/CLK          n/a            1.250         5.000       3.750      SLICE_X46Y66    zynq/zynq_i/axi_dma_0/U0/I_PRMRY_DATAMOVER/GEN_S2MM_FULL.I_S2MM_FULL_WRAPPER/GEN_ENABLE_INDET_BTT_SF.I_INDET_BTT/I_XD_FIFO/NON_BLK_MEM.I_SYNC_FIFOGEN_FIFO/xpm_fifo_base_inst/gen_sdpram.xpm_memory_base_inst/gen_wr_a.gen_word_narrow.mem_reg_0_15_0_5/RAMA_D1/CLK
High Pulse Width  Slow    RAMD32/CLK          n/a            1.250         5.000       3.750      SLICE_X46Y66    zynq/zynq_i/axi_dma_0/U0/I_PRMRY_DATAMOVER/GEN_S2MM_FULL.I_S2MM_FULL_WRAPPER/GEN_ENABLE_INDET_BTT_SF.I_INDET_BTT/I_XD_FIFO/NON_BLK_MEM.I_SYNC_FIFOGEN_FIFO/xpm_fifo_base_inst/gen_sdpram.xpm_memory_base_inst/gen_wr_a.gen_word_narrow.mem_reg_0_15_0_5/RAMB/CLK
High Pulse Width  Fast    RAMD32/CLK          n/a            1.250         5.000       3.750      SLICE_X46Y66    zynq/zynq_i/axi_dma_0/U0/I_PRMRY_DATAMOVER/GEN_S2MM_FULL.I_S2MM_FULL_WRAPPER/GEN_ENABLE_INDET_BTT_SF.I_INDET_BTT/I_XD_FIFO/NON_BLK_MEM.I_SYNC_FIFOGEN_FIFO/xpm_fifo_base_inst/gen_sdpram.xpm_memory_base_inst/gen_wr_a.gen_word_narrow.mem_reg_0_15_0_5/RAMB/CLK
High Pulse Width  Slow    RAMD32/CLK          n/a            1.250         5.000       3.750      SLICE_X46Y66    zynq/zynq_i/axi_dma_0/U0/I_PRMRY_DATAMOVER/GEN_S2MM_FULL.I_S2MM_FULL_WRAPPER/GEN_ENABLE_INDET_BTT_SF.I_INDET_BTT/I_XD_FIFO/NON_BLK_MEM.I_SYNC_FIFOGEN_FIFO/xpm_fifo_base_inst/gen_sdpram.xpm_memory_base_inst/gen_wr_a.gen_word_narrow.mem_reg_0_15_0_5/RAMB_D1/CLK
High Pulse Width  Fast    RAMD32/CLK          n/a            1.250         5.000       3.750      SLICE_X46Y66    zynq/zynq_i/axi_dma_0/U0/I_PRMRY_DATAMOVER/GEN_S2MM_FULL.I_S2MM_FULL_WRAPPER/GEN_ENABLE_INDET_BTT_SF.I_INDET_BTT/I_XD_FIFO/NON_BLK_MEM.I_SYNC_FIFOGEN_FIFO/xpm_fifo_base_inst/gen_sdpram.xpm_memory_base_inst/gen_wr_a.gen_word_narrow.mem_reg_0_15_0_5/RAMB_D1/CLK
High Pulse Width  Slow    RAMD32/CLK          n/a            1.250         5.000       3.750      SLICE_X46Y66    zynq/zynq_i/axi_dma_0/U0/I_PRMRY_DATAMOVER/GEN_S2MM_FULL.I_S2MM_FULL_WRAPPER/GEN_ENABLE_INDET_BTT_SF.I_INDET_BTT/I_XD_FIFO/NON_BLK_MEM.I_SYNC_FIFOGEN_FIFO/xpm_fifo_base_inst/gen_sdpram.xpm_memory_base_inst/gen_wr_a.gen_word_narrow.mem_reg_0_15_0_5/RAMC/CLK
High Pulse Width  Fast    RAMD32/CLK          n/a            1.250         5.000       3.750      SLICE_X46Y66    zynq/zynq_i/axi_dma_0/U0/I_PRMRY_DATAMOVER/GEN_S2MM_FULL.I_S2MM_FULL_WRAPPER/GEN_ENABLE_INDET_BTT_SF.I_INDET_BTT/I_XD_FIFO/NON_BLK_MEM.I_SYNC_FIFOGEN_FIFO/xpm_fifo_base_inst/gen_sdpram.xpm_memory_base_inst/gen_wr_a.gen_word_narrow.mem_reg_0_15_0_5/RAMC/CLK



---------------------------------------------------------------------------------------------------
Path Group:  **async_default**
From Clock:  clk_fpga_0
  To Clock:  clk_fpga_0

Setup :            0  Failing Endpoints,  Worst Slack        4.822ns,  Total Violation        0.000ns
Hold  :            0  Failing Endpoints,  Worst Slack        0.577ns,  Total Violation        0.000ns
---------------------------------------------------------------------------------------------------


Max Delay Paths
--------------------------------------------------------------------------------------
Slack (MET) :             4.822ns  (required time - arrival time)
  Source:                 por_inst/internal_reset_reg/C
                            (rising edge-triggered cell FDRE clocked by clk_fpga_0  {rise@0.000ns fall@5.000ns period=10.000ns})
  Destination:            inst_racine_carree_pipeline/last_pipeline_reg[0]/CLR
                            (recovery check against rising-edge clock clk_fpga_0  {rise@0.000ns fall@5.000ns period=10.000ns})
  Path Group:             **async_default**
  Path Type:              Recovery (Max at Slow Process Corner)
  Requirement:            10.000ns  (clk_fpga_0 rise@10.000ns - clk_fpga_0 rise@0.000ns)
  Data Path Delay:        4.351ns  (logic 0.580ns (13.332%)  route 3.771ns (86.668%))
  Logic Levels:           1  (LUT2=1)
  Clock Path Skew:        -0.268ns (DCD - SCD + CPR)
    Destination Clock Delay (DCD):    2.659ns = ( 12.659 - 10.000 ) 
    Source Clock Delay      (SCD):    3.042ns
    Clock Pessimism Removal (CPR):    0.115ns
  Clock Uncertainty:      0.154ns  ((TSJ^2 + TIJ^2)^1/2 + DJ) / 2 + PE
    Total System Jitter     (TSJ):    0.071ns
    Total Input Jitter      (TIJ):    0.300ns
    Discrete Jitter          (DJ):    0.000ns
    Phase Error              (PE):    0.000ns

    Location             Delay type                Incr(ns)  Path(ns)    Netlist Resource(s)
  -------------------------------------------------------------------    -------------------
                         (clock clk_fpga_0 rise edge)
                                                      0.000     0.000 r  
    PS7_X0Y0             PS7                          0.000     0.000 r  zynq/zynq_i/processing_system7_0/inst/PS7_i/FCLKCLK[0]
                         net (fo=1, routed)           1.193     1.193    zynq/zynq_i/processing_system7_0/inst/FCLK_CLK_unbuffered[0]
    BUFGCTRL_X0Y16       BUFG (Prop_bufg_I_O)         0.101     1.294 r  zynq/zynq_i/processing_system7_0/inst/buffer_fclk_clk_0.FCLK_CLK_0_BUFG/O
                         net (fo=3246, routed)        1.748     3.042    por_inst/CLK
    SLICE_X24Y41         FDRE                                         r  por_inst/internal_reset_reg/C
  -------------------------------------------------------------------    -------------------
    SLICE_X24Y41         FDRE (Prop_fdre_C_Q)         0.456     3.498 r  por_inst/internal_reset_reg/Q
                         net (fo=1, routed)           0.510     4.008    zynq/po_rst
    SLICE_X24Y41         LUT2 (Prop_lut2_I1_O)        0.124     4.132 f  zynq/A_pipeline[0][15]_i_1/O
                         net (fo=75, routed)          3.261     7.393    inst_racine_carree_pipeline/AR[0]
    SLICE_X37Y51         FDCE                                         f  inst_racine_carree_pipeline/last_pipeline_reg[0]/CLR
  -------------------------------------------------------------------    -------------------

                         (clock clk_fpga_0 rise edge)
                                                     10.000    10.000 r  
    PS7_X0Y0             PS7                          0.000    10.000 r  zynq/zynq_i/processing_system7_0/inst/PS7_i/FCLKCLK[0]
                         net (fo=1, routed)           1.088    11.088    zynq/zynq_i/processing_system7_0/inst/FCLK_CLK_unbuffered[0]
    BUFGCTRL_X0Y16       BUFG (Prop_bufg_I_O)         0.091    11.179 r  zynq/zynq_i/processing_system7_0/inst/buffer_fclk_clk_0.FCLK_CLK_0_BUFG/O
                         net (fo=3246, routed)        1.480    12.659    inst_racine_carree_pipeline/CLK
    SLICE_X37Y51         FDCE                                         r  inst_racine_carree_pipeline/last_pipeline_reg[0]/C
                         clock pessimism              0.115    12.774    
                         clock uncertainty           -0.154    12.620    
    SLICE_X37Y51         FDCE (Recov_fdce_C_CLR)     -0.405    12.215    inst_racine_carree_pipeline/last_pipeline_reg[0]
  -------------------------------------------------------------------
                         required time                         12.215    
                         arrival time                          -7.393    
  -------------------------------------------------------------------
                         slack                                  4.822    

Slack (MET) :             4.822ns  (required time - arrival time)
  Source:                 por_inst/internal_reset_reg/C
                            (rising edge-triggered cell FDRE clocked by clk_fpga_0  {rise@0.000ns fall@5.000ns period=10.000ns})
  Destination:            inst_racine_carree_pipeline/last_pipeline_reg[1]/CLR
                            (recovery check against rising-edge clock clk_fpga_0  {rise@0.000ns fall@5.000ns period=10.000ns})
  Path Group:             **async_default**
  Path Type:              Recovery (Max at Slow Process Corner)
  Requirement:            10.000ns  (clk_fpga_0 rise@10.000ns - clk_fpga_0 rise@0.000ns)
  Data Path Delay:        4.351ns  (logic 0.580ns (13.332%)  route 3.771ns (86.668%))
  Logic Levels:           1  (LUT2=1)
  Clock Path Skew:        -0.268ns (DCD - SCD + CPR)
    Destination Clock Delay (DCD):    2.659ns = ( 12.659 - 10.000 ) 
    Source Clock Delay      (SCD):    3.042ns
    Clock Pessimism Removal (CPR):    0.115ns
  Clock Uncertainty:      0.154ns  ((TSJ^2 + TIJ^2)^1/2 + DJ) / 2 + PE
    Total System Jitter     (TSJ):    0.071ns
    Total Input Jitter      (TIJ):    0.300ns
    Discrete Jitter          (DJ):    0.000ns
    Phase Error              (PE):    0.000ns

    Location             Delay type                Incr(ns)  Path(ns)    Netlist Resource(s)
  -------------------------------------------------------------------    -------------------
                         (clock clk_fpga_0 rise edge)
                                                      0.000     0.000 r  
    PS7_X0Y0             PS7                          0.000     0.000 r  zynq/zynq_i/processing_system7_0/inst/PS7_i/FCLKCLK[0]
                         net (fo=1, routed)           1.193     1.193    zynq/zynq_i/processing_system7_0/inst/FCLK_CLK_unbuffered[0]
    BUFGCTRL_X0Y16       BUFG (Prop_bufg_I_O)         0.101     1.294 r  zynq/zynq_i/processing_system7_0/inst/buffer_fclk_clk_0.FCLK_CLK_0_BUFG/O
                         net (fo=3246, routed)        1.748     3.042    por_inst/CLK
    SLICE_X24Y41         FDRE                                         r  por_inst/internal_reset_reg/C
  -------------------------------------------------------------------    -------------------
    SLICE_X24Y41         FDRE (Prop_fdre_C_Q)         0.456     3.498 r  por_inst/internal_reset_reg/Q
                         net (fo=1, routed)           0.510     4.008    zynq/po_rst
    SLICE_X24Y41         LUT2 (Prop_lut2_I1_O)        0.124     4.132 f  zynq/A_pipeline[0][15]_i_1/O
                         net (fo=75, routed)          3.261     7.393    inst_racine_carree_pipeline/AR[0]
    SLICE_X37Y51         FDCE                                         f  inst_racine_carree_pipeline/last_pipeline_reg[1]/CLR
  -------------------------------------------------------------------    -------------------

                         (clock clk_fpga_0 rise edge)
                                                     10.000    10.000 r  
    PS7_X0Y0             PS7                          0.000    10.000 r  zynq/zynq_i/processing_system7_0/inst/PS7_i/FCLKCLK[0]
                         net (fo=1, routed)           1.088    11.088    zynq/zynq_i/processing_system7_0/inst/FCLK_CLK_unbuffered[0]
    BUFGCTRL_X0Y16       BUFG (Prop_bufg_I_O)         0.091    11.179 r  zynq/zynq_i/processing_system7_0/inst/buffer_fclk_clk_0.FCLK_CLK_0_BUFG/O
                         net (fo=3246, routed)        1.480    12.659    inst_racine_carree_pipeline/CLK
    SLICE_X37Y51         FDCE                                         r  inst_racine_carree_pipeline/last_pipeline_reg[1]/C
                         clock pessimism              0.115    12.774    
                         clock uncertainty           -0.154    12.620    
    SLICE_X37Y51         FDCE (Recov_fdce_C_CLR)     -0.405    12.215    inst_racine_carree_pipeline/last_pipeline_reg[1]
  -------------------------------------------------------------------
                         required time                         12.215    
                         arrival time                          -7.393    
  -------------------------------------------------------------------
                         slack                                  4.822    

Slack (MET) :             4.839ns  (required time - arrival time)
  Source:                 por_inst/internal_reset_reg/C
                            (rising edge-triggered cell FDRE clocked by clk_fpga_0  {rise@0.000ns fall@5.000ns period=10.000ns})
  Destination:            inst_racine_carree_pipeline/valid_pipeline_reg[2]/CLR
                            (recovery check against rising-edge clock clk_fpga_0  {rise@0.000ns fall@5.000ns period=10.000ns})
  Path Group:             **async_default**
  Path Type:              Recovery (Max at Slow Process Corner)
  Requirement:            10.000ns  (clk_fpga_0 rise@10.000ns - clk_fpga_0 rise@0.000ns)
  Data Path Delay:        4.419ns  (logic 0.580ns (13.126%)  route 3.839ns (86.874%))
  Logic Levels:           1  (LUT2=1)
  Clock Path Skew:        -0.269ns (DCD - SCD + CPR)
    Destination Clock Delay (DCD):    2.658ns = ( 12.658 - 10.000 ) 
    Source Clock Delay      (SCD):    3.042ns
    Clock Pessimism Removal (CPR):    0.115ns
  Clock Uncertainty:      0.154ns  ((TSJ^2 + TIJ^2)^1/2 + DJ) / 2 + PE
    Total System Jitter     (TSJ):    0.071ns
    Total Input Jitter      (TIJ):    0.300ns
    Discrete Jitter          (DJ):    0.000ns
    Phase Error              (PE):    0.000ns

    Location             Delay type                Incr(ns)  Path(ns)    Netlist Resource(s)
  -------------------------------------------------------------------    -------------------
                         (clock clk_fpga_0 rise edge)
                                                      0.000     0.000 r  
    PS7_X0Y0             PS7                          0.000     0.000 r  zynq/zynq_i/processing_system7_0/inst/PS7_i/FCLKCLK[0]
                         net (fo=1, routed)           1.193     1.193    zynq/zynq_i/processing_system7_0/inst/FCLK_CLK_unbuffered[0]
    BUFGCTRL_X0Y16       BUFG (Prop_bufg_I_O)         0.101     1.294 r  zynq/zynq_i/processing_system7_0/inst/buffer_fclk_clk_0.FCLK_CLK_0_BUFG/O
                         net (fo=3246, routed)        1.748     3.042    por_inst/CLK
    SLICE_X24Y41         FDRE                                         r  por_inst/internal_reset_reg/C
  -------------------------------------------------------------------    -------------------
    SLICE_X24Y41         FDRE (Prop_fdre_C_Q)         0.456     3.498 r  por_inst/internal_reset_reg/Q
                         net (fo=1, routed)           0.510     4.008    zynq/po_rst
    SLICE_X24Y41         LUT2 (Prop_lut2_I1_O)        0.124     4.132 f  zynq/A_pipeline[0][15]_i_1/O
                         net (fo=75, routed)          3.329     7.461    inst_racine_carree_pipeline/AR[0]
    SLICE_X38Y55         FDCE                                         f  inst_racine_carree_pipeline/valid_pipeline_reg[2]/CLR
  -------------------------------------------------------------------    -------------------

                         (clock clk_fpga_0 rise edge)
                                                     10.000    10.000 r  
    PS7_X0Y0             PS7                          0.000    10.000 r  zynq/zynq_i/processing_system7_0/inst/PS7_i/FCLKCLK[0]
                         net (fo=1, routed)           1.088    11.088    zynq/zynq_i/processing_system7_0/inst/FCLK_CLK_unbuffered[0]
    BUFGCTRL_X0Y16       BUFG (Prop_bufg_I_O)         0.091    11.179 r  zynq/zynq_i/processing_system7_0/inst/buffer_fclk_clk_0.FCLK_CLK_0_BUFG/O
                         net (fo=3246, routed)        1.479    12.658    inst_racine_carree_pipeline/CLK
    SLICE_X38Y55         FDCE                                         r  inst_racine_carree_pipeline/valid_pipeline_reg[2]/C
                         clock pessimism              0.115    12.773    
                         clock uncertainty           -0.154    12.619    
    SLICE_X38Y55         FDCE (Recov_fdce_C_CLR)     -0.319    12.300    inst_racine_carree_pipeline/valid_pipeline_reg[2]
  -------------------------------------------------------------------
                         required time                         12.300    
                         arrival time                          -7.461    
  -------------------------------------------------------------------
                         slack                                  4.839    

Slack (MET) :             4.908ns  (required time - arrival time)
  Source:                 por_inst/internal_reset_reg/C
                            (rising edge-triggered cell FDRE clocked by clk_fpga_0  {rise@0.000ns fall@5.000ns period=10.000ns})
  Destination:            inst_racine_carree_pipeline/last_pipeline_reg[2]/CLR
                            (recovery check against rising-edge clock clk_fpga_0  {rise@0.000ns fall@5.000ns period=10.000ns})
  Path Group:             **async_default**
  Path Type:              Recovery (Max at Slow Process Corner)
  Requirement:            10.000ns  (clk_fpga_0 rise@10.000ns - clk_fpga_0 rise@0.000ns)
  Data Path Delay:        4.351ns  (logic 0.580ns (13.332%)  route 3.771ns (86.668%))
  Logic Levels:           1  (LUT2=1)
  Clock Path Skew:        -0.268ns (DCD - SCD + CPR)
    Destination Clock Delay (DCD):    2.659ns = ( 12.659 - 10.000 ) 
    Source Clock Delay      (SCD):    3.042ns
    Clock Pessimism Removal (CPR):    0.115ns
  Clock Uncertainty:      0.154ns  ((TSJ^2 + TIJ^2)^1/2 + DJ) / 2 + PE
    Total System Jitter     (TSJ):    0.071ns
    Total Input Jitter      (TIJ):    0.300ns
    Discrete Jitter          (DJ):    0.000ns
    Phase Error              (PE):    0.000ns

    Location             Delay type                Incr(ns)  Path(ns)    Netlist Resource(s)
  -------------------------------------------------------------------    -------------------
                         (clock clk_fpga_0 rise edge)
                                                      0.000     0.000 r  
    PS7_X0Y0             PS7                          0.000     0.000 r  zynq/zynq_i/processing_system7_0/inst/PS7_i/FCLKCLK[0]
                         net (fo=1, routed)           1.193     1.193    zynq/zynq_i/processing_system7_0/inst/FCLK_CLK_unbuffered[0]
    BUFGCTRL_X0Y16       BUFG (Prop_bufg_I_O)         0.101     1.294 r  zynq/zynq_i/processing_system7_0/inst/buffer_fclk_clk_0.FCLK_CLK_0_BUFG/O
                         net (fo=3246, routed)        1.748     3.042    por_inst/CLK
    SLICE_X24Y41         FDRE                                         r  por_inst/internal_reset_reg/C
  -------------------------------------------------------------------    -------------------
    SLICE_X24Y41         FDRE (Prop_fdre_C_Q)         0.456     3.498 r  por_inst/internal_reset_reg/Q
                         net (fo=1, routed)           0.510     4.008    zynq/po_rst
    SLICE_X24Y41         LUT2 (Prop_lut2_I1_O)        0.124     4.132 f  zynq/A_pipeline[0][15]_i_1/O
                         net (fo=75, routed)          3.261     7.393    inst_racine_carree_pipeline/AR[0]
    SLICE_X36Y51         FDCE                                         f  inst_racine_carree_pipeline/last_pipeline_reg[2]/CLR
  -------------------------------------------------------------------    -------------------

                         (clock clk_fpga_0 rise edge)
                                                     10.000    10.000 r  
    PS7_X0Y0             PS7                          0.000    10.000 r  zynq/zynq_i/processing_system7_0/inst/PS7_i/FCLKCLK[0]
                         net (fo=1, routed)           1.088    11.088    zynq/zynq_i/processing_system7_0/inst/FCLK_CLK_unbuffered[0]
    BUFGCTRL_X0Y16       BUFG (Prop_bufg_I_O)         0.091    11.179 r  zynq/zynq_i/processing_system7_0/inst/buffer_fclk_clk_0.FCLK_CLK_0_BUFG/O
                         net (fo=3246, routed)        1.480    12.659    inst_racine_carree_pipeline/CLK
    SLICE_X36Y51         FDCE                                         r  inst_racine_carree_pipeline/last_pipeline_reg[2]/C
                         clock pessimism              0.115    12.774    
                         clock uncertainty           -0.154    12.620    
    SLICE_X36Y51         FDCE (Recov_fdce_C_CLR)     -0.319    12.301    inst_racine_carree_pipeline/last_pipeline_reg[2]
  -------------------------------------------------------------------
                         required time                         12.301    
                         arrival time                          -7.393    
  -------------------------------------------------------------------
                         slack                                  4.908    

Slack (MET) :             4.908ns  (required time - arrival time)
  Source:                 por_inst/internal_reset_reg/C
                            (rising edge-triggered cell FDRE clocked by clk_fpga_0  {rise@0.000ns fall@5.000ns period=10.000ns})
  Destination:            inst_racine_carree_pipeline/valid_pipeline_reg[0]/CLR
                            (recovery check against rising-edge clock clk_fpga_0  {rise@0.000ns fall@5.000ns period=10.000ns})
  Path Group:             **async_default**
  Path Type:              Recovery (Max at Slow Process Corner)
  Requirement:            10.000ns  (clk_fpga_0 rise@10.000ns - clk_fpga_0 rise@0.000ns)
  Data Path Delay:        4.351ns  (logic 0.580ns (13.332%)  route 3.771ns (86.668%))
  Logic Levels:           1  (LUT2=1)
  Clock Path Skew:        -0.268ns (DCD - SCD + CPR)
    Destination Clock Delay (DCD):    2.659ns = ( 12.659 - 10.000 ) 
    Source Clock Delay      (SCD):    3.042ns
    Clock Pessimism Removal (CPR):    0.115ns
  Clock Uncertainty:      0.154ns  ((TSJ^2 + TIJ^2)^1/2 + DJ) / 2 + PE
    Total System Jitter     (TSJ):    0.071ns
    Total Input Jitter      (TIJ):    0.300ns
    Discrete Jitter          (DJ):    0.000ns
    Phase Error              (PE):    0.000ns

    Location             Delay type                Incr(ns)  Path(ns)    Netlist Resource(s)
  -------------------------------------------------------------------    -------------------
                         (clock clk_fpga_0 rise edge)
                                                      0.000     0.000 r  
    PS7_X0Y0             PS7                          0.000     0.000 r  zynq/zynq_i/processing_system7_0/inst/PS7_i/FCLKCLK[0]
                         net (fo=1, routed)           1.193     1.193    zynq/zynq_i/processing_system7_0/inst/FCLK_CLK_unbuffered[0]
    BUFGCTRL_X0Y16       BUFG (Prop_bufg_I_O)         0.101     1.294 r  zynq/zynq_i/processing_system7_0/inst/buffer_fclk_clk_0.FCLK_CLK_0_BUFG/O
                         net (fo=3246, routed)        1.748     3.042    por_inst/CLK
    SLICE_X24Y41         FDRE                                         r  por_inst/internal_reset_reg/C
  -------------------------------------------------------------------    -------------------
    SLICE_X24Y41         FDRE (Prop_fdre_C_Q)         0.456     3.498 r  por_inst/internal_reset_reg/Q
                         net (fo=1, routed)           0.510     4.008    zynq/po_rst
    SLICE_X24Y41         LUT2 (Prop_lut2_I1_O)        0.124     4.132 f  zynq/A_pipeline[0][15]_i_1/O
                         net (fo=75, routed)          3.261     7.393    inst_racine_carree_pipeline/AR[0]
    SLICE_X36Y51         FDCE                                         f  inst_racine_carree_pipeline/valid_pipeline_reg[0]/CLR
  -------------------------------------------------------------------    -------------------

                         (clock clk_fpga_0 rise edge)
                                                     10.000    10.000 r  
    PS7_X0Y0             PS7                          0.000    10.000 r  zynq/zynq_i/processing_system7_0/inst/PS7_i/FCLKCLK[0]
                         net (fo=1, routed)           1.088    11.088    zynq/zynq_i/processing_system7_0/inst/FCLK_CLK_unbuffered[0]
    BUFGCTRL_X0Y16       BUFG (Prop_bufg_I_O)         0.091    11.179 r  zynq/zynq_i/processing_system7_0/inst/buffer_fclk_clk_0.FCLK_CLK_0_BUFG/O
                         net (fo=3246, routed)        1.480    12.659    inst_racine_carree_pipeline/CLK
    SLICE_X36Y51         FDCE                                         r  inst_racine_carree_pipeline/valid_pipeline_reg[0]/C
                         clock pessimism              0.115    12.774    
                         clock uncertainty           -0.154    12.620    
    SLICE_X36Y51         FDCE (Recov_fdce_C_CLR)     -0.319    12.301    inst_racine_carree_pipeline/valid_pipeline_reg[0]
  -------------------------------------------------------------------
                         required time                         12.301    
                         arrival time                          -7.393    
  -------------------------------------------------------------------
                         slack                                  4.908    

Slack (MET) :             4.908ns  (required time - arrival time)
  Source:                 por_inst/internal_reset_reg/C
                            (rising edge-triggered cell FDRE clocked by clk_fpga_0  {rise@0.000ns fall@5.000ns period=10.000ns})
  Destination:            inst_racine_carree_pipeline/valid_pipeline_reg[1]/CLR
                            (recovery check against rising-edge clock clk_fpga_0  {rise@0.000ns fall@5.000ns period=10.000ns})
  Path Group:             **async_default**
  Path Type:              Recovery (Max at Slow Process Corner)
  Requirement:            10.000ns  (clk_fpga_0 rise@10.000ns - clk_fpga_0 rise@0.000ns)
  Data Path Delay:        4.351ns  (logic 0.580ns (13.332%)  route 3.771ns (86.668%))
  Logic Levels:           1  (LUT2=1)
  Clock Path Skew:        -0.268ns (DCD - SCD + CPR)
    Destination Clock Delay (DCD):    2.659ns = ( 12.659 - 10.000 ) 
    Source Clock Delay      (SCD):    3.042ns
    Clock Pessimism Removal (CPR):    0.115ns
  Clock Uncertainty:      0.154ns  ((TSJ^2 + TIJ^2)^1/2 + DJ) / 2 + PE
    Total System Jitter     (TSJ):    0.071ns
    Total Input Jitter      (TIJ):    0.300ns
    Discrete Jitter          (DJ):    0.000ns
    Phase Error              (PE):    0.000ns

    Location             Delay type                Incr(ns)  Path(ns)    Netlist Resource(s)
  -------------------------------------------------------------------    -------------------
                         (clock clk_fpga_0 rise edge)
                                                      0.000     0.000 r  
    PS7_X0Y0             PS7                          0.000     0.000 r  zynq/zynq_i/processing_system7_0/inst/PS7_i/FCLKCLK[0]
                         net (fo=1, routed)           1.193     1.193    zynq/zynq_i/processing_system7_0/inst/FCLK_CLK_unbuffered[0]
    BUFGCTRL_X0Y16       BUFG (Prop_bufg_I_O)         0.101     1.294 r  zynq/zynq_i/processing_system7_0/inst/buffer_fclk_clk_0.FCLK_CLK_0_BUFG/O
                         net (fo=3246, routed)        1.748     3.042    por_inst/CLK
    SLICE_X24Y41         FDRE                                         r  por_inst/internal_reset_reg/C
  -------------------------------------------------------------------    -------------------
    SLICE_X24Y41         FDRE (Prop_fdre_C_Q)         0.456     3.498 r  por_inst/internal_reset_reg/Q
                         net (fo=1, routed)           0.510     4.008    zynq/po_rst
    SLICE_X24Y41         LUT2 (Prop_lut2_I1_O)        0.124     4.132 f  zynq/A_pipeline[0][15]_i_1/O
                         net (fo=75, routed)          3.261     7.393    inst_racine_carree_pipeline/AR[0]
    SLICE_X36Y51         FDCE                                         f  inst_racine_carree_pipeline/valid_pipeline_reg[1]/CLR
  -------------------------------------------------------------------    -------------------

                         (clock clk_fpga_0 rise edge)
                                                     10.000    10.000 r  
    PS7_X0Y0             PS7                          0.000    10.000 r  zynq/zynq_i/processing_system7_0/inst/PS7_i/FCLKCLK[0]
                         net (fo=1, routed)           1.088    11.088    zynq/zynq_i/processing_system7_0/inst/FCLK_CLK_unbuffered[0]
    BUFGCTRL_X0Y16       BUFG (Prop_bufg_I_O)         0.091    11.179 r  zynq/zynq_i/processing_system7_0/inst/buffer_fclk_clk_0.FCLK_CLK_0_BUFG/O
                         net (fo=3246, routed)        1.480    12.659    inst_racine_carree_pipeline/CLK
    SLICE_X36Y51         FDCE                                         r  inst_racine_carree_pipeline/valid_pipeline_reg[1]/C
                         clock pessimism              0.115    12.774    
                         clock uncertainty           -0.154    12.620    
    SLICE_X36Y51         FDCE (Recov_fdce_C_CLR)     -0.319    12.301    inst_racine_carree_pipeline/valid_pipeline_reg[1]
  -------------------------------------------------------------------
                         required time                         12.301    
                         arrival time                          -7.393    
  -------------------------------------------------------------------
                         slack                                  4.908    

Slack (MET) :             5.369ns  (required time - arrival time)
  Source:                 por_inst/internal_reset_reg/C
                            (rising edge-triggered cell FDRE clocked by clk_fpga_0  {rise@0.000ns fall@5.000ns period=10.000ns})
  Destination:            inst_racine_carree_pipeline/xk_pipeline_reg[0]_rep[3]/CLR
                            (recovery check against rising-edge clock clk_fpga_0  {rise@0.000ns fall@5.000ns period=10.000ns})
  Path Group:             **async_default**
  Path Type:              Recovery (Max at Slow Process Corner)
  Requirement:            10.000ns  (clk_fpga_0 rise@10.000ns - clk_fpga_0 rise@0.000ns)
  Data Path Delay:        3.930ns  (logic 0.580ns (14.758%)  route 3.350ns (85.242%))
  Logic Levels:           1  (LUT2=1)
  Clock Path Skew:        -0.142ns (DCD - SCD + CPR)
    Destination Clock Delay (DCD):    2.670ns = ( 12.670 - 10.000 ) 
    Source Clock Delay      (SCD):    3.042ns
    Clock Pessimism Removal (CPR):    0.230ns
  Clock Uncertainty:      0.154ns  ((TSJ^2 + TIJ^2)^1/2 + DJ) / 2 + PE
    Total System Jitter     (TSJ):    0.071ns
    Total Input Jitter      (TIJ):    0.300ns
    Discrete Jitter          (DJ):    0.000ns
    Phase Error              (PE):    0.000ns

    Location             Delay type                Incr(ns)  Path(ns)    Netlist Resource(s)
  -------------------------------------------------------------------    -------------------
                         (clock clk_fpga_0 rise edge)
                                                      0.000     0.000 r  
    PS7_X0Y0             PS7                          0.000     0.000 r  zynq/zynq_i/processing_system7_0/inst/PS7_i/FCLKCLK[0]
                         net (fo=1, routed)           1.193     1.193    zynq/zynq_i/processing_system7_0/inst/FCLK_CLK_unbuffered[0]
    BUFGCTRL_X0Y16       BUFG (Prop_bufg_I_O)         0.101     1.294 r  zynq/zynq_i/processing_system7_0/inst/buffer_fclk_clk_0.FCLK_CLK_0_BUFG/O
                         net (fo=3246, routed)        1.748     3.042    por_inst/CLK
    SLICE_X24Y41         FDRE                                         r  por_inst/internal_reset_reg/C
  -------------------------------------------------------------------    -------------------
    SLICE_X24Y41         FDRE (Prop_fdre_C_Q)         0.456     3.498 r  por_inst/internal_reset_reg/Q
                         net (fo=1, routed)           0.510     4.008    zynq/po_rst
    SLICE_X24Y41         LUT2 (Prop_lut2_I1_O)        0.124     4.132 f  zynq/A_pipeline[0][15]_i_1/O
                         net (fo=75, routed)          2.841     6.972    inst_racine_carree_pipeline/AR[0]
    SLICE_X43Y37         FDCE                                         f  inst_racine_carree_pipeline/xk_pipeline_reg[0]_rep[3]/CLR
  -------------------------------------------------------------------    -------------------

                         (clock clk_fpga_0 rise edge)
                                                     10.000    10.000 r  
    PS7_X0Y0             PS7                          0.000    10.000 r  zynq/zynq_i/processing_system7_0/inst/PS7_i/FCLKCLK[0]
                         net (fo=1, routed)           1.088    11.088    zynq/zynq_i/processing_system7_0/inst/FCLK_CLK_unbuffered[0]
    BUFGCTRL_X0Y16       BUFG (Prop_bufg_I_O)         0.091    11.179 r  zynq/zynq_i/processing_system7_0/inst/buffer_fclk_clk_0.FCLK_CLK_0_BUFG/O
                         net (fo=3246, routed)        1.491    12.670    inst_racine_carree_pipeline/CLK
    SLICE_X43Y37         FDCE                                         r  inst_racine_carree_pipeline/xk_pipeline_reg[0]_rep[3]/C
                         clock pessimism              0.230    12.900    
                         clock uncertainty           -0.154    12.746    
    SLICE_X43Y37         FDCE (Recov_fdce_C_CLR)     -0.405    12.341    inst_racine_carree_pipeline/xk_pipeline_reg[0]_rep[3]
  -------------------------------------------------------------------
                         required time                         12.341    
                         arrival time                          -6.972    
  -------------------------------------------------------------------
                         slack                                  5.369    

Slack (MET) :             5.455ns  (required time - arrival time)
  Source:                 por_inst/internal_reset_reg/C
                            (rising edge-triggered cell FDRE clocked by clk_fpga_0  {rise@0.000ns fall@5.000ns period=10.000ns})
  Destination:            inst_racine_carree_pipeline/xk_pipeline_reg[0]_rep[0]/CLR
                            (recovery check against rising-edge clock clk_fpga_0  {rise@0.000ns fall@5.000ns period=10.000ns})
  Path Group:             **async_default**
  Path Type:              Recovery (Max at Slow Process Corner)
  Requirement:            10.000ns  (clk_fpga_0 rise@10.000ns - clk_fpga_0 rise@0.000ns)
  Data Path Delay:        3.930ns  (logic 0.580ns (14.758%)  route 3.350ns (85.242%))
  Logic Levels:           1  (LUT2=1)
  Clock Path Skew:        -0.142ns (DCD - SCD + CPR)
    Destination Clock Delay (DCD):    2.670ns = ( 12.670 - 10.000 ) 
    Source Clock Delay      (SCD):    3.042ns
    Clock Pessimism Removal (CPR):    0.230ns
  Clock Uncertainty:      0.154ns  ((TSJ^2 + TIJ^2)^1/2 + DJ) / 2 + PE
    Total System Jitter     (TSJ):    0.071ns
    Total Input Jitter      (TIJ):    0.300ns
    Discrete Jitter          (DJ):    0.000ns
    Phase Error              (PE):    0.000ns

    Location             Delay type                Incr(ns)  Path(ns)    Netlist Resource(s)
  -------------------------------------------------------------------    -------------------
                         (clock clk_fpga_0 rise edge)
                                                      0.000     0.000 r  
    PS7_X0Y0             PS7                          0.000     0.000 r  zynq/zynq_i/processing_system7_0/inst/PS7_i/FCLKCLK[0]
                         net (fo=1, routed)           1.193     1.193    zynq/zynq_i/processing_system7_0/inst/FCLK_CLK_unbuffered[0]
    BUFGCTRL_X0Y16       BUFG (Prop_bufg_I_O)         0.101     1.294 r  zynq/zynq_i/processing_system7_0/inst/buffer_fclk_clk_0.FCLK_CLK_0_BUFG/O
                         net (fo=3246, routed)        1.748     3.042    por_inst/CLK
    SLICE_X24Y41         FDRE                                         r  por_inst/internal_reset_reg/C
  -------------------------------------------------------------------    -------------------
    SLICE_X24Y41         FDRE (Prop_fdre_C_Q)         0.456     3.498 r  por_inst/internal_reset_reg/Q
                         net (fo=1, routed)           0.510     4.008    zynq/po_rst
    SLICE_X24Y41         LUT2 (Prop_lut2_I1_O)        0.124     4.132 f  zynq/A_pipeline[0][15]_i_1/O
                         net (fo=75, routed)          2.841     6.972    inst_racine_carree_pipeline/AR[0]
    SLICE_X42Y37         FDCE                                         f  inst_racine_carree_pipeline/xk_pipeline_reg[0]_rep[0]/CLR
  -------------------------------------------------------------------    -------------------

                         (clock clk_fpga_0 rise edge)
                                                     10.000    10.000 r  
    PS7_X0Y0             PS7                          0.000    10.000 r  zynq/zynq_i/processing_system7_0/inst/PS7_i/FCLKCLK[0]
                         net (fo=1, routed)           1.088    11.088    zynq/zynq_i/processing_system7_0/inst/FCLK_CLK_unbuffered[0]
    BUFGCTRL_X0Y16       BUFG (Prop_bufg_I_O)         0.091    11.179 r  zynq/zynq_i/processing_system7_0/inst/buffer_fclk_clk_0.FCLK_CLK_0_BUFG/O
                         net (fo=3246, routed)        1.491    12.670    inst_racine_carree_pipeline/CLK
    SLICE_X42Y37         FDCE                                         r  inst_racine_carree_pipeline/xk_pipeline_reg[0]_rep[0]/C
                         clock pessimism              0.230    12.900    
                         clock uncertainty           -0.154    12.746    
    SLICE_X42Y37         FDCE (Recov_fdce_C_CLR)     -0.319    12.427    inst_racine_carree_pipeline/xk_pipeline_reg[0]_rep[0]
  -------------------------------------------------------------------
                         required time                         12.427    
                         arrival time                          -6.972    
  -------------------------------------------------------------------
                         slack                                  5.455    

Slack (MET) :             5.488ns  (required time - arrival time)
  Source:                 por_inst/internal_reset_reg/C
                            (rising edge-triggered cell FDRE clocked by clk_fpga_0  {rise@0.000ns fall@5.000ns period=10.000ns})
  Destination:            inst_racine_carree_pipeline/xk_pipeline_reg[1][0]/CLR
                            (recovery check against rising-edge clock clk_fpga_0  {rise@0.000ns fall@5.000ns period=10.000ns})
  Path Group:             **async_default**
  Path Type:              Recovery (Max at Slow Process Corner)
  Requirement:            10.000ns  (clk_fpga_0 rise@10.000ns - clk_fpga_0 rise@0.000ns)
  Data Path Delay:        3.811ns  (logic 0.580ns (15.221%)  route 3.231ns (84.779%))
  Logic Levels:           1  (LUT2=1)
  Clock Path Skew:        -0.142ns (DCD - SCD + CPR)
    Destination Clock Delay (DCD):    2.670ns = ( 12.670 - 10.000 ) 
    Source Clock Delay      (SCD):    3.042ns
    Clock Pessimism Removal (CPR):    0.230ns
  Clock Uncertainty:      0.154ns  ((TSJ^2 + TIJ^2)^1/2 + DJ) / 2 + PE
    Total System Jitter     (TSJ):    0.071ns
    Total Input Jitter      (TIJ):    0.300ns
    Discrete Jitter          (DJ):    0.000ns
    Phase Error              (PE):    0.000ns

    Location             Delay type                Incr(ns)  Path(ns)    Netlist Resource(s)
  -------------------------------------------------------------------    -------------------
                         (clock clk_fpga_0 rise edge)
                                                      0.000     0.000 r  
    PS7_X0Y0             PS7                          0.000     0.000 r  zynq/zynq_i/processing_system7_0/inst/PS7_i/FCLKCLK[0]
                         net (fo=1, routed)           1.193     1.193    zynq/zynq_i/processing_system7_0/inst/FCLK_CLK_unbuffered[0]
    BUFGCTRL_X0Y16       BUFG (Prop_bufg_I_O)         0.101     1.294 r  zynq/zynq_i/processing_system7_0/inst/buffer_fclk_clk_0.FCLK_CLK_0_BUFG/O
                         net (fo=3246, routed)        1.748     3.042    por_inst/CLK
    SLICE_X24Y41         FDRE                                         r  por_inst/internal_reset_reg/C
  -------------------------------------------------------------------    -------------------
    SLICE_X24Y41         FDRE (Prop_fdre_C_Q)         0.456     3.498 r  por_inst/internal_reset_reg/Q
                         net (fo=1, routed)           0.510     4.008    zynq/po_rst
    SLICE_X24Y41         LUT2 (Prop_lut2_I1_O)        0.124     4.132 f  zynq/A_pipeline[0][15]_i_1/O
                         net (fo=75, routed)          2.721     6.853    inst_racine_carree_pipeline/AR[0]
    SLICE_X39Y37         FDCE                                         f  inst_racine_carree_pipeline/xk_pipeline_reg[1][0]/CLR
  -------------------------------------------------------------------    -------------------

                         (clock clk_fpga_0 rise edge)
                                                     10.000    10.000 r  
    PS7_X0Y0             PS7                          0.000    10.000 r  zynq/zynq_i/processing_system7_0/inst/PS7_i/FCLKCLK[0]
                         net (fo=1, routed)           1.088    11.088    zynq/zynq_i/processing_system7_0/inst/FCLK_CLK_unbuffered[0]
    BUFGCTRL_X0Y16       BUFG (Prop_bufg_I_O)         0.091    11.179 r  zynq/zynq_i/processing_system7_0/inst/buffer_fclk_clk_0.FCLK_CLK_0_BUFG/O
                         net (fo=3246, routed)        1.491    12.670    inst_racine_carree_pipeline/CLK
    SLICE_X39Y37         FDCE                                         r  inst_racine_carree_pipeline/xk_pipeline_reg[1][0]/C
                         clock pessimism              0.230    12.900    
                         clock uncertainty           -0.154    12.746    
    SLICE_X39Y37         FDCE (Recov_fdce_C_CLR)     -0.405    12.341    inst_racine_carree_pipeline/xk_pipeline_reg[1][0]
  -------------------------------------------------------------------
                         required time                         12.341    
                         arrival time                          -6.853    
  -------------------------------------------------------------------
                         slack                                  5.488    

Slack (MET) :             5.488ns  (required time - arrival time)
  Source:                 por_inst/internal_reset_reg/C
                            (rising edge-triggered cell FDRE clocked by clk_fpga_0  {rise@0.000ns fall@5.000ns period=10.000ns})
  Destination:            inst_racine_carree_pipeline/xk_pipeline_reg[1][1]/CLR
                            (recovery check against rising-edge clock clk_fpga_0  {rise@0.000ns fall@5.000ns period=10.000ns})
  Path Group:             **async_default**
  Path Type:              Recovery (Max at Slow Process Corner)
  Requirement:            10.000ns  (clk_fpga_0 rise@10.000ns - clk_fpga_0 rise@0.000ns)
  Data Path Delay:        3.811ns  (logic 0.580ns (15.221%)  route 3.231ns (84.779%))
  Logic Levels:           1  (LUT2=1)
  Clock Path Skew:        -0.142ns (DCD - SCD + CPR)
    Destination Clock Delay (DCD):    2.670ns = ( 12.670 - 10.000 ) 
    Source Clock Delay      (SCD):    3.042ns
    Clock Pessimism Removal (CPR):    0.230ns
  Clock Uncertainty:      0.154ns  ((TSJ^2 + TIJ^2)^1/2 + DJ) / 2 + PE
    Total System Jitter     (TSJ):    0.071ns
    Total Input Jitter      (TIJ):    0.300ns
    Discrete Jitter          (DJ):    0.000ns
    Phase Error              (PE):    0.000ns

    Location             Delay type                Incr(ns)  Path(ns)    Netlist Resource(s)
  -------------------------------------------------------------------    -------------------
                         (clock clk_fpga_0 rise edge)
                                                      0.000     0.000 r  
    PS7_X0Y0             PS7                          0.000     0.000 r  zynq/zynq_i/processing_system7_0/inst/PS7_i/FCLKCLK[0]
                         net (fo=1, routed)           1.193     1.193    zynq/zynq_i/processing_system7_0/inst/FCLK_CLK_unbuffered[0]
    BUFGCTRL_X0Y16       BUFG (Prop_bufg_I_O)         0.101     1.294 r  zynq/zynq_i/processing_system7_0/inst/buffer_fclk_clk_0.FCLK_CLK_0_BUFG/O
                         net (fo=3246, routed)        1.748     3.042    por_inst/CLK
    SLICE_X24Y41         FDRE                                         r  por_inst/internal_reset_reg/C
  -------------------------------------------------------------------    -------------------
    SLICE_X24Y41         FDRE (Prop_fdre_C_Q)         0.456     3.498 r  por_inst/internal_reset_reg/Q
                         net (fo=1, routed)           0.510     4.008    zynq/po_rst
    SLICE_X24Y41         LUT2 (Prop_lut2_I1_O)        0.124     4.132 f  zynq/A_pipeline[0][15]_i_1/O
                         net (fo=75, routed)          2.721     6.853    inst_racine_carree_pipeline/AR[0]
    SLICE_X39Y37         FDCE                                         f  inst_racine_carree_pipeline/xk_pipeline_reg[1][1]/CLR
  -------------------------------------------------------------------    -------------------

                         (clock clk_fpga_0 rise edge)
                                                     10.000    10.000 r  
    PS7_X0Y0             PS7                          0.000    10.000 r  zynq/zynq_i/processing_system7_0/inst/PS7_i/FCLKCLK[0]
                         net (fo=1, routed)           1.088    11.088    zynq/zynq_i/processing_system7_0/inst/FCLK_CLK_unbuffered[0]
    BUFGCTRL_X0Y16       BUFG (Prop_bufg_I_O)         0.091    11.179 r  zynq/zynq_i/processing_system7_0/inst/buffer_fclk_clk_0.FCLK_CLK_0_BUFG/O
                         net (fo=3246, routed)        1.491    12.670    inst_racine_carree_pipeline/CLK
    SLICE_X39Y37         FDCE                                         r  inst_racine_carree_pipeline/xk_pipeline_reg[1][1]/C
                         clock pessimism              0.230    12.900    
                         clock uncertainty           -0.154    12.746    
    SLICE_X39Y37         FDCE (Recov_fdce_C_CLR)     -0.405    12.341    inst_racine_carree_pipeline/xk_pipeline_reg[1][1]
  -------------------------------------------------------------------
                         required time                         12.341    
                         arrival time                          -6.853    
  -------------------------------------------------------------------
                         slack                                  5.488    





Min Delay Paths
--------------------------------------------------------------------------------------
Slack (MET) :             0.577ns  (arrival time - required time)
  Source:                 <hidden>
                            (rising edge-triggered cell FDRE clocked by clk_fpga_0  {rise@0.000ns fall@5.000ns period=10.000ns})
  Destination:            <hidden>
                            (removal check against rising-edge clock clk_fpga_0  {rise@0.000ns fall@5.000ns period=10.000ns})
  Path Group:             **async_default**
  Path Type:              Removal (Min at Fast Process Corner)
  Requirement:            0.000ns  (clk_fpga_0 rise@0.000ns - clk_fpga_0 rise@0.000ns)
  Data Path Delay:        0.497ns  (logic 0.186ns (37.458%)  route 0.311ns (62.542%))
  Logic Levels:           1  (LUT3=1)
  Clock Path Skew:        0.015ns (DCD - SCD - CPR)
    Destination Clock Delay (DCD):    1.185ns
    Source Clock Delay      (SCD):    0.888ns
    Clock Pessimism Removal (CPR):    0.282ns

    Location             Delay type                Incr(ns)  Path(ns)    Netlist Resource(s)
  -------------------------------------------------------------------    -------------------
                         (clock clk_fpga_0 rise edge)
                                                      0.000     0.000 r  
    PS7_X0Y0             PS7                          0.000     0.000 r  zynq/zynq_i/processing_system7_0/inst/PS7_i/FCLKCLK[0]
                         net (fo=1, routed)           0.310     0.310    zynq/zynq_i/processing_system7_0/inst/FCLK_CLK_unbuffered[0]
    BUFGCTRL_X0Y16       BUFG (Prop_bufg_I_O)         0.026     0.336 r  zynq/zynq_i/processing_system7_0/inst/buffer_fclk_clk_0.FCLK_CLK_0_BUFG/O
                         net (fo=3246, routed)        0.552     0.888    <hidden>
    SLICE_X45Y64         FDRE                                         r  <hidden>
  -------------------------------------------------------------------    -------------------
    SLICE_X45Y64         FDRE (Prop_fdre_C_Q)         0.141     1.029 f  <hidden>
                         net (fo=3, routed)           0.181     1.210    <hidden>
    SLICE_X45Y64         LUT3 (Prop_lut3_I1_O)        0.045     1.255 f  <hidden>
                         net (fo=32, routed)          0.129     1.384    <hidden>
    SLICE_X47Y64         FDPE                                         f  <hidden>
  -------------------------------------------------------------------    -------------------

                         (clock clk_fpga_0 rise edge)
                                                      0.000     0.000 r  
    PS7_X0Y0             PS7                          0.000     0.000 r  zynq/zynq_i/processing_system7_0/inst/PS7_i/FCLKCLK[0]
                         net (fo=1, routed)           0.337     0.337    zynq/zynq_i/processing_system7_0/inst/FCLK_CLK_unbuffered[0]
    BUFGCTRL_X0Y16       BUFG (Prop_bufg_I_O)         0.029     0.366 r  zynq/zynq_i/processing_system7_0/inst/buffer_fclk_clk_0.FCLK_CLK_0_BUFG/O
                         net (fo=3246, routed)        0.819     1.185    <hidden>
    SLICE_X47Y64         FDPE                                         r  <hidden>
                         clock pessimism             -0.282     0.903    
    SLICE_X47Y64         FDPE (Remov_fdpe_C_PRE)     -0.095     0.808    <hidden>
  -------------------------------------------------------------------
                         required time                         -0.808    
                         arrival time                           1.384    
  -------------------------------------------------------------------
                         slack                                  0.577    

Slack (MET) :             0.577ns  (arrival time - required time)
  Source:                 <hidden>
                            (rising edge-triggered cell FDRE clocked by clk_fpga_0  {rise@0.000ns fall@5.000ns period=10.000ns})
  Destination:            <hidden>
                            (removal check against rising-edge clock clk_fpga_0  {rise@0.000ns fall@5.000ns period=10.000ns})
  Path Group:             **async_default**
  Path Type:              Removal (Min at Fast Process Corner)
  Requirement:            0.000ns  (clk_fpga_0 rise@0.000ns - clk_fpga_0 rise@0.000ns)
  Data Path Delay:        0.497ns  (logic 0.186ns (37.458%)  route 0.311ns (62.542%))
  Logic Levels:           1  (LUT3=1)
  Clock Path Skew:        0.015ns (DCD - SCD - CPR)
    Destination Clock Delay (DCD):    1.185ns
    Source Clock Delay      (SCD):    0.888ns
    Clock Pessimism Removal (CPR):    0.282ns

    Location             Delay type                Incr(ns)  Path(ns)    Netlist Resource(s)
  -------------------------------------------------------------------    -------------------
                         (clock clk_fpga_0 rise edge)
                                                      0.000     0.000 r  
    PS7_X0Y0             PS7                          0.000     0.000 r  zynq/zynq_i/processing_system7_0/inst/PS7_i/FCLKCLK[0]
                         net (fo=1, routed)           0.310     0.310    zynq/zynq_i/processing_system7_0/inst/FCLK_CLK_unbuffered[0]
    BUFGCTRL_X0Y16       BUFG (Prop_bufg_I_O)         0.026     0.336 r  zynq/zynq_i/processing_system7_0/inst/buffer_fclk_clk_0.FCLK_CLK_0_BUFG/O
                         net (fo=3246, routed)        0.552     0.888    <hidden>
    SLICE_X45Y64         FDRE                                         r  <hidden>
  -------------------------------------------------------------------    -------------------
    SLICE_X45Y64         FDRE (Prop_fdre_C_Q)         0.141     1.029 f  <hidden>
                         net (fo=3, routed)           0.181     1.210    <hidden>
    SLICE_X45Y64         LUT3 (Prop_lut3_I1_O)        0.045     1.255 f  <hidden>
                         net (fo=32, routed)          0.129     1.384    <hidden>
    SLICE_X47Y64         FDPE                                         f  <hidden>
  -------------------------------------------------------------------    -------------------

                         (clock clk_fpga_0 rise edge)
                                                      0.000     0.000 r  
    PS7_X0Y0             PS7                          0.000     0.000 r  zynq/zynq_i/processing_system7_0/inst/PS7_i/FCLKCLK[0]
                         net (fo=1, routed)           0.337     0.337    zynq/zynq_i/processing_system7_0/inst/FCLK_CLK_unbuffered[0]
    BUFGCTRL_X0Y16       BUFG (Prop_bufg_I_O)         0.029     0.366 r  zynq/zynq_i/processing_system7_0/inst/buffer_fclk_clk_0.FCLK_CLK_0_BUFG/O
                         net (fo=3246, routed)        0.819     1.185    <hidden>
    SLICE_X47Y64         FDPE                                         r  <hidden>
                         clock pessimism             -0.282     0.903    
    SLICE_X47Y64         FDPE (Remov_fdpe_C_PRE)     -0.095     0.808    <hidden>
  -------------------------------------------------------------------
                         required time                         -0.808    
                         arrival time                           1.384    
  -------------------------------------------------------------------
                         slack                                  0.577    

Slack (MET) :             0.577ns  (arrival time - required time)
  Source:                 <hidden>
                            (rising edge-triggered cell FDRE clocked by clk_fpga_0  {rise@0.000ns fall@5.000ns period=10.000ns})
  Destination:            <hidden>
                            (removal check against rising-edge clock clk_fpga_0  {rise@0.000ns fall@5.000ns period=10.000ns})
  Path Group:             **async_default**
  Path Type:              Removal (Min at Fast Process Corner)
  Requirement:            0.000ns  (clk_fpga_0 rise@0.000ns - clk_fpga_0 rise@0.000ns)
  Data Path Delay:        0.497ns  (logic 0.186ns (37.458%)  route 0.311ns (62.542%))
  Logic Levels:           1  (LUT3=1)
  Clock Path Skew:        0.015ns (DCD - SCD - CPR)
    Destination Clock Delay (DCD):    1.185ns
    Source Clock Delay      (SCD):    0.888ns
    Clock Pessimism Removal (CPR):    0.282ns

    Location             Delay type                Incr(ns)  Path(ns)    Netlist Resource(s)
  -------------------------------------------------------------------    -------------------
                         (clock clk_fpga_0 rise edge)
                                                      0.000     0.000 r  
    PS7_X0Y0             PS7                          0.000     0.000 r  zynq/zynq_i/processing_system7_0/inst/PS7_i/FCLKCLK[0]
                         net (fo=1, routed)           0.310     0.310    zynq/zynq_i/processing_system7_0/inst/FCLK_CLK_unbuffered[0]
    BUFGCTRL_X0Y16       BUFG (Prop_bufg_I_O)         0.026     0.336 r  zynq/zynq_i/processing_system7_0/inst/buffer_fclk_clk_0.FCLK_CLK_0_BUFG/O
                         net (fo=3246, routed)        0.552     0.888    <hidden>
    SLICE_X45Y64         FDRE                                         r  <hidden>
  -------------------------------------------------------------------    -------------------
    SLICE_X45Y64         FDRE (Prop_fdre_C_Q)         0.141     1.029 f  <hidden>
                         net (fo=3, routed)           0.181     1.210    <hidden>
    SLICE_X45Y64         LUT3 (Prop_lut3_I1_O)        0.045     1.255 f  <hidden>
                         net (fo=32, routed)          0.129     1.384    <hidden>
    SLICE_X47Y64         FDPE                                         f  <hidden>
  -------------------------------------------------------------------    -------------------

                         (clock clk_fpga_0 rise edge)
                                                      0.000     0.000 r  
    PS7_X0Y0             PS7                          0.000     0.000 r  zynq/zynq_i/processing_system7_0/inst/PS7_i/FCLKCLK[0]
                         net (fo=1, routed)           0.337     0.337    zynq/zynq_i/processing_system7_0/inst/FCLK_CLK_unbuffered[0]
    BUFGCTRL_X0Y16       BUFG (Prop_bufg_I_O)         0.029     0.366 r  zynq/zynq_i/processing_system7_0/inst/buffer_fclk_clk_0.FCLK_CLK_0_BUFG/O
                         net (fo=3246, routed)        0.819     1.185    <hidden>
    SLICE_X47Y64         FDPE                                         r  <hidden>
                         clock pessimism             -0.282     0.903    
    SLICE_X47Y64         FDPE (Remov_fdpe_C_PRE)     -0.095     0.808    <hidden>
  -------------------------------------------------------------------
                         required time                         -0.808    
                         arrival time                           1.384    
  -------------------------------------------------------------------
                         slack                                  0.577    

Slack (MET) :             0.592ns  (arrival time - required time)
  Source:                 <hidden>
                            (rising edge-triggered cell FDRE clocked by clk_fpga_0  {rise@0.000ns fall@5.000ns period=10.000ns})
  Destination:            <hidden>
                            (removal check against rising-edge clock clk_fpga_0  {rise@0.000ns fall@5.000ns period=10.000ns})
  Path Group:             **async_default**
  Path Type:              Removal (Min at Fast Process Corner)
  Requirement:            0.000ns  (clk_fpga_0 rise@0.000ns - clk_fpga_0 rise@0.000ns)
  Data Path Delay:        0.515ns  (logic 0.186ns (36.118%)  route 0.329ns (63.882%))
  Logic Levels:           1  (LUT3=1)
  Clock Path Skew:        0.015ns (DCD - SCD - CPR)
    Destination Clock Delay (DCD):    1.185ns
    Source Clock Delay      (SCD):    0.888ns
    Clock Pessimism Removal (CPR):    0.282ns

    Location             Delay type                Incr(ns)  Path(ns)    Netlist Resource(s)
  -------------------------------------------------------------------    -------------------
                         (clock clk_fpga_0 rise edge)
                                                      0.000     0.000 r  
    PS7_X0Y0             PS7                          0.000     0.000 r  zynq/zynq_i/processing_system7_0/inst/PS7_i/FCLKCLK[0]
                         net (fo=1, routed)           0.310     0.310    zynq/zynq_i/processing_system7_0/inst/FCLK_CLK_unbuffered[0]
    BUFGCTRL_X0Y16       BUFG (Prop_bufg_I_O)         0.026     0.336 r  zynq/zynq_i/processing_system7_0/inst/buffer_fclk_clk_0.FCLK_CLK_0_BUFG/O
                         net (fo=3246, routed)        0.552     0.888    <hidden>
    SLICE_X45Y64         FDRE                                         r  <hidden>
  -------------------------------------------------------------------    -------------------
    SLICE_X45Y64         FDRE (Prop_fdre_C_Q)         0.141     1.029 f  <hidden>
                         net (fo=3, routed)           0.181     1.210    <hidden>
    SLICE_X45Y64         LUT3 (Prop_lut3_I1_O)        0.045     1.255 f  <hidden>
                         net (fo=32, routed)          0.148     1.403    <hidden>
    SLICE_X45Y63         FDCE                                         f  <hidden>
  -------------------------------------------------------------------    -------------------

                         (clock clk_fpga_0 rise edge)
                                                      0.000     0.000 r  
    PS7_X0Y0             PS7                          0.000     0.000 r  zynq/zynq_i/processing_system7_0/inst/PS7_i/FCLKCLK[0]
                         net (fo=1, routed)           0.337     0.337    zynq/zynq_i/processing_system7_0/inst/FCLK_CLK_unbuffered[0]
    BUFGCTRL_X0Y16       BUFG (Prop_bufg_I_O)         0.029     0.366 r  zynq/zynq_i/processing_system7_0/inst/buffer_fclk_clk_0.FCLK_CLK_0_BUFG/O
                         net (fo=3246, routed)        0.819     1.185    <hidden>
    SLICE_X45Y63         FDCE                                         r  <hidden>
                         clock pessimism             -0.282     0.903    
    SLICE_X45Y63         FDCE (Remov_fdce_C_CLR)     -0.092     0.811    <hidden>
  -------------------------------------------------------------------
                         required time                         -0.811    
                         arrival time                           1.403    
  -------------------------------------------------------------------
                         slack                                  0.592    

Slack (MET) :             0.592ns  (arrival time - required time)
  Source:                 <hidden>
                            (rising edge-triggered cell FDRE clocked by clk_fpga_0  {rise@0.000ns fall@5.000ns period=10.000ns})
  Destination:            <hidden>
                            (removal check against rising-edge clock clk_fpga_0  {rise@0.000ns fall@5.000ns period=10.000ns})
  Path Group:             **async_default**
  Path Type:              Removal (Min at Fast Process Corner)
  Requirement:            0.000ns  (clk_fpga_0 rise@0.000ns - clk_fpga_0 rise@0.000ns)
  Data Path Delay:        0.515ns  (logic 0.186ns (36.118%)  route 0.329ns (63.882%))
  Logic Levels:           1  (LUT3=1)
  Clock Path Skew:        0.015ns (DCD - SCD - CPR)
    Destination Clock Delay (DCD):    1.185ns
    Source Clock Delay      (SCD):    0.888ns
    Clock Pessimism Removal (CPR):    0.282ns

    Location             Delay type                Incr(ns)  Path(ns)    Netlist Resource(s)
  -------------------------------------------------------------------    -------------------
                         (clock clk_fpga_0 rise edge)
                                                      0.000     0.000 r  
    PS7_X0Y0             PS7                          0.000     0.000 r  zynq/zynq_i/processing_system7_0/inst/PS7_i/FCLKCLK[0]
                         net (fo=1, routed)           0.310     0.310    zynq/zynq_i/processing_system7_0/inst/FCLK_CLK_unbuffered[0]
    BUFGCTRL_X0Y16       BUFG (Prop_bufg_I_O)         0.026     0.336 r  zynq/zynq_i/processing_system7_0/inst/buffer_fclk_clk_0.FCLK_CLK_0_BUFG/O
                         net (fo=3246, routed)        0.552     0.888    <hidden>
    SLICE_X45Y64         FDRE                                         r  <hidden>
  -------------------------------------------------------------------    -------------------
    SLICE_X45Y64         FDRE (Prop_fdre_C_Q)         0.141     1.029 f  <hidden>
                         net (fo=3, routed)           0.181     1.210    <hidden>
    SLICE_X45Y64         LUT3 (Prop_lut3_I1_O)        0.045     1.255 f  <hidden>
                         net (fo=32, routed)          0.148     1.403    <hidden>
    SLICE_X45Y63         FDCE                                         f  <hidden>
  -------------------------------------------------------------------    -------------------

                         (clock clk_fpga_0 rise edge)
                                                      0.000     0.000 r  
    PS7_X0Y0             PS7                          0.000     0.000 r  zynq/zynq_i/processing_system7_0/inst/PS7_i/FCLKCLK[0]
                         net (fo=1, routed)           0.337     0.337    zynq/zynq_i/processing_system7_0/inst/FCLK_CLK_unbuffered[0]
    BUFGCTRL_X0Y16       BUFG (Prop_bufg_I_O)         0.029     0.366 r  zynq/zynq_i/processing_system7_0/inst/buffer_fclk_clk_0.FCLK_CLK_0_BUFG/O
                         net (fo=3246, routed)        0.819     1.185    <hidden>
    SLICE_X45Y63         FDCE                                         r  <hidden>
                         clock pessimism             -0.282     0.903    
    SLICE_X45Y63         FDCE (Remov_fdce_C_CLR)     -0.092     0.811    <hidden>
  -------------------------------------------------------------------
                         required time                         -0.811    
                         arrival time                           1.403    
  -------------------------------------------------------------------
                         slack                                  0.592    

Slack (MET) :             0.592ns  (arrival time - required time)
  Source:                 <hidden>
                            (rising edge-triggered cell FDRE clocked by clk_fpga_0  {rise@0.000ns fall@5.000ns period=10.000ns})
  Destination:            <hidden>
                            (removal check against rising-edge clock clk_fpga_0  {rise@0.000ns fall@5.000ns period=10.000ns})
  Path Group:             **async_default**
  Path Type:              Removal (Min at Fast Process Corner)
  Requirement:            0.000ns  (clk_fpga_0 rise@0.000ns - clk_fpga_0 rise@0.000ns)
  Data Path Delay:        0.515ns  (logic 0.186ns (36.118%)  route 0.329ns (63.882%))
  Logic Levels:           1  (LUT3=1)
  Clock Path Skew:        0.015ns (DCD - SCD - CPR)
    Destination Clock Delay (DCD):    1.185ns
    Source Clock Delay      (SCD):    0.888ns
    Clock Pessimism Removal (CPR):    0.282ns

    Location             Delay type                Incr(ns)  Path(ns)    Netlist Resource(s)
  -------------------------------------------------------------------    -------------------
                         (clock clk_fpga_0 rise edge)
                                                      0.000     0.000 r  
    PS7_X0Y0             PS7                          0.000     0.000 r  zynq/zynq_i/processing_system7_0/inst/PS7_i/FCLKCLK[0]
                         net (fo=1, routed)           0.310     0.310    zynq/zynq_i/processing_system7_0/inst/FCLK_CLK_unbuffered[0]
    BUFGCTRL_X0Y16       BUFG (Prop_bufg_I_O)         0.026     0.336 r  zynq/zynq_i/processing_system7_0/inst/buffer_fclk_clk_0.FCLK_CLK_0_BUFG/O
                         net (fo=3246, routed)        0.552     0.888    <hidden>
    SLICE_X45Y64         FDRE                                         r  <hidden>
  -------------------------------------------------------------------    -------------------
    SLICE_X45Y64         FDRE (Prop_fdre_C_Q)         0.141     1.029 f  <hidden>
                         net (fo=3, routed)           0.181     1.210    <hidden>
    SLICE_X45Y64         LUT3 (Prop_lut3_I1_O)        0.045     1.255 f  <hidden>
                         net (fo=32, routed)          0.148     1.403    <hidden>
    SLICE_X45Y63         FDCE                                         f  <hidden>
  -------------------------------------------------------------------    -------------------

                         (clock clk_fpga_0 rise edge)
                                                      0.000     0.000 r  
    PS7_X0Y0             PS7                          0.000     0.000 r  zynq/zynq_i/processing_system7_0/inst/PS7_i/FCLKCLK[0]
                         net (fo=1, routed)           0.337     0.337    zynq/zynq_i/processing_system7_0/inst/FCLK_CLK_unbuffered[0]
    BUFGCTRL_X0Y16       BUFG (Prop_bufg_I_O)         0.029     0.366 r  zynq/zynq_i/processing_system7_0/inst/buffer_fclk_clk_0.FCLK_CLK_0_BUFG/O
                         net (fo=3246, routed)        0.819     1.185    <hidden>
    SLICE_X45Y63         FDCE                                         r  <hidden>
                         clock pessimism             -0.282     0.903    
    SLICE_X45Y63         FDCE (Remov_fdce_C_CLR)     -0.092     0.811    <hidden>
  -------------------------------------------------------------------
                         required time                         -0.811    
                         arrival time                           1.403    
  -------------------------------------------------------------------
                         slack                                  0.592    

Slack (MET) :             0.592ns  (arrival time - required time)
  Source:                 <hidden>
                            (rising edge-triggered cell FDRE clocked by clk_fpga_0  {rise@0.000ns fall@5.000ns period=10.000ns})
  Destination:            <hidden>
                            (removal check against rising-edge clock clk_fpga_0  {rise@0.000ns fall@5.000ns period=10.000ns})
  Path Group:             **async_default**
  Path Type:              Removal (Min at Fast Process Corner)
  Requirement:            0.000ns  (clk_fpga_0 rise@0.000ns - clk_fpga_0 rise@0.000ns)
  Data Path Delay:        0.515ns  (logic 0.186ns (36.118%)  route 0.329ns (63.882%))
  Logic Levels:           1  (LUT3=1)
  Clock Path Skew:        0.015ns (DCD - SCD - CPR)
    Destination Clock Delay (DCD):    1.185ns
    Source Clock Delay      (SCD):    0.888ns
    Clock Pessimism Removal (CPR):    0.282ns

    Location             Delay type                Incr(ns)  Path(ns)    Netlist Resource(s)
  -------------------------------------------------------------------    -------------------
                         (clock clk_fpga_0 rise edge)
                                                      0.000     0.000 r  
    PS7_X0Y0             PS7                          0.000     0.000 r  zynq/zynq_i/processing_system7_0/inst/PS7_i/FCLKCLK[0]
                         net (fo=1, routed)           0.310     0.310    zynq/zynq_i/processing_system7_0/inst/FCLK_CLK_unbuffered[0]
    BUFGCTRL_X0Y16       BUFG (Prop_bufg_I_O)         0.026     0.336 r  zynq/zynq_i/processing_system7_0/inst/buffer_fclk_clk_0.FCLK_CLK_0_BUFG/O
                         net (fo=3246, routed)        0.552     0.888    <hidden>
    SLICE_X45Y64         FDRE                                         r  <hidden>
  -------------------------------------------------------------------    -------------------
    SLICE_X45Y64         FDRE (Prop_fdre_C_Q)         0.141     1.029 f  <hidden>
                         net (fo=3, routed)           0.181     1.210    <hidden>
    SLICE_X45Y64         LUT3 (Prop_lut3_I1_O)        0.045     1.255 f  <hidden>
                         net (fo=32, routed)          0.148     1.403    <hidden>
    SLICE_X45Y63         FDCE                                         f  <hidden>
  -------------------------------------------------------------------    -------------------

                         (clock clk_fpga_0 rise edge)
                                                      0.000     0.000 r  
    PS7_X0Y0             PS7                          0.000     0.000 r  zynq/zynq_i/processing_system7_0/inst/PS7_i/FCLKCLK[0]
                         net (fo=1, routed)           0.337     0.337    zynq/zynq_i/processing_system7_0/inst/FCLK_CLK_unbuffered[0]
    BUFGCTRL_X0Y16       BUFG (Prop_bufg_I_O)         0.029     0.366 r  zynq/zynq_i/processing_system7_0/inst/buffer_fclk_clk_0.FCLK_CLK_0_BUFG/O
                         net (fo=3246, routed)        0.819     1.185    <hidden>
    SLICE_X45Y63         FDCE                                         r  <hidden>
                         clock pessimism             -0.282     0.903    
    SLICE_X45Y63         FDCE (Remov_fdce_C_CLR)     -0.092     0.811    <hidden>
  -------------------------------------------------------------------
                         required time                         -0.811    
                         arrival time                           1.403    
  -------------------------------------------------------------------
                         slack                                  0.592    

Slack (MET) :             0.599ns  (arrival time - required time)
  Source:                 <hidden>
                            (rising edge-triggered cell FDRE clocked by clk_fpga_0  {rise@0.000ns fall@5.000ns period=10.000ns})
  Destination:            <hidden>
                            (removal check against rising-edge clock clk_fpga_0  {rise@0.000ns fall@5.000ns period=10.000ns})
  Path Group:             **async_default**
  Path Type:              Removal (Min at Fast Process Corner)
  Requirement:            0.000ns  (clk_fpga_0 rise@0.000ns - clk_fpga_0 rise@0.000ns)
  Data Path Delay:        0.569ns  (logic 0.186ns (32.682%)  route 0.383ns (67.318%))
  Logic Levels:           1  (LUT3=1)
  Clock Path Skew:        0.037ns (DCD - SCD - CPR)
    Destination Clock Delay (DCD):    1.231ns
    Source Clock Delay      (SCD):    0.931ns
    Clock Pessimism Removal (CPR):    0.263ns

    Location             Delay type                Incr(ns)  Path(ns)    Netlist Resource(s)
  -------------------------------------------------------------------    -------------------
                         (clock clk_fpga_0 rise edge)
                                                      0.000     0.000 r  
    PS7_X0Y0             PS7                          0.000     0.000 r  zynq/zynq_i/processing_system7_0/inst/PS7_i/FCLKCLK[0]
                         net (fo=1, routed)           0.310     0.310    zynq/zynq_i/processing_system7_0/inst/FCLK_CLK_unbuffered[0]
    BUFGCTRL_X0Y16       BUFG (Prop_bufg_I_O)         0.026     0.336 r  zynq/zynq_i/processing_system7_0/inst/buffer_fclk_clk_0.FCLK_CLK_0_BUFG/O
                         net (fo=3246, routed)        0.595     0.931    <hidden>
    SLICE_X19Y46         FDRE                                         r  <hidden>
  -------------------------------------------------------------------    -------------------
    SLICE_X19Y46         FDRE (Prop_fdre_C_Q)         0.141     1.072 f  <hidden>
                         net (fo=2, routed)           0.168     1.240    <hidden>
    SLICE_X19Y46         LUT3 (Prop_lut3_I1_O)        0.045     1.285 f  <hidden>
                         net (fo=33, routed)          0.215     1.500    <hidden>
    SLICE_X12Y46         FDCE                                         f  <hidden>
  -------------------------------------------------------------------    -------------------

                         (clock clk_fpga_0 rise edge)
                                                      0.000     0.000 r  
    PS7_X0Y0             PS7                          0.000     0.000 r  zynq/zynq_i/processing_system7_0/inst/PS7_i/FCLKCLK[0]
                         net (fo=1, routed)           0.337     0.337    zynq/zynq_i/processing_system7_0/inst/FCLK_CLK_unbuffered[0]
    BUFGCTRL_X0Y16       BUFG (Prop_bufg_I_O)         0.029     0.366 r  zynq/zynq_i/processing_system7_0/inst/buffer_fclk_clk_0.FCLK_CLK_0_BUFG/O
                         net (fo=3246, routed)        0.865     1.231    <hidden>
    SLICE_X12Y46         FDCE                                         r  <hidden>
                         clock pessimism             -0.263     0.967    
    SLICE_X12Y46         FDCE (Remov_fdce_C_CLR)     -0.067     0.900    <hidden>
  -------------------------------------------------------------------
                         required time                         -0.900    
                         arrival time                           1.500    
  -------------------------------------------------------------------
                         slack                                  0.599    

Slack (MET) :             0.599ns  (arrival time - required time)
  Source:                 <hidden>
                            (rising edge-triggered cell FDRE clocked by clk_fpga_0  {rise@0.000ns fall@5.000ns period=10.000ns})
  Destination:            <hidden>
                            (removal check against rising-edge clock clk_fpga_0  {rise@0.000ns fall@5.000ns period=10.000ns})
  Path Group:             **async_default**
  Path Type:              Removal (Min at Fast Process Corner)
  Requirement:            0.000ns  (clk_fpga_0 rise@0.000ns - clk_fpga_0 rise@0.000ns)
  Data Path Delay:        0.569ns  (logic 0.186ns (32.682%)  route 0.383ns (67.318%))
  Logic Levels:           1  (LUT3=1)
  Clock Path Skew:        0.037ns (DCD - SCD - CPR)
    Destination Clock Delay (DCD):    1.231ns
    Source Clock Delay      (SCD):    0.931ns
    Clock Pessimism Removal (CPR):    0.263ns

    Location             Delay type                Incr(ns)  Path(ns)    Netlist Resource(s)
  -------------------------------------------------------------------    -------------------
                         (clock clk_fpga_0 rise edge)
                                                      0.000     0.000 r  
    PS7_X0Y0             PS7                          0.000     0.000 r  zynq/zynq_i/processing_system7_0/inst/PS7_i/FCLKCLK[0]
                         net (fo=1, routed)           0.310     0.310    zynq/zynq_i/processing_system7_0/inst/FCLK_CLK_unbuffered[0]
    BUFGCTRL_X0Y16       BUFG (Prop_bufg_I_O)         0.026     0.336 r  zynq/zynq_i/processing_system7_0/inst/buffer_fclk_clk_0.FCLK_CLK_0_BUFG/O
                         net (fo=3246, routed)        0.595     0.931    <hidden>
    SLICE_X19Y46         FDRE                                         r  <hidden>
  -------------------------------------------------------------------    -------------------
    SLICE_X19Y46         FDRE (Prop_fdre_C_Q)         0.141     1.072 f  <hidden>
                         net (fo=2, routed)           0.168     1.240    <hidden>
    SLICE_X19Y46         LUT3 (Prop_lut3_I1_O)        0.045     1.285 f  <hidden>
                         net (fo=33, routed)          0.215     1.500    <hidden>
    SLICE_X12Y46         FDCE                                         f  <hidden>
  -------------------------------------------------------------------    -------------------

                         (clock clk_fpga_0 rise edge)
                                                      0.000     0.000 r  
    PS7_X0Y0             PS7                          0.000     0.000 r  zynq/zynq_i/processing_system7_0/inst/PS7_i/FCLKCLK[0]
                         net (fo=1, routed)           0.337     0.337    zynq/zynq_i/processing_system7_0/inst/FCLK_CLK_unbuffered[0]
    BUFGCTRL_X0Y16       BUFG (Prop_bufg_I_O)         0.029     0.366 r  zynq/zynq_i/processing_system7_0/inst/buffer_fclk_clk_0.FCLK_CLK_0_BUFG/O
                         net (fo=3246, routed)        0.865     1.231    <hidden>
    SLICE_X12Y46         FDCE                                         r  <hidden>
                         clock pessimism             -0.263     0.967    
    SLICE_X12Y46         FDCE (Remov_fdce_C_CLR)     -0.067     0.900    <hidden>
  -------------------------------------------------------------------
                         required time                         -0.900    
                         arrival time                           1.500    
  -------------------------------------------------------------------
                         slack                                  0.599    

Slack (MET) :             0.599ns  (arrival time - required time)
  Source:                 <hidden>
                            (rising edge-triggered cell FDRE clocked by clk_fpga_0  {rise@0.000ns fall@5.000ns period=10.000ns})
  Destination:            <hidden>
                            (removal check against rising-edge clock clk_fpga_0  {rise@0.000ns fall@5.000ns period=10.000ns})
  Path Group:             **async_default**
  Path Type:              Removal (Min at Fast Process Corner)
  Requirement:            0.000ns  (clk_fpga_0 rise@0.000ns - clk_fpga_0 rise@0.000ns)
  Data Path Delay:        0.569ns  (logic 0.186ns (32.682%)  route 0.383ns (67.318%))
  Logic Levels:           1  (LUT3=1)
  Clock Path Skew:        0.037ns (DCD - SCD - CPR)
    Destination Clock Delay (DCD):    1.231ns
    Source Clock Delay      (SCD):    0.931ns
    Clock Pessimism Removal (CPR):    0.263ns

    Location             Delay type                Incr(ns)  Path(ns)    Netlist Resource(s)
  -------------------------------------------------------------------    -------------------
                         (clock clk_fpga_0 rise edge)
                                                      0.000     0.000 r  
    PS7_X0Y0             PS7                          0.000     0.000 r  zynq/zynq_i/processing_system7_0/inst/PS7_i/FCLKCLK[0]
                         net (fo=1, routed)           0.310     0.310    zynq/zynq_i/processing_system7_0/inst/FCLK_CLK_unbuffered[0]
    BUFGCTRL_X0Y16       BUFG (Prop_bufg_I_O)         0.026     0.336 r  zynq/zynq_i/processing_system7_0/inst/buffer_fclk_clk_0.FCLK_CLK_0_BUFG/O
                         net (fo=3246, routed)        0.595     0.931    <hidden>
    SLICE_X19Y46         FDRE                                         r  <hidden>
  -------------------------------------------------------------------    -------------------
    SLICE_X19Y46         FDRE (Prop_fdre_C_Q)         0.141     1.072 f  <hidden>
                         net (fo=2, routed)           0.168     1.240    <hidden>
    SLICE_X19Y46         LUT3 (Prop_lut3_I1_O)        0.045     1.285 f  <hidden>
                         net (fo=33, routed)          0.215     1.500    <hidden>
    SLICE_X12Y46         FDCE                                         f  <hidden>
  -------------------------------------------------------------------    -------------------

                         (clock clk_fpga_0 rise edge)
                                                      0.000     0.000 r  
    PS7_X0Y0             PS7                          0.000     0.000 r  zynq/zynq_i/processing_system7_0/inst/PS7_i/FCLKCLK[0]
                         net (fo=1, routed)           0.337     0.337    zynq/zynq_i/processing_system7_0/inst/FCLK_CLK_unbuffered[0]
    BUFGCTRL_X0Y16       BUFG (Prop_bufg_I_O)         0.029     0.366 r  zynq/zynq_i/processing_system7_0/inst/buffer_fclk_clk_0.FCLK_CLK_0_BUFG/O
                         net (fo=3246, routed)        0.865     1.231    <hidden>
    SLICE_X12Y46         FDCE                                         r  <hidden>
                         clock pessimism             -0.263     0.967    
    SLICE_X12Y46         FDCE (Remov_fdce_C_CLR)     -0.067     0.900    <hidden>
  -------------------------------------------------------------------
                         required time                         -0.900    
                         arrival time                           1.500    
  -------------------------------------------------------------------
                         slack                                  0.599    





--------------------------------------------------------------------------------------
Path Group:  (none)
From Clock:  
  To Clock:  clk_fpga_0

Max Delay             1 Endpoint
Min Delay             1 Endpoint
--------------------------------------------------------------------------------------


Max Delay Paths
--------------------------------------------------------------------------------------
Slack:                    inf
  Source:                 zynq/zynq_i/processing_system7_0/inst/PS7_i/FCLKRESETN[0]
                            (internal pin)
  Destination:            zynq/zynq_i/proc_sys_reset_0/U0/EXT_LPF/ACTIVE_LOW_EXT.ACT_LO_EXT/syncstages_ff_reg[0]/D
                            (rising edge-triggered cell FDRE clocked by clk_fpga_0  {rise@0.000ns fall@5.000ns period=10.000ns})
  Path Group:             (none)
  Path Type:              Setup (Max at Slow Process Corner)
  Data Path Delay:        1.790ns  (logic 0.124ns (6.929%)  route 1.666ns (93.071%))
  Logic Levels:           1  (LUT1=1)
  Clock Uncertainty:      0.152ns  ((TSJ^2 + TIJ^2)^1/2 + DJ) / 2 + PE
    Total System Jitter     (TSJ):    0.050ns
    Total Input Jitter      (TIJ):    0.300ns
    Discrete Jitter          (DJ):    0.000ns
    Phase Error              (PE):    0.000ns
  Timing Exception:       False Path

    Location             Delay type                Incr(ns)  Path(ns)    Netlist Resource(s)
  -------------------------------------------------------------------    -------------------
    PS7_X0Y0             PS7                          0.000     0.000 f  zynq/zynq_i/processing_system7_0/inst/PS7_i/FCLKRESETN[0]
                         net (fo=2, routed)           1.666     1.666    zynq/zynq_i/proc_sys_reset_0/U0/EXT_LPF/ext_reset_in
    SLICE_X44Y85         LUT1 (Prop_lut1_I0_O)        0.124     1.790 r  zynq/zynq_i/proc_sys_reset_0/U0/EXT_LPF/ACTIVE_LOW_EXT.ACT_LO_EXT_i_1/O
                         net (fo=1, routed)           0.000     1.790    zynq/zynq_i/proc_sys_reset_0/U0/EXT_LPF/ACTIVE_LOW_EXT.ACT_LO_EXT/src_in
    SLICE_X44Y85         FDRE                                         r  zynq/zynq_i/proc_sys_reset_0/U0/EXT_LPF/ACTIVE_LOW_EXT.ACT_LO_EXT/syncstages_ff_reg[0]/D
  -------------------------------------------------------------------    -------------------

                         (clock clk_fpga_0 rise edge)
                                                      0.000     0.000 r  
    PS7_X0Y0             PS7                          0.000     0.000 r  zynq/zynq_i/processing_system7_0/inst/PS7_i/FCLKCLK[0]
                         net (fo=1, routed)           1.088     1.088    zynq/zynq_i/processing_system7_0/inst/FCLK_CLK_unbuffered[0]
    BUFGCTRL_X0Y16       BUFG (Prop_bufg_I_O)         0.091     1.179 r  zynq/zynq_i/processing_system7_0/inst/buffer_fclk_clk_0.FCLK_CLK_0_BUFG/O
                         net (fo=3246, routed)        1.473     2.652    zynq/zynq_i/proc_sys_reset_0/U0/EXT_LPF/ACTIVE_LOW_EXT.ACT_LO_EXT/dest_clk
    SLICE_X44Y85         FDRE                                         r  zynq/zynq_i/proc_sys_reset_0/U0/EXT_LPF/ACTIVE_LOW_EXT.ACT_LO_EXT/syncstages_ff_reg[0]/C





Min Delay Paths
--------------------------------------------------------------------------------------
Slack:                    inf
  Source:                 zynq/zynq_i/processing_system7_0/inst/PS7_i/FCLKRESETN[0]
                            (internal pin)
  Destination:            zynq/zynq_i/proc_sys_reset_0/U0/EXT_LPF/ACTIVE_LOW_EXT.ACT_LO_EXT/syncstages_ff_reg[0]/D
                            (rising edge-triggered cell FDRE clocked by clk_fpga_0  {rise@0.000ns fall@5.000ns period=10.000ns})
  Path Group:             (none)
  Path Type:              Hold (Min at Fast Process Corner)
  Data Path Delay:        0.723ns  (logic 0.045ns (6.227%)  route 0.678ns (93.773%))
  Logic Levels:           1  (LUT1=1)
  Clock Uncertainty:      0.152ns  ((TSJ^2 + TIJ^2)^1/2 + DJ) / 2 + PE
    Total System Jitter     (TSJ):    0.050ns
    Total Input Jitter      (TIJ):    0.300ns
    Discrete Jitter          (DJ):    0.000ns
    Phase Error              (PE):    0.000ns
  Timing Exception:       False Path

    Location             Delay type                Incr(ns)  Path(ns)    Netlist Resource(s)
  -------------------------------------------------------------------    -------------------
    PS7_X0Y0             PS7                          0.000     0.000 f  zynq/zynq_i/processing_system7_0/inst/PS7_i/FCLKRESETN[0]
                         net (fo=2, routed)           0.678     0.678    zynq/zynq_i/proc_sys_reset_0/U0/EXT_LPF/ext_reset_in
    SLICE_X44Y85         LUT1 (Prop_lut1_I0_O)        0.045     0.723 r  zynq/zynq_i/proc_sys_reset_0/U0/EXT_LPF/ACTIVE_LOW_EXT.ACT_LO_EXT_i_1/O
                         net (fo=1, routed)           0.000     0.723    zynq/zynq_i/proc_sys_reset_0/U0/EXT_LPF/ACTIVE_LOW_EXT.ACT_LO_EXT/src_in
    SLICE_X44Y85         FDRE                                         r  zynq/zynq_i/proc_sys_reset_0/U0/EXT_LPF/ACTIVE_LOW_EXT.ACT_LO_EXT/syncstages_ff_reg[0]/D
  -------------------------------------------------------------------    -------------------

                         (clock clk_fpga_0 rise edge)
                                                      0.000     0.000 r  
    PS7_X0Y0             PS7                          0.000     0.000 r  zynq/zynq_i/processing_system7_0/inst/PS7_i/FCLKCLK[0]
                         net (fo=1, routed)           0.337     0.337    zynq/zynq_i/processing_system7_0/inst/FCLK_CLK_unbuffered[0]
    BUFGCTRL_X0Y16       BUFG (Prop_bufg_I_O)         0.029     0.366 r  zynq/zynq_i/processing_system7_0/inst/buffer_fclk_clk_0.FCLK_CLK_0_BUFG/O
                         net (fo=3246, routed)        0.819     1.185    zynq/zynq_i/proc_sys_reset_0/U0/EXT_LPF/ACTIVE_LOW_EXT.ACT_LO_EXT/dest_clk
    SLICE_X44Y85         FDRE                                         r  zynq/zynq_i/proc_sys_reset_0/U0/EXT_LPF/ACTIVE_LOW_EXT.ACT_LO_EXT/syncstages_ff_reg[0]/C





--------------------------------------------------------------------------------------
Path Group:  (none)
From Clock:  clk_fpga_0
  To Clock:  clk_fpga_0

Max Delay             8 Endpoints
Min Delay             8 Endpoints
--------------------------------------------------------------------------------------


Max Delay Paths
--------------------------------------------------------------------------------------
Slack:                    inf
  Source:                 zynq/zynq_i/proc_sys_reset_0/U0/ACTIVE_LOW_PR_OUT_DFF[0].FDRE_PER_N/C
                            (rising edge-triggered cell FDRE clocked by clk_fpga_0  {rise@0.000ns fall@5.000ns period=10.000ns})
  Destination:            <hidden>
                            (recovery check against rising-edge clock clk_fpga_0  {rise@0.000ns fall@5.000ns period=10.000ns})
  Path Group:             (none)
  Path Type:              Recovery (Max at Slow Process Corner)
  Data Path Delay:        4.415ns  (logic 0.580ns (13.136%)  route 3.835ns (86.864%))
  Logic Levels:           1  (LUT1=1)
  Clock Path Skew:        -0.188ns (DCD - SCD + CPR)
    Destination Clock Delay (DCD):    2.750ns
    Source Clock Delay      (SCD):    2.938ns
    Clock Pessimism Removal (CPR):    0.000ns
  Clock Uncertainty:      0.154ns  ((TSJ^2 + TIJ^2)^1/2 + DJ) / 2 + PE
    Total System Jitter     (TSJ):    0.071ns
    Total Input Jitter      (TIJ):    0.300ns
    Discrete Jitter          (DJ):    0.000ns
    Phase Error              (PE):    0.000ns
  Timing Exception:       False Path

    Location             Delay type                Incr(ns)  Path(ns)    Netlist Resource(s)
  -------------------------------------------------------------------    -------------------
                         (clock clk_fpga_0 rise edge)
                                                      0.000     0.000 r  
    PS7_X0Y0             PS7                          0.000     0.000 r  zynq/zynq_i/processing_system7_0/inst/PS7_i/FCLKCLK[0]
                         net (fo=1, routed)           1.193     1.193    zynq/zynq_i/processing_system7_0/inst/FCLK_CLK_unbuffered[0]
    BUFGCTRL_X0Y16       BUFG (Prop_bufg_I_O)         0.101     1.294 r  zynq/zynq_i/processing_system7_0/inst/buffer_fclk_clk_0.FCLK_CLK_0_BUFG/O
                         net (fo=3246, routed)        1.644     2.938    zynq/zynq_i/proc_sys_reset_0/U0/slowest_sync_clk
    SLICE_X44Y84         FDRE                                         r  zynq/zynq_i/proc_sys_reset_0/U0/ACTIVE_LOW_PR_OUT_DFF[0].FDRE_PER_N/C
  -------------------------------------------------------------------    -------------------
    SLICE_X44Y84         FDRE (Prop_fdre_C_Q)         0.456     3.394 r  zynq/zynq_i/proc_sys_reset_0/U0/ACTIVE_LOW_PR_OUT_DFF[0].FDRE_PER_N/Q
                         net (fo=18, routed)          3.424     6.818    zynq/zynq_i/axi_mem_intercon/s00_couplers/auto_pc/inst/gen_axi4_axi3.axi3_conv_inst/USE_READ.USE_SPLIT_R.read_addr_inst/USE_R_CHANNEL.cmd_queue/inst/aresetn
    SLICE_X29Y46         LUT1 (Prop_lut1_I0_O)        0.124     6.942 f  zynq/zynq_i/axi_mem_intercon/s00_couplers/auto_pc/inst/gen_axi4_axi3.axi3_conv_inst/USE_READ.USE_SPLIT_R.read_addr_inst/USE_R_CHANNEL.cmd_queue/inst/S_AXI_ASIZE_Q[2]_i_1/O
                         net (fo=44, routed)          0.411     7.353    <hidden>
    SLICE_X29Y46         FDPE                                         f  <hidden>
  -------------------------------------------------------------------    -------------------

                         (clock clk_fpga_0 rise edge)
                                                      0.000     0.000 r  
    PS7_X0Y0             PS7                          0.000     0.000 r  zynq/zynq_i/processing_system7_0/inst/PS7_i/FCLKCLK[0]
                         net (fo=1, routed)           1.088     1.088    zynq/zynq_i/processing_system7_0/inst/FCLK_CLK_unbuffered[0]
    BUFGCTRL_X0Y16       BUFG (Prop_bufg_I_O)         0.091     1.179 r  zynq/zynq_i/processing_system7_0/inst/buffer_fclk_clk_0.FCLK_CLK_0_BUFG/O
                         net (fo=3246, routed)        1.571     2.750    <hidden>
    SLICE_X29Y46         FDPE                                         r  <hidden>

Slack:                    inf
  Source:                 zynq/zynq_i/proc_sys_reset_0/U0/ACTIVE_LOW_PR_OUT_DFF[0].FDRE_PER_N/C
                            (rising edge-triggered cell FDRE clocked by clk_fpga_0  {rise@0.000ns fall@5.000ns period=10.000ns})
  Destination:            <hidden>
                            (recovery check against rising-edge clock clk_fpga_0  {rise@0.000ns fall@5.000ns period=10.000ns})
  Path Group:             (none)
  Path Type:              Recovery (Max at Slow Process Corner)
  Data Path Delay:        4.415ns  (logic 0.580ns (13.136%)  route 3.835ns (86.864%))
  Logic Levels:           1  (LUT1=1)
  Clock Path Skew:        -0.188ns (DCD - SCD + CPR)
    Destination Clock Delay (DCD):    2.750ns
    Source Clock Delay      (SCD):    2.938ns
    Clock Pessimism Removal (CPR):    0.000ns
  Clock Uncertainty:      0.154ns  ((TSJ^2 + TIJ^2)^1/2 + DJ) / 2 + PE
    Total System Jitter     (TSJ):    0.071ns
    Total Input Jitter      (TIJ):    0.300ns
    Discrete Jitter          (DJ):    0.000ns
    Phase Error              (PE):    0.000ns
  Timing Exception:       False Path

    Location             Delay type                Incr(ns)  Path(ns)    Netlist Resource(s)
  -------------------------------------------------------------------    -------------------
                         (clock clk_fpga_0 rise edge)
                                                      0.000     0.000 r  
    PS7_X0Y0             PS7                          0.000     0.000 r  zynq/zynq_i/processing_system7_0/inst/PS7_i/FCLKCLK[0]
                         net (fo=1, routed)           1.193     1.193    zynq/zynq_i/processing_system7_0/inst/FCLK_CLK_unbuffered[0]
    BUFGCTRL_X0Y16       BUFG (Prop_bufg_I_O)         0.101     1.294 r  zynq/zynq_i/processing_system7_0/inst/buffer_fclk_clk_0.FCLK_CLK_0_BUFG/O
                         net (fo=3246, routed)        1.644     2.938    zynq/zynq_i/proc_sys_reset_0/U0/slowest_sync_clk
    SLICE_X44Y84         FDRE                                         r  zynq/zynq_i/proc_sys_reset_0/U0/ACTIVE_LOW_PR_OUT_DFF[0].FDRE_PER_N/C
  -------------------------------------------------------------------    -------------------
    SLICE_X44Y84         FDRE (Prop_fdre_C_Q)         0.456     3.394 r  zynq/zynq_i/proc_sys_reset_0/U0/ACTIVE_LOW_PR_OUT_DFF[0].FDRE_PER_N/Q
                         net (fo=18, routed)          3.424     6.818    zynq/zynq_i/axi_mem_intercon/s00_couplers/auto_pc/inst/gen_axi4_axi3.axi3_conv_inst/USE_READ.USE_SPLIT_R.read_addr_inst/USE_R_CHANNEL.cmd_queue/inst/aresetn
    SLICE_X29Y46         LUT1 (Prop_lut1_I0_O)        0.124     6.942 f  zynq/zynq_i/axi_mem_intercon/s00_couplers/auto_pc/inst/gen_axi4_axi3.axi3_conv_inst/USE_READ.USE_SPLIT_R.read_addr_inst/USE_R_CHANNEL.cmd_queue/inst/S_AXI_ASIZE_Q[2]_i_1/O
                         net (fo=44, routed)          0.411     7.353    <hidden>
    SLICE_X29Y46         FDPE                                         f  <hidden>
  -------------------------------------------------------------------    -------------------

                         (clock clk_fpga_0 rise edge)
                                                      0.000     0.000 r  
    PS7_X0Y0             PS7                          0.000     0.000 r  zynq/zynq_i/processing_system7_0/inst/PS7_i/FCLKCLK[0]
                         net (fo=1, routed)           1.088     1.088    zynq/zynq_i/processing_system7_0/inst/FCLK_CLK_unbuffered[0]
    BUFGCTRL_X0Y16       BUFG (Prop_bufg_I_O)         0.091     1.179 r  zynq/zynq_i/processing_system7_0/inst/buffer_fclk_clk_0.FCLK_CLK_0_BUFG/O
                         net (fo=3246, routed)        1.571     2.750    <hidden>
    SLICE_X29Y46         FDPE                                         r  <hidden>

Slack:                    inf
  Source:                 zynq/zynq_i/proc_sys_reset_0/U0/ACTIVE_LOW_PR_OUT_DFF[0].FDRE_PER_N/C
                            (rising edge-triggered cell FDRE clocked by clk_fpga_0  {rise@0.000ns fall@5.000ns period=10.000ns})
  Destination:            <hidden>
                            (recovery check against rising-edge clock clk_fpga_0  {rise@0.000ns fall@5.000ns period=10.000ns})
  Path Group:             (none)
  Path Type:              Recovery (Max at Slow Process Corner)
  Data Path Delay:        3.835ns  (logic 0.580ns (15.122%)  route 3.255ns (84.878%))
  Logic Levels:           1  (LUT1=1)
  Clock Path Skew:        -0.286ns (DCD - SCD + CPR)
    Destination Clock Delay (DCD):    2.652ns
    Source Clock Delay      (SCD):    2.938ns
    Clock Pessimism Removal (CPR):    0.000ns
  Clock Uncertainty:      0.154ns  ((TSJ^2 + TIJ^2)^1/2 + DJ) / 2 + PE
    Total System Jitter     (TSJ):    0.071ns
    Total Input Jitter      (TIJ):    0.300ns
    Discrete Jitter          (DJ):    0.000ns
    Phase Error              (PE):    0.000ns
  Timing Exception:       False Path

    Location             Delay type                Incr(ns)  Path(ns)    Netlist Resource(s)
  -------------------------------------------------------------------    -------------------
                         (clock clk_fpga_0 rise edge)
                                                      0.000     0.000 r  
    PS7_X0Y0             PS7                          0.000     0.000 r  zynq/zynq_i/processing_system7_0/inst/PS7_i/FCLKCLK[0]
                         net (fo=1, routed)           1.193     1.193    zynq/zynq_i/processing_system7_0/inst/FCLK_CLK_unbuffered[0]
    BUFGCTRL_X0Y16       BUFG (Prop_bufg_I_O)         0.101     1.294 r  zynq/zynq_i/processing_system7_0/inst/buffer_fclk_clk_0.FCLK_CLK_0_BUFG/O
                         net (fo=3246, routed)        1.644     2.938    zynq/zynq_i/proc_sys_reset_0/U0/slowest_sync_clk
    SLICE_X44Y84         FDRE                                         r  zynq/zynq_i/proc_sys_reset_0/U0/ACTIVE_LOW_PR_OUT_DFF[0].FDRE_PER_N/C
  -------------------------------------------------------------------    -------------------
    SLICE_X44Y84         FDRE (Prop_fdre_C_Q)         0.456     3.394 r  zynq/zynq_i/proc_sys_reset_0/U0/ACTIVE_LOW_PR_OUT_DFF[0].FDRE_PER_N/Q
                         net (fo=18, routed)          1.802     5.196    zynq/zynq_i/axi_mem_intercon_1/s00_couplers/auto_pc/inst/gen_axi4_axi3.axi3_conv_inst/USE_WRITE.write_addr_inst/USE_BURSTS.cmd_queue/inst/aresetn
    SLICE_X36Y65         LUT1 (Prop_lut1_I0_O)        0.124     5.320 f  zynq/zynq_i/axi_mem_intercon_1/s00_couplers/auto_pc/inst/gen_axi4_axi3.axi3_conv_inst/USE_WRITE.write_addr_inst/USE_BURSTS.cmd_queue/inst/S_AXI_AREADY_I_i_1/O
                         net (fo=115, routed)         1.453     6.773    <hidden>
    SLICE_X44Y64         FDPE                                         f  <hidden>
  -------------------------------------------------------------------    -------------------

                         (clock clk_fpga_0 rise edge)
                                                      0.000     0.000 r  
    PS7_X0Y0             PS7                          0.000     0.000 r  zynq/zynq_i/processing_system7_0/inst/PS7_i/FCLKCLK[0]
                         net (fo=1, routed)           1.088     1.088    zynq/zynq_i/processing_system7_0/inst/FCLK_CLK_unbuffered[0]
    BUFGCTRL_X0Y16       BUFG (Prop_bufg_I_O)         0.091     1.179 r  zynq/zynq_i/processing_system7_0/inst/buffer_fclk_clk_0.FCLK_CLK_0_BUFG/O
                         net (fo=3246, routed)        1.473     2.652    <hidden>
    SLICE_X44Y64         FDPE                                         r  <hidden>

Slack:                    inf
  Source:                 zynq/zynq_i/proc_sys_reset_0/U0/ACTIVE_LOW_PR_OUT_DFF[0].FDRE_PER_N/C
                            (rising edge-triggered cell FDRE clocked by clk_fpga_0  {rise@0.000ns fall@5.000ns period=10.000ns})
  Destination:            <hidden>
                            (recovery check against rising-edge clock clk_fpga_0  {rise@0.000ns fall@5.000ns period=10.000ns})
  Path Group:             (none)
  Path Type:              Recovery (Max at Slow Process Corner)
  Data Path Delay:        3.835ns  (logic 0.580ns (15.122%)  route 3.255ns (84.878%))
  Logic Levels:           1  (LUT1=1)
  Clock Path Skew:        -0.286ns (DCD - SCD + CPR)
    Destination Clock Delay (DCD):    2.652ns
    Source Clock Delay      (SCD):    2.938ns
    Clock Pessimism Removal (CPR):    0.000ns
  Clock Uncertainty:      0.154ns  ((TSJ^2 + TIJ^2)^1/2 + DJ) / 2 + PE
    Total System Jitter     (TSJ):    0.071ns
    Total Input Jitter      (TIJ):    0.300ns
    Discrete Jitter          (DJ):    0.000ns
    Phase Error              (PE):    0.000ns
  Timing Exception:       False Path

    Location             Delay type                Incr(ns)  Path(ns)    Netlist Resource(s)
  -------------------------------------------------------------------    -------------------
                         (clock clk_fpga_0 rise edge)
                                                      0.000     0.000 r  
    PS7_X0Y0             PS7                          0.000     0.000 r  zynq/zynq_i/processing_system7_0/inst/PS7_i/FCLKCLK[0]
                         net (fo=1, routed)           1.193     1.193    zynq/zynq_i/processing_system7_0/inst/FCLK_CLK_unbuffered[0]
    BUFGCTRL_X0Y16       BUFG (Prop_bufg_I_O)         0.101     1.294 r  zynq/zynq_i/processing_system7_0/inst/buffer_fclk_clk_0.FCLK_CLK_0_BUFG/O
                         net (fo=3246, routed)        1.644     2.938    zynq/zynq_i/proc_sys_reset_0/U0/slowest_sync_clk
    SLICE_X44Y84         FDRE                                         r  zynq/zynq_i/proc_sys_reset_0/U0/ACTIVE_LOW_PR_OUT_DFF[0].FDRE_PER_N/C
  -------------------------------------------------------------------    -------------------
    SLICE_X44Y84         FDRE (Prop_fdre_C_Q)         0.456     3.394 r  zynq/zynq_i/proc_sys_reset_0/U0/ACTIVE_LOW_PR_OUT_DFF[0].FDRE_PER_N/Q
                         net (fo=18, routed)          1.802     5.196    zynq/zynq_i/axi_mem_intercon_1/s00_couplers/auto_pc/inst/gen_axi4_axi3.axi3_conv_inst/USE_WRITE.write_addr_inst/USE_BURSTS.cmd_queue/inst/aresetn
    SLICE_X36Y65         LUT1 (Prop_lut1_I0_O)        0.124     5.320 f  zynq/zynq_i/axi_mem_intercon_1/s00_couplers/auto_pc/inst/gen_axi4_axi3.axi3_conv_inst/USE_WRITE.write_addr_inst/USE_BURSTS.cmd_queue/inst/S_AXI_AREADY_I_i_1/O
                         net (fo=115, routed)         1.453     6.773    <hidden>
    SLICE_X44Y64         FDPE                                         f  <hidden>
  -------------------------------------------------------------------    -------------------

                         (clock clk_fpga_0 rise edge)
                                                      0.000     0.000 r  
    PS7_X0Y0             PS7                          0.000     0.000 r  zynq/zynq_i/processing_system7_0/inst/PS7_i/FCLKCLK[0]
                         net (fo=1, routed)           1.088     1.088    zynq/zynq_i/processing_system7_0/inst/FCLK_CLK_unbuffered[0]
    BUFGCTRL_X0Y16       BUFG (Prop_bufg_I_O)         0.091     1.179 r  zynq/zynq_i/processing_system7_0/inst/buffer_fclk_clk_0.FCLK_CLK_0_BUFG/O
                         net (fo=3246, routed)        1.473     2.652    <hidden>
    SLICE_X44Y64         FDPE                                         r  <hidden>

Slack:                    inf
  Source:                 zynq/zynq_i/proc_sys_reset_0/U0/ACTIVE_LOW_PR_OUT_DFF[0].FDRE_PER_N/C
                            (rising edge-triggered cell FDRE clocked by clk_fpga_0  {rise@0.000ns fall@5.000ns period=10.000ns})
  Destination:            <hidden>
                            (recovery check against rising-edge clock clk_fpga_0  {rise@0.000ns fall@5.000ns period=10.000ns})
  Path Group:             (none)
  Path Type:              Recovery (Max at Slow Process Corner)
  Data Path Delay:        3.685ns  (logic 0.580ns (15.737%)  route 3.105ns (84.263%))
  Logic Levels:           1  (LUT1=1)
  Clock Path Skew:        -0.286ns (DCD - SCD + CPR)
    Destination Clock Delay (DCD):    2.652ns
    Source Clock Delay      (SCD):    2.938ns
    Clock Pessimism Removal (CPR):    0.000ns
  Clock Uncertainty:      0.154ns  ((TSJ^2 + TIJ^2)^1/2 + DJ) / 2 + PE
    Total System Jitter     (TSJ):    0.071ns
    Total Input Jitter      (TIJ):    0.300ns
    Discrete Jitter          (DJ):    0.000ns
    Phase Error              (PE):    0.000ns
  Timing Exception:       False Path

    Location             Delay type                Incr(ns)  Path(ns)    Netlist Resource(s)
  -------------------------------------------------------------------    -------------------
                         (clock clk_fpga_0 rise edge)
                                                      0.000     0.000 r  
    PS7_X0Y0             PS7                          0.000     0.000 r  zynq/zynq_i/processing_system7_0/inst/PS7_i/FCLKCLK[0]
                         net (fo=1, routed)           1.193     1.193    zynq/zynq_i/processing_system7_0/inst/FCLK_CLK_unbuffered[0]
    BUFGCTRL_X0Y16       BUFG (Prop_bufg_I_O)         0.101     1.294 r  zynq/zynq_i/processing_system7_0/inst/buffer_fclk_clk_0.FCLK_CLK_0_BUFG/O
                         net (fo=3246, routed)        1.644     2.938    zynq/zynq_i/proc_sys_reset_0/U0/slowest_sync_clk
    SLICE_X44Y84         FDRE                                         r  zynq/zynq_i/proc_sys_reset_0/U0/ACTIVE_LOW_PR_OUT_DFF[0].FDRE_PER_N/C
  -------------------------------------------------------------------    -------------------
    SLICE_X44Y84         FDRE (Prop_fdre_C_Q)         0.456     3.394 r  zynq/zynq_i/proc_sys_reset_0/U0/ACTIVE_LOW_PR_OUT_DFF[0].FDRE_PER_N/Q
                         net (fo=18, routed)          1.802     5.196    zynq/zynq_i/axi_mem_intercon_1/s00_couplers/auto_pc/inst/gen_axi4_axi3.axi3_conv_inst/USE_WRITE.write_addr_inst/USE_BURSTS.cmd_queue/inst/aresetn
    SLICE_X36Y65         LUT1 (Prop_lut1_I0_O)        0.124     5.320 f  zynq/zynq_i/axi_mem_intercon_1/s00_couplers/auto_pc/inst/gen_axi4_axi3.axi3_conv_inst/USE_WRITE.write_addr_inst/USE_BURSTS.cmd_queue/inst/S_AXI_AREADY_I_i_1/O
                         net (fo=115, routed)         1.303     6.623    <hidden>
    SLICE_X43Y65         FDPE                                         f  <hidden>
  -------------------------------------------------------------------    -------------------

                         (clock clk_fpga_0 rise edge)
                                                      0.000     0.000 r  
    PS7_X0Y0             PS7                          0.000     0.000 r  zynq/zynq_i/processing_system7_0/inst/PS7_i/FCLKCLK[0]
                         net (fo=1, routed)           1.088     1.088    zynq/zynq_i/processing_system7_0/inst/FCLK_CLK_unbuffered[0]
    BUFGCTRL_X0Y16       BUFG (Prop_bufg_I_O)         0.091     1.179 r  zynq/zynq_i/processing_system7_0/inst/buffer_fclk_clk_0.FCLK_CLK_0_BUFG/O
                         net (fo=3246, routed)        1.473     2.652    <hidden>
    SLICE_X43Y65         FDPE                                         r  <hidden>

Slack:                    inf
  Source:                 zynq/zynq_i/proc_sys_reset_0/U0/ACTIVE_LOW_PR_OUT_DFF[0].FDRE_PER_N/C
                            (rising edge-triggered cell FDRE clocked by clk_fpga_0  {rise@0.000ns fall@5.000ns period=10.000ns})
  Destination:            <hidden>
                            (recovery check against rising-edge clock clk_fpga_0  {rise@0.000ns fall@5.000ns period=10.000ns})
  Path Group:             (none)
  Path Type:              Recovery (Max at Slow Process Corner)
  Data Path Delay:        3.685ns  (logic 0.580ns (15.737%)  route 3.105ns (84.263%))
  Logic Levels:           1  (LUT1=1)
  Clock Path Skew:        -0.286ns (DCD - SCD + CPR)
    Destination Clock Delay (DCD):    2.652ns
    Source Clock Delay      (SCD):    2.938ns
    Clock Pessimism Removal (CPR):    0.000ns
  Clock Uncertainty:      0.154ns  ((TSJ^2 + TIJ^2)^1/2 + DJ) / 2 + PE
    Total System Jitter     (TSJ):    0.071ns
    Total Input Jitter      (TIJ):    0.300ns
    Discrete Jitter          (DJ):    0.000ns
    Phase Error              (PE):    0.000ns
  Timing Exception:       False Path

    Location             Delay type                Incr(ns)  Path(ns)    Netlist Resource(s)
  -------------------------------------------------------------------    -------------------
                         (clock clk_fpga_0 rise edge)
                                                      0.000     0.000 r  
    PS7_X0Y0             PS7                          0.000     0.000 r  zynq/zynq_i/processing_system7_0/inst/PS7_i/FCLKCLK[0]
                         net (fo=1, routed)           1.193     1.193    zynq/zynq_i/processing_system7_0/inst/FCLK_CLK_unbuffered[0]
    BUFGCTRL_X0Y16       BUFG (Prop_bufg_I_O)         0.101     1.294 r  zynq/zynq_i/processing_system7_0/inst/buffer_fclk_clk_0.FCLK_CLK_0_BUFG/O
                         net (fo=3246, routed)        1.644     2.938    zynq/zynq_i/proc_sys_reset_0/U0/slowest_sync_clk
    SLICE_X44Y84         FDRE                                         r  zynq/zynq_i/proc_sys_reset_0/U0/ACTIVE_LOW_PR_OUT_DFF[0].FDRE_PER_N/C
  -------------------------------------------------------------------    -------------------
    SLICE_X44Y84         FDRE (Prop_fdre_C_Q)         0.456     3.394 r  zynq/zynq_i/proc_sys_reset_0/U0/ACTIVE_LOW_PR_OUT_DFF[0].FDRE_PER_N/Q
                         net (fo=18, routed)          1.802     5.196    zynq/zynq_i/axi_mem_intercon_1/s00_couplers/auto_pc/inst/gen_axi4_axi3.axi3_conv_inst/USE_WRITE.write_addr_inst/USE_BURSTS.cmd_queue/inst/aresetn
    SLICE_X36Y65         LUT1 (Prop_lut1_I0_O)        0.124     5.320 f  zynq/zynq_i/axi_mem_intercon_1/s00_couplers/auto_pc/inst/gen_axi4_axi3.axi3_conv_inst/USE_WRITE.write_addr_inst/USE_BURSTS.cmd_queue/inst/S_AXI_AREADY_I_i_1/O
                         net (fo=115, routed)         1.303     6.623    <hidden>
    SLICE_X43Y65         FDPE                                         f  <hidden>
  -------------------------------------------------------------------    -------------------

                         (clock clk_fpga_0 rise edge)
                                                      0.000     0.000 r  
    PS7_X0Y0             PS7                          0.000     0.000 r  zynq/zynq_i/processing_system7_0/inst/PS7_i/FCLKCLK[0]
                         net (fo=1, routed)           1.088     1.088    zynq/zynq_i/processing_system7_0/inst/FCLK_CLK_unbuffered[0]
    BUFGCTRL_X0Y16       BUFG (Prop_bufg_I_O)         0.091     1.179 r  zynq/zynq_i/processing_system7_0/inst/buffer_fclk_clk_0.FCLK_CLK_0_BUFG/O
                         net (fo=3246, routed)        1.473     2.652    <hidden>
    SLICE_X43Y65         FDPE                                         r  <hidden>

Slack:                    inf
  Source:                 zynq/zynq_i/proc_sys_reset_0/U0/ACTIVE_LOW_PR_OUT_DFF[0].FDRE_PER_N/C
                            (rising edge-triggered cell FDRE clocked by clk_fpga_0  {rise@0.000ns fall@5.000ns period=10.000ns})
  Destination:            zynq/zynq_i/axi_dma_0/U0/I_RST_MODULE/REG_HRD_RST/syncstages_ff_reg[0]/D
                            (rising edge-triggered cell FDRE clocked by clk_fpga_0  {rise@0.000ns fall@5.000ns period=10.000ns})
  Path Group:             (none)
  Path Type:              Setup (Max at Slow Process Corner)
  Data Path Delay:        1.540ns  (logic 0.456ns (29.605%)  route 1.084ns (70.395%))
  Logic Levels:           0  
  Clock Path Skew:        -0.296ns (DCD - SCD + CPR)
    Destination Clock Delay (DCD):    2.642ns
    Source Clock Delay      (SCD):    2.938ns
    Clock Pessimism Removal (CPR):    0.000ns
  Clock Uncertainty:      0.154ns  ((TSJ^2 + TIJ^2)^1/2 + DJ) / 2 + PE
    Total System Jitter     (TSJ):    0.071ns
    Total Input Jitter      (TIJ):    0.300ns
    Discrete Jitter          (DJ):    0.000ns
    Phase Error              (PE):    0.000ns
  Timing Exception:       False Path

    Location             Delay type                Incr(ns)  Path(ns)    Netlist Resource(s)
  -------------------------------------------------------------------    -------------------
                         (clock clk_fpga_0 rise edge)
                                                      0.000     0.000 r  
    PS7_X0Y0             PS7                          0.000     0.000 r  zynq/zynq_i/processing_system7_0/inst/PS7_i/FCLKCLK[0]
                         net (fo=1, routed)           1.193     1.193    zynq/zynq_i/processing_system7_0/inst/FCLK_CLK_unbuffered[0]
    BUFGCTRL_X0Y16       BUFG (Prop_bufg_I_O)         0.101     1.294 r  zynq/zynq_i/processing_system7_0/inst/buffer_fclk_clk_0.FCLK_CLK_0_BUFG/O
                         net (fo=3246, routed)        1.644     2.938    zynq/zynq_i/proc_sys_reset_0/U0/slowest_sync_clk
    SLICE_X44Y84         FDRE                                         r  zynq/zynq_i/proc_sys_reset_0/U0/ACTIVE_LOW_PR_OUT_DFF[0].FDRE_PER_N/C
  -------------------------------------------------------------------    -------------------
    SLICE_X44Y84         FDRE (Prop_fdre_C_Q)         0.456     3.394 r  zynq/zynq_i/proc_sys_reset_0/U0/ACTIVE_LOW_PR_OUT_DFF[0].FDRE_PER_N/Q
                         net (fo=18, routed)          1.084     4.478    zynq/zynq_i/axi_dma_0/U0/I_RST_MODULE/REG_HRD_RST/src_rst
    SLICE_X35Y74         FDRE                                         r  zynq/zynq_i/axi_dma_0/U0/I_RST_MODULE/REG_HRD_RST/syncstages_ff_reg[0]/D
  -------------------------------------------------------------------    -------------------

                         (clock clk_fpga_0 rise edge)
                                                      0.000     0.000 r  
    PS7_X0Y0             PS7                          0.000     0.000 r  zynq/zynq_i/processing_system7_0/inst/PS7_i/FCLKCLK[0]
                         net (fo=1, routed)           1.088     1.088    zynq/zynq_i/processing_system7_0/inst/FCLK_CLK_unbuffered[0]
    BUFGCTRL_X0Y16       BUFG (Prop_bufg_I_O)         0.091     1.179 r  zynq/zynq_i/processing_system7_0/inst/buffer_fclk_clk_0.FCLK_CLK_0_BUFG/O
                         net (fo=3246, routed)        1.463     2.642    zynq/zynq_i/axi_dma_0/U0/I_RST_MODULE/REG_HRD_RST/dest_clk
    SLICE_X35Y74         FDRE                                         r  zynq/zynq_i/axi_dma_0/U0/I_RST_MODULE/REG_HRD_RST/syncstages_ff_reg[0]/C

Slack:                    inf
  Source:                 zynq/zynq_i/proc_sys_reset_0/U0/ACTIVE_LOW_PR_OUT_DFF[0].FDRE_PER_N/C
                            (rising edge-triggered cell FDRE clocked by clk_fpga_0  {rise@0.000ns fall@5.000ns period=10.000ns})
  Destination:            zynq/zynq_i/axi_dma_0/U0/I_RST_MODULE/REG_HRD_RST_OUT/syncstages_ff_reg[0]/D
                            (rising edge-triggered cell FDRE clocked by clk_fpga_0  {rise@0.000ns fall@5.000ns period=10.000ns})
  Path Group:             (none)
  Path Type:              Setup (Max at Slow Process Corner)
  Data Path Delay:        1.283ns  (logic 0.456ns (35.543%)  route 0.827ns (64.457%))
  Logic Levels:           0  
  Clock Path Skew:        -0.285ns (DCD - SCD + CPR)
    Destination Clock Delay (DCD):    2.653ns
    Source Clock Delay      (SCD):    2.938ns
    Clock Pessimism Removal (CPR):    0.000ns
  Clock Uncertainty:      0.154ns  ((TSJ^2 + TIJ^2)^1/2 + DJ) / 2 + PE
    Total System Jitter     (TSJ):    0.071ns
    Total Input Jitter      (TIJ):    0.300ns
    Discrete Jitter          (DJ):    0.000ns
    Phase Error              (PE):    0.000ns
  Timing Exception:       False Path

    Location             Delay type                Incr(ns)  Path(ns)    Netlist Resource(s)
  -------------------------------------------------------------------    -------------------
                         (clock clk_fpga_0 rise edge)
                                                      0.000     0.000 r  
    PS7_X0Y0             PS7                          0.000     0.000 r  zynq/zynq_i/processing_system7_0/inst/PS7_i/FCLKCLK[0]
                         net (fo=1, routed)           1.193     1.193    zynq/zynq_i/processing_system7_0/inst/FCLK_CLK_unbuffered[0]
    BUFGCTRL_X0Y16       BUFG (Prop_bufg_I_O)         0.101     1.294 r  zynq/zynq_i/processing_system7_0/inst/buffer_fclk_clk_0.FCLK_CLK_0_BUFG/O
                         net (fo=3246, routed)        1.644     2.938    zynq/zynq_i/proc_sys_reset_0/U0/slowest_sync_clk
    SLICE_X44Y84         FDRE                                         r  zynq/zynq_i/proc_sys_reset_0/U0/ACTIVE_LOW_PR_OUT_DFF[0].FDRE_PER_N/C
  -------------------------------------------------------------------    -------------------
    SLICE_X44Y84         FDRE (Prop_fdre_C_Q)         0.456     3.394 r  zynq/zynq_i/proc_sys_reset_0/U0/ACTIVE_LOW_PR_OUT_DFF[0].FDRE_PER_N/Q
                         net (fo=18, routed)          0.827     4.221    zynq/zynq_i/axi_dma_0/U0/I_RST_MODULE/REG_HRD_RST_OUT/src_rst
    SLICE_X39Y86         FDRE                                         r  zynq/zynq_i/axi_dma_0/U0/I_RST_MODULE/REG_HRD_RST_OUT/syncstages_ff_reg[0]/D
  -------------------------------------------------------------------    -------------------

                         (clock clk_fpga_0 rise edge)
                                                      0.000     0.000 r  
    PS7_X0Y0             PS7                          0.000     0.000 r  zynq/zynq_i/processing_system7_0/inst/PS7_i/FCLKCLK[0]
                         net (fo=1, routed)           1.088     1.088    zynq/zynq_i/processing_system7_0/inst/FCLK_CLK_unbuffered[0]
    BUFGCTRL_X0Y16       BUFG (Prop_bufg_I_O)         0.091     1.179 r  zynq/zynq_i/processing_system7_0/inst/buffer_fclk_clk_0.FCLK_CLK_0_BUFG/O
                         net (fo=3246, routed)        1.474     2.653    zynq/zynq_i/axi_dma_0/U0/I_RST_MODULE/REG_HRD_RST_OUT/dest_clk
    SLICE_X39Y86         FDRE                                         r  zynq/zynq_i/axi_dma_0/U0/I_RST_MODULE/REG_HRD_RST_OUT/syncstages_ff_reg[0]/C





Min Delay Paths
--------------------------------------------------------------------------------------
Slack:                    inf
  Source:                 zynq/zynq_i/proc_sys_reset_0/U0/ACTIVE_LOW_PR_OUT_DFF[0].FDRE_PER_N/C
                            (rising edge-triggered cell FDRE clocked by clk_fpga_0  {rise@0.000ns fall@5.000ns period=10.000ns})
  Destination:            zynq/zynq_i/axi_dma_0/U0/I_RST_MODULE/REG_HRD_RST_OUT/syncstages_ff_reg[0]/D
                            (rising edge-triggered cell FDRE clocked by clk_fpga_0  {rise@0.000ns fall@5.000ns period=10.000ns})
  Path Group:             (none)
  Path Type:              Hold (Min at Fast Process Corner)
  Data Path Delay:        0.473ns  (logic 0.141ns (29.813%)  route 0.332ns (70.187%))
  Logic Levels:           0  
  Clock Path Skew:        0.297ns (DCD - SCD - CPR)
    Destination Clock Delay (DCD):    1.185ns
    Source Clock Delay      (SCD):    0.888ns
    Clock Pessimism Removal (CPR):    -0.000ns
  Clock Uncertainty:      0.154ns  ((TSJ^2 + TIJ^2)^1/2 + DJ) / 2 + PE
    Total System Jitter     (TSJ):    0.071ns
    Total Input Jitter      (TIJ):    0.300ns
    Discrete Jitter          (DJ):    0.000ns
    Phase Error              (PE):    0.000ns
  Timing Exception:       False Path

    Location             Delay type                Incr(ns)  Path(ns)    Netlist Resource(s)
  -------------------------------------------------------------------    -------------------
                         (clock clk_fpga_0 rise edge)
                                                      0.000     0.000 r  
    PS7_X0Y0             PS7                          0.000     0.000 r  zynq/zynq_i/processing_system7_0/inst/PS7_i/FCLKCLK[0]
                         net (fo=1, routed)           0.310     0.310    zynq/zynq_i/processing_system7_0/inst/FCLK_CLK_unbuffered[0]
    BUFGCTRL_X0Y16       BUFG (Prop_bufg_I_O)         0.026     0.336 r  zynq/zynq_i/processing_system7_0/inst/buffer_fclk_clk_0.FCLK_CLK_0_BUFG/O
                         net (fo=3246, routed)        0.552     0.888    zynq/zynq_i/proc_sys_reset_0/U0/slowest_sync_clk
    SLICE_X44Y84         FDRE                                         r  zynq/zynq_i/proc_sys_reset_0/U0/ACTIVE_LOW_PR_OUT_DFF[0].FDRE_PER_N/C
  -------------------------------------------------------------------    -------------------
    SLICE_X44Y84         FDRE (Prop_fdre_C_Q)         0.141     1.029 r  zynq/zynq_i/proc_sys_reset_0/U0/ACTIVE_LOW_PR_OUT_DFF[0].FDRE_PER_N/Q
                         net (fo=18, routed)          0.332     1.361    zynq/zynq_i/axi_dma_0/U0/I_RST_MODULE/REG_HRD_RST_OUT/src_rst
    SLICE_X39Y86         FDRE                                         r  zynq/zynq_i/axi_dma_0/U0/I_RST_MODULE/REG_HRD_RST_OUT/syncstages_ff_reg[0]/D
  -------------------------------------------------------------------    -------------------

                         (clock clk_fpga_0 rise edge)
                                                      0.000     0.000 r  
    PS7_X0Y0             PS7                          0.000     0.000 r  zynq/zynq_i/processing_system7_0/inst/PS7_i/FCLKCLK[0]
                         net (fo=1, routed)           0.337     0.337    zynq/zynq_i/processing_system7_0/inst/FCLK_CLK_unbuffered[0]
    BUFGCTRL_X0Y16       BUFG (Prop_bufg_I_O)         0.029     0.366 r  zynq/zynq_i/processing_system7_0/inst/buffer_fclk_clk_0.FCLK_CLK_0_BUFG/O
                         net (fo=3246, routed)        0.819     1.185    zynq/zynq_i/axi_dma_0/U0/I_RST_MODULE/REG_HRD_RST_OUT/dest_clk
    SLICE_X39Y86         FDRE                                         r  zynq/zynq_i/axi_dma_0/U0/I_RST_MODULE/REG_HRD_RST_OUT/syncstages_ff_reg[0]/C

Slack:                    inf
  Source:                 zynq/zynq_i/proc_sys_reset_0/U0/ACTIVE_LOW_PR_OUT_DFF[0].FDRE_PER_N/C
                            (rising edge-triggered cell FDRE clocked by clk_fpga_0  {rise@0.000ns fall@5.000ns period=10.000ns})
  Destination:            zynq/zynq_i/axi_dma_0/U0/I_RST_MODULE/REG_HRD_RST/syncstages_ff_reg[0]/D
                            (rising edge-triggered cell FDRE clocked by clk_fpga_0  {rise@0.000ns fall@5.000ns period=10.000ns})
  Path Group:             (none)
  Path Type:              Hold (Min at Fast Process Corner)
  Data Path Delay:        0.590ns  (logic 0.141ns (23.887%)  route 0.449ns (76.113%))
  Logic Levels:           0  
  Clock Path Skew:        0.287ns (DCD - SCD - CPR)
    Destination Clock Delay (DCD):    1.175ns
    Source Clock Delay      (SCD):    0.888ns
    Clock Pessimism Removal (CPR):    -0.000ns
  Clock Uncertainty:      0.154ns  ((TSJ^2 + TIJ^2)^1/2 + DJ) / 2 + PE
    Total System Jitter     (TSJ):    0.071ns
    Total Input Jitter      (TIJ):    0.300ns
    Discrete Jitter          (DJ):    0.000ns
    Phase Error              (PE):    0.000ns
  Timing Exception:       False Path

    Location             Delay type                Incr(ns)  Path(ns)    Netlist Resource(s)
  -------------------------------------------------------------------    -------------------
                         (clock clk_fpga_0 rise edge)
                                                      0.000     0.000 r  
    PS7_X0Y0             PS7                          0.000     0.000 r  zynq/zynq_i/processing_system7_0/inst/PS7_i/FCLKCLK[0]
                         net (fo=1, routed)           0.310     0.310    zynq/zynq_i/processing_system7_0/inst/FCLK_CLK_unbuffered[0]
    BUFGCTRL_X0Y16       BUFG (Prop_bufg_I_O)         0.026     0.336 r  zynq/zynq_i/processing_system7_0/inst/buffer_fclk_clk_0.FCLK_CLK_0_BUFG/O
                         net (fo=3246, routed)        0.552     0.888    zynq/zynq_i/proc_sys_reset_0/U0/slowest_sync_clk
    SLICE_X44Y84         FDRE                                         r  zynq/zynq_i/proc_sys_reset_0/U0/ACTIVE_LOW_PR_OUT_DFF[0].FDRE_PER_N/C
  -------------------------------------------------------------------    -------------------
    SLICE_X44Y84         FDRE (Prop_fdre_C_Q)         0.141     1.029 r  zynq/zynq_i/proc_sys_reset_0/U0/ACTIVE_LOW_PR_OUT_DFF[0].FDRE_PER_N/Q
                         net (fo=18, routed)          0.449     1.478    zynq/zynq_i/axi_dma_0/U0/I_RST_MODULE/REG_HRD_RST/src_rst
    SLICE_X35Y74         FDRE                                         r  zynq/zynq_i/axi_dma_0/U0/I_RST_MODULE/REG_HRD_RST/syncstages_ff_reg[0]/D
  -------------------------------------------------------------------    -------------------

                         (clock clk_fpga_0 rise edge)
                                                      0.000     0.000 r  
    PS7_X0Y0             PS7                          0.000     0.000 r  zynq/zynq_i/processing_system7_0/inst/PS7_i/FCLKCLK[0]
                         net (fo=1, routed)           0.337     0.337    zynq/zynq_i/processing_system7_0/inst/FCLK_CLK_unbuffered[0]
    BUFGCTRL_X0Y16       BUFG (Prop_bufg_I_O)         0.029     0.366 r  zynq/zynq_i/processing_system7_0/inst/buffer_fclk_clk_0.FCLK_CLK_0_BUFG/O
                         net (fo=3246, routed)        0.809     1.175    zynq/zynq_i/axi_dma_0/U0/I_RST_MODULE/REG_HRD_RST/dest_clk
    SLICE_X35Y74         FDRE                                         r  zynq/zynq_i/axi_dma_0/U0/I_RST_MODULE/REG_HRD_RST/syncstages_ff_reg[0]/C

Slack:                    inf
  Source:                 zynq/zynq_i/proc_sys_reset_0/U0/ACTIVE_LOW_PR_OUT_DFF[0].FDRE_PER_N/C
                            (rising edge-triggered cell FDRE clocked by clk_fpga_0  {rise@0.000ns fall@5.000ns period=10.000ns})
  Destination:            <hidden>
                            (removal check against rising-edge clock clk_fpga_0  {rise@0.000ns fall@5.000ns period=10.000ns})
  Path Group:             (none)
  Path Type:              Removal (Min at Fast Process Corner)
  Data Path Delay:        1.470ns  (logic 0.186ns (12.649%)  route 1.284ns (87.351%))
  Logic Levels:           1  (LUT1=1)
  Clock Path Skew:        0.296ns (DCD - SCD - CPR)
    Destination Clock Delay (DCD):    1.184ns
    Source Clock Delay      (SCD):    0.888ns
    Clock Pessimism Removal (CPR):    -0.000ns
  Clock Uncertainty:      0.154ns  ((TSJ^2 + TIJ^2)^1/2 + DJ) / 2 + PE
    Total System Jitter     (TSJ):    0.071ns
    Total Input Jitter      (TIJ):    0.300ns
    Discrete Jitter          (DJ):    0.000ns
    Phase Error              (PE):    0.000ns
  Timing Exception:       False Path

    Location             Delay type                Incr(ns)  Path(ns)    Netlist Resource(s)
  -------------------------------------------------------------------    -------------------
                         (clock clk_fpga_0 rise edge)
                                                      0.000     0.000 r  
    PS7_X0Y0             PS7                          0.000     0.000 r  zynq/zynq_i/processing_system7_0/inst/PS7_i/FCLKCLK[0]
                         net (fo=1, routed)           0.310     0.310    zynq/zynq_i/processing_system7_0/inst/FCLK_CLK_unbuffered[0]
    BUFGCTRL_X0Y16       BUFG (Prop_bufg_I_O)         0.026     0.336 r  zynq/zynq_i/processing_system7_0/inst/buffer_fclk_clk_0.FCLK_CLK_0_BUFG/O
                         net (fo=3246, routed)        0.552     0.888    zynq/zynq_i/proc_sys_reset_0/U0/slowest_sync_clk
    SLICE_X44Y84         FDRE                                         r  zynq/zynq_i/proc_sys_reset_0/U0/ACTIVE_LOW_PR_OUT_DFF[0].FDRE_PER_N/C
  -------------------------------------------------------------------    -------------------
    SLICE_X44Y84         FDRE (Prop_fdre_C_Q)         0.141     1.029 r  zynq/zynq_i/proc_sys_reset_0/U0/ACTIVE_LOW_PR_OUT_DFF[0].FDRE_PER_N/Q
                         net (fo=18, routed)          0.735     1.764    zynq/zynq_i/axi_mem_intercon_1/s00_couplers/auto_pc/inst/gen_axi4_axi3.axi3_conv_inst/USE_WRITE.write_addr_inst/USE_BURSTS.cmd_queue/inst/aresetn
    SLICE_X36Y65         LUT1 (Prop_lut1_I0_O)        0.045     1.809 f  zynq/zynq_i/axi_mem_intercon_1/s00_couplers/auto_pc/inst/gen_axi4_axi3.axi3_conv_inst/USE_WRITE.write_addr_inst/USE_BURSTS.cmd_queue/inst/S_AXI_AREADY_I_i_1/O
                         net (fo=115, routed)         0.549     2.358    <hidden>
    SLICE_X43Y65         FDPE                                         f  <hidden>
  -------------------------------------------------------------------    -------------------

                         (clock clk_fpga_0 rise edge)
                                                      0.000     0.000 r  
    PS7_X0Y0             PS7                          0.000     0.000 r  zynq/zynq_i/processing_system7_0/inst/PS7_i/FCLKCLK[0]
                         net (fo=1, routed)           0.337     0.337    zynq/zynq_i/processing_system7_0/inst/FCLK_CLK_unbuffered[0]
    BUFGCTRL_X0Y16       BUFG (Prop_bufg_I_O)         0.029     0.366 r  zynq/zynq_i/processing_system7_0/inst/buffer_fclk_clk_0.FCLK_CLK_0_BUFG/O
                         net (fo=3246, routed)        0.818     1.184    <hidden>
    SLICE_X43Y65         FDPE                                         r  <hidden>

Slack:                    inf
  Source:                 zynq/zynq_i/proc_sys_reset_0/U0/ACTIVE_LOW_PR_OUT_DFF[0].FDRE_PER_N/C
                            (rising edge-triggered cell FDRE clocked by clk_fpga_0  {rise@0.000ns fall@5.000ns period=10.000ns})
  Destination:            <hidden>
                            (removal check against rising-edge clock clk_fpga_0  {rise@0.000ns fall@5.000ns period=10.000ns})
  Path Group:             (none)
  Path Type:              Removal (Min at Fast Process Corner)
  Data Path Delay:        1.470ns  (logic 0.186ns (12.649%)  route 1.284ns (87.351%))
  Logic Levels:           1  (LUT1=1)
  Clock Path Skew:        0.296ns (DCD - SCD - CPR)
    Destination Clock Delay (DCD):    1.184ns
    Source Clock Delay      (SCD):    0.888ns
    Clock Pessimism Removal (CPR):    -0.000ns
  Clock Uncertainty:      0.154ns  ((TSJ^2 + TIJ^2)^1/2 + DJ) / 2 + PE
    Total System Jitter     (TSJ):    0.071ns
    Total Input Jitter      (TIJ):    0.300ns
    Discrete Jitter          (DJ):    0.000ns
    Phase Error              (PE):    0.000ns
  Timing Exception:       False Path

    Location             Delay type                Incr(ns)  Path(ns)    Netlist Resource(s)
  -------------------------------------------------------------------    -------------------
                         (clock clk_fpga_0 rise edge)
                                                      0.000     0.000 r  
    PS7_X0Y0             PS7                          0.000     0.000 r  zynq/zynq_i/processing_system7_0/inst/PS7_i/FCLKCLK[0]
                         net (fo=1, routed)           0.310     0.310    zynq/zynq_i/processing_system7_0/inst/FCLK_CLK_unbuffered[0]
    BUFGCTRL_X0Y16       BUFG (Prop_bufg_I_O)         0.026     0.336 r  zynq/zynq_i/processing_system7_0/inst/buffer_fclk_clk_0.FCLK_CLK_0_BUFG/O
                         net (fo=3246, routed)        0.552     0.888    zynq/zynq_i/proc_sys_reset_0/U0/slowest_sync_clk
    SLICE_X44Y84         FDRE                                         r  zynq/zynq_i/proc_sys_reset_0/U0/ACTIVE_LOW_PR_OUT_DFF[0].FDRE_PER_N/C
  -------------------------------------------------------------------    -------------------
    SLICE_X44Y84         FDRE (Prop_fdre_C_Q)         0.141     1.029 r  zynq/zynq_i/proc_sys_reset_0/U0/ACTIVE_LOW_PR_OUT_DFF[0].FDRE_PER_N/Q
                         net (fo=18, routed)          0.735     1.764    zynq/zynq_i/axi_mem_intercon_1/s00_couplers/auto_pc/inst/gen_axi4_axi3.axi3_conv_inst/USE_WRITE.write_addr_inst/USE_BURSTS.cmd_queue/inst/aresetn
    SLICE_X36Y65         LUT1 (Prop_lut1_I0_O)        0.045     1.809 f  zynq/zynq_i/axi_mem_intercon_1/s00_couplers/auto_pc/inst/gen_axi4_axi3.axi3_conv_inst/USE_WRITE.write_addr_inst/USE_BURSTS.cmd_queue/inst/S_AXI_AREADY_I_i_1/O
                         net (fo=115, routed)         0.549     2.358    <hidden>
    SLICE_X43Y65         FDPE                                         f  <hidden>
  -------------------------------------------------------------------    -------------------

                         (clock clk_fpga_0 rise edge)
                                                      0.000     0.000 r  
    PS7_X0Y0             PS7                          0.000     0.000 r  zynq/zynq_i/processing_system7_0/inst/PS7_i/FCLKCLK[0]
                         net (fo=1, routed)           0.337     0.337    zynq/zynq_i/processing_system7_0/inst/FCLK_CLK_unbuffered[0]
    BUFGCTRL_X0Y16       BUFG (Prop_bufg_I_O)         0.029     0.366 r  zynq/zynq_i/processing_system7_0/inst/buffer_fclk_clk_0.FCLK_CLK_0_BUFG/O
                         net (fo=3246, routed)        0.818     1.184    <hidden>
    SLICE_X43Y65         FDPE                                         r  <hidden>

Slack:                    inf
  Source:                 zynq/zynq_i/proc_sys_reset_0/U0/ACTIVE_LOW_PR_OUT_DFF[0].FDRE_PER_N/C
                            (rising edge-triggered cell FDRE clocked by clk_fpga_0  {rise@0.000ns fall@5.000ns period=10.000ns})
  Destination:            <hidden>
                            (removal check against rising-edge clock clk_fpga_0  {rise@0.000ns fall@5.000ns period=10.000ns})
  Path Group:             (none)
  Path Type:              Removal (Min at Fast Process Corner)
  Data Path Delay:        1.518ns  (logic 0.186ns (12.249%)  route 1.332ns (87.751%))
  Logic Levels:           1  (LUT1=1)
  Clock Path Skew:        0.297ns (DCD - SCD - CPR)
    Destination Clock Delay (DCD):    1.185ns
    Source Clock Delay      (SCD):    0.888ns
    Clock Pessimism Removal (CPR):    -0.000ns
  Clock Uncertainty:      0.154ns  ((TSJ^2 + TIJ^2)^1/2 + DJ) / 2 + PE
    Total System Jitter     (TSJ):    0.071ns
    Total Input Jitter      (TIJ):    0.300ns
    Discrete Jitter          (DJ):    0.000ns
    Phase Error              (PE):    0.000ns
  Timing Exception:       False Path

    Location             Delay type                Incr(ns)  Path(ns)    Netlist Resource(s)
  -------------------------------------------------------------------    -------------------
                         (clock clk_fpga_0 rise edge)
                                                      0.000     0.000 r  
    PS7_X0Y0             PS7                          0.000     0.000 r  zynq/zynq_i/processing_system7_0/inst/PS7_i/FCLKCLK[0]
                         net (fo=1, routed)           0.310     0.310    zynq/zynq_i/processing_system7_0/inst/FCLK_CLK_unbuffered[0]
    BUFGCTRL_X0Y16       BUFG (Prop_bufg_I_O)         0.026     0.336 r  zynq/zynq_i/processing_system7_0/inst/buffer_fclk_clk_0.FCLK_CLK_0_BUFG/O
                         net (fo=3246, routed)        0.552     0.888    zynq/zynq_i/proc_sys_reset_0/U0/slowest_sync_clk
    SLICE_X44Y84         FDRE                                         r  zynq/zynq_i/proc_sys_reset_0/U0/ACTIVE_LOW_PR_OUT_DFF[0].FDRE_PER_N/C
  -------------------------------------------------------------------    -------------------
    SLICE_X44Y84         FDRE (Prop_fdre_C_Q)         0.141     1.029 r  zynq/zynq_i/proc_sys_reset_0/U0/ACTIVE_LOW_PR_OUT_DFF[0].FDRE_PER_N/Q
                         net (fo=18, routed)          0.735     1.764    zynq/zynq_i/axi_mem_intercon_1/s00_couplers/auto_pc/inst/gen_axi4_axi3.axi3_conv_inst/USE_WRITE.write_addr_inst/USE_BURSTS.cmd_queue/inst/aresetn
    SLICE_X36Y65         LUT1 (Prop_lut1_I0_O)        0.045     1.809 f  zynq/zynq_i/axi_mem_intercon_1/s00_couplers/auto_pc/inst/gen_axi4_axi3.axi3_conv_inst/USE_WRITE.write_addr_inst/USE_BURSTS.cmd_queue/inst/S_AXI_AREADY_I_i_1/O
                         net (fo=115, routed)         0.597     2.406    <hidden>
    SLICE_X44Y64         FDPE                                         f  <hidden>
  -------------------------------------------------------------------    -------------------

                         (clock clk_fpga_0 rise edge)
                                                      0.000     0.000 r  
    PS7_X0Y0             PS7                          0.000     0.000 r  zynq/zynq_i/processing_system7_0/inst/PS7_i/FCLKCLK[0]
                         net (fo=1, routed)           0.337     0.337    zynq/zynq_i/processing_system7_0/inst/FCLK_CLK_unbuffered[0]
    BUFGCTRL_X0Y16       BUFG (Prop_bufg_I_O)         0.029     0.366 r  zynq/zynq_i/processing_system7_0/inst/buffer_fclk_clk_0.FCLK_CLK_0_BUFG/O
                         net (fo=3246, routed)        0.819     1.185    <hidden>
    SLICE_X44Y64         FDPE                                         r  <hidden>

Slack:                    inf
  Source:                 zynq/zynq_i/proc_sys_reset_0/U0/ACTIVE_LOW_PR_OUT_DFF[0].FDRE_PER_N/C
                            (rising edge-triggered cell FDRE clocked by clk_fpga_0  {rise@0.000ns fall@5.000ns period=10.000ns})
  Destination:            <hidden>
                            (removal check against rising-edge clock clk_fpga_0  {rise@0.000ns fall@5.000ns period=10.000ns})
  Path Group:             (none)
  Path Type:              Removal (Min at Fast Process Corner)
  Data Path Delay:        1.518ns  (logic 0.186ns (12.249%)  route 1.332ns (87.751%))
  Logic Levels:           1  (LUT1=1)
  Clock Path Skew:        0.297ns (DCD - SCD - CPR)
    Destination Clock Delay (DCD):    1.185ns
    Source Clock Delay      (SCD):    0.888ns
    Clock Pessimism Removal (CPR):    -0.000ns
  Clock Uncertainty:      0.154ns  ((TSJ^2 + TIJ^2)^1/2 + DJ) / 2 + PE
    Total System Jitter     (TSJ):    0.071ns
    Total Input Jitter      (TIJ):    0.300ns
    Discrete Jitter          (DJ):    0.000ns
    Phase Error              (PE):    0.000ns
  Timing Exception:       False Path

    Location             Delay type                Incr(ns)  Path(ns)    Netlist Resource(s)
  -------------------------------------------------------------------    -------------------
                         (clock clk_fpga_0 rise edge)
                                                      0.000     0.000 r  
    PS7_X0Y0             PS7                          0.000     0.000 r  zynq/zynq_i/processing_system7_0/inst/PS7_i/FCLKCLK[0]
                         net (fo=1, routed)           0.310     0.310    zynq/zynq_i/processing_system7_0/inst/FCLK_CLK_unbuffered[0]
    BUFGCTRL_X0Y16       BUFG (Prop_bufg_I_O)         0.026     0.336 r  zynq/zynq_i/processing_system7_0/inst/buffer_fclk_clk_0.FCLK_CLK_0_BUFG/O
                         net (fo=3246, routed)        0.552     0.888    zynq/zynq_i/proc_sys_reset_0/U0/slowest_sync_clk
    SLICE_X44Y84         FDRE                                         r  zynq/zynq_i/proc_sys_reset_0/U0/ACTIVE_LOW_PR_OUT_DFF[0].FDRE_PER_N/C
  -------------------------------------------------------------------    -------------------
    SLICE_X44Y84         FDRE (Prop_fdre_C_Q)         0.141     1.029 r  zynq/zynq_i/proc_sys_reset_0/U0/ACTIVE_LOW_PR_OUT_DFF[0].FDRE_PER_N/Q
                         net (fo=18, routed)          0.735     1.764    zynq/zynq_i/axi_mem_intercon_1/s00_couplers/auto_pc/inst/gen_axi4_axi3.axi3_conv_inst/USE_WRITE.write_addr_inst/USE_BURSTS.cmd_queue/inst/aresetn
    SLICE_X36Y65         LUT1 (Prop_lut1_I0_O)        0.045     1.809 f  zynq/zynq_i/axi_mem_intercon_1/s00_couplers/auto_pc/inst/gen_axi4_axi3.axi3_conv_inst/USE_WRITE.write_addr_inst/USE_BURSTS.cmd_queue/inst/S_AXI_AREADY_I_i_1/O
                         net (fo=115, routed)         0.597     2.406    <hidden>
    SLICE_X44Y64         FDPE                                         f  <hidden>
  -------------------------------------------------------------------    -------------------

                         (clock clk_fpga_0 rise edge)
                                                      0.000     0.000 r  
    PS7_X0Y0             PS7                          0.000     0.000 r  zynq/zynq_i/processing_system7_0/inst/PS7_i/FCLKCLK[0]
                         net (fo=1, routed)           0.337     0.337    zynq/zynq_i/processing_system7_0/inst/FCLK_CLK_unbuffered[0]
    BUFGCTRL_X0Y16       BUFG (Prop_bufg_I_O)         0.029     0.366 r  zynq/zynq_i/processing_system7_0/inst/buffer_fclk_clk_0.FCLK_CLK_0_BUFG/O
                         net (fo=3246, routed)        0.819     1.185    <hidden>
    SLICE_X44Y64         FDPE                                         r  <hidden>

Slack:                    inf
  Source:                 zynq/zynq_i/proc_sys_reset_0/U0/ACTIVE_LOW_PR_OUT_DFF[0].FDRE_PER_N/C
                            (rising edge-triggered cell FDRE clocked by clk_fpga_0  {rise@0.000ns fall@5.000ns period=10.000ns})
  Destination:            <hidden>
                            (removal check against rising-edge clock clk_fpga_0  {rise@0.000ns fall@5.000ns period=10.000ns})
  Path Group:             (none)
  Path Type:              Removal (Min at Fast Process Corner)
  Data Path Delay:        1.792ns  (logic 0.186ns (10.377%)  route 1.606ns (89.623%))
  Logic Levels:           1  (LUT1=1)
  Clock Path Skew:        0.336ns (DCD - SCD - CPR)
    Destination Clock Delay (DCD):    1.224ns
    Source Clock Delay      (SCD):    0.888ns
    Clock Pessimism Removal (CPR):    -0.000ns
  Clock Uncertainty:      0.154ns  ((TSJ^2 + TIJ^2)^1/2 + DJ) / 2 + PE
    Total System Jitter     (TSJ):    0.071ns
    Total Input Jitter      (TIJ):    0.300ns
    Discrete Jitter          (DJ):    0.000ns
    Phase Error              (PE):    0.000ns
  Timing Exception:       False Path

    Location             Delay type                Incr(ns)  Path(ns)    Netlist Resource(s)
  -------------------------------------------------------------------    -------------------
                         (clock clk_fpga_0 rise edge)
                                                      0.000     0.000 r  
    PS7_X0Y0             PS7                          0.000     0.000 r  zynq/zynq_i/processing_system7_0/inst/PS7_i/FCLKCLK[0]
                         net (fo=1, routed)           0.310     0.310    zynq/zynq_i/processing_system7_0/inst/FCLK_CLK_unbuffered[0]
    BUFGCTRL_X0Y16       BUFG (Prop_bufg_I_O)         0.026     0.336 r  zynq/zynq_i/processing_system7_0/inst/buffer_fclk_clk_0.FCLK_CLK_0_BUFG/O
                         net (fo=3246, routed)        0.552     0.888    zynq/zynq_i/proc_sys_reset_0/U0/slowest_sync_clk
    SLICE_X44Y84         FDRE                                         r  zynq/zynq_i/proc_sys_reset_0/U0/ACTIVE_LOW_PR_OUT_DFF[0].FDRE_PER_N/C
  -------------------------------------------------------------------    -------------------
    SLICE_X44Y84         FDRE (Prop_fdre_C_Q)         0.141     1.029 r  zynq/zynq_i/proc_sys_reset_0/U0/ACTIVE_LOW_PR_OUT_DFF[0].FDRE_PER_N/Q
                         net (fo=18, routed)          1.463     2.492    zynq/zynq_i/axi_mem_intercon/s00_couplers/auto_pc/inst/gen_axi4_axi3.axi3_conv_inst/USE_READ.USE_SPLIT_R.read_addr_inst/USE_R_CHANNEL.cmd_queue/inst/aresetn
    SLICE_X29Y46         LUT1 (Prop_lut1_I0_O)        0.045     2.537 f  zynq/zynq_i/axi_mem_intercon/s00_couplers/auto_pc/inst/gen_axi4_axi3.axi3_conv_inst/USE_READ.USE_SPLIT_R.read_addr_inst/USE_R_CHANNEL.cmd_queue/inst/S_AXI_ASIZE_Q[2]_i_1/O
                         net (fo=44, routed)          0.143     2.680    <hidden>
    SLICE_X29Y46         FDPE                                         f  <hidden>
  -------------------------------------------------------------------    -------------------

                         (clock clk_fpga_0 rise edge)
                                                      0.000     0.000 r  
    PS7_X0Y0             PS7                          0.000     0.000 r  zynq/zynq_i/processing_system7_0/inst/PS7_i/FCLKCLK[0]
                         net (fo=1, routed)           0.337     0.337    zynq/zynq_i/processing_system7_0/inst/FCLK_CLK_unbuffered[0]
    BUFGCTRL_X0Y16       BUFG (Prop_bufg_I_O)         0.029     0.366 r  zynq/zynq_i/processing_system7_0/inst/buffer_fclk_clk_0.FCLK_CLK_0_BUFG/O
                         net (fo=3246, routed)        0.858     1.224    <hidden>
    SLICE_X29Y46         FDPE                                         r  <hidden>

Slack:                    inf
  Source:                 zynq/zynq_i/proc_sys_reset_0/U0/ACTIVE_LOW_PR_OUT_DFF[0].FDRE_PER_N/C
                            (rising edge-triggered cell FDRE clocked by clk_fpga_0  {rise@0.000ns fall@5.000ns period=10.000ns})
  Destination:            <hidden>
                            (removal check against rising-edge clock clk_fpga_0  {rise@0.000ns fall@5.000ns period=10.000ns})
  Path Group:             (none)
  Path Type:              Removal (Min at Fast Process Corner)
  Data Path Delay:        1.792ns  (logic 0.186ns (10.377%)  route 1.606ns (89.623%))
  Logic Levels:           1  (LUT1=1)
  Clock Path Skew:        0.336ns (DCD - SCD - CPR)
    Destination Clock Delay (DCD):    1.224ns
    Source Clock Delay      (SCD):    0.888ns
    Clock Pessimism Removal (CPR):    -0.000ns
  Clock Uncertainty:      0.154ns  ((TSJ^2 + TIJ^2)^1/2 + DJ) / 2 + PE
    Total System Jitter     (TSJ):    0.071ns
    Total Input Jitter      (TIJ):    0.300ns
    Discrete Jitter          (DJ):    0.000ns
    Phase Error              (PE):    0.000ns
  Timing Exception:       False Path

    Location             Delay type                Incr(ns)  Path(ns)    Netlist Resource(s)
  -------------------------------------------------------------------    -------------------
                         (clock clk_fpga_0 rise edge)
                                                      0.000     0.000 r  
    PS7_X0Y0             PS7                          0.000     0.000 r  zynq/zynq_i/processing_system7_0/inst/PS7_i/FCLKCLK[0]
                         net (fo=1, routed)           0.310     0.310    zynq/zynq_i/processing_system7_0/inst/FCLK_CLK_unbuffered[0]
    BUFGCTRL_X0Y16       BUFG (Prop_bufg_I_O)         0.026     0.336 r  zynq/zynq_i/processing_system7_0/inst/buffer_fclk_clk_0.FCLK_CLK_0_BUFG/O
                         net (fo=3246, routed)        0.552     0.888    zynq/zynq_i/proc_sys_reset_0/U0/slowest_sync_clk
    SLICE_X44Y84         FDRE                                         r  zynq/zynq_i/proc_sys_reset_0/U0/ACTIVE_LOW_PR_OUT_DFF[0].FDRE_PER_N/C
  -------------------------------------------------------------------    -------------------
    SLICE_X44Y84         FDRE (Prop_fdre_C_Q)         0.141     1.029 r  zynq/zynq_i/proc_sys_reset_0/U0/ACTIVE_LOW_PR_OUT_DFF[0].FDRE_PER_N/Q
                         net (fo=18, routed)          1.463     2.492    zynq/zynq_i/axi_mem_intercon/s00_couplers/auto_pc/inst/gen_axi4_axi3.axi3_conv_inst/USE_READ.USE_SPLIT_R.read_addr_inst/USE_R_CHANNEL.cmd_queue/inst/aresetn
    SLICE_X29Y46         LUT1 (Prop_lut1_I0_O)        0.045     2.537 f  zynq/zynq_i/axi_mem_intercon/s00_couplers/auto_pc/inst/gen_axi4_axi3.axi3_conv_inst/USE_READ.USE_SPLIT_R.read_addr_inst/USE_R_CHANNEL.cmd_queue/inst/S_AXI_ASIZE_Q[2]_i_1/O
                         net (fo=44, routed)          0.143     2.680    <hidden>
    SLICE_X29Y46         FDPE                                         f  <hidden>
  -------------------------------------------------------------------    -------------------

                         (clock clk_fpga_0 rise edge)
                                                      0.000     0.000 r  
    PS7_X0Y0             PS7                          0.000     0.000 r  zynq/zynq_i/processing_system7_0/inst/PS7_i/FCLKCLK[0]
                         net (fo=1, routed)           0.337     0.337    zynq/zynq_i/processing_system7_0/inst/FCLK_CLK_unbuffered[0]
    BUFGCTRL_X0Y16       BUFG (Prop_bufg_I_O)         0.029     0.366 r  zynq/zynq_i/processing_system7_0/inst/buffer_fclk_clk_0.FCLK_CLK_0_BUFG/O
                         net (fo=3246, routed)        0.858     1.224    <hidden>
    SLICE_X29Y46         FDPE                                         r  <hidden>





--------------------------------------------------------------------------------------
Path Group:  (none)
From Clock:  
  To Clock:  clk_fpga_0

Max Delay            75 Endpoints
Min Delay            75 Endpoints
--------------------------------------------------------------------------------------


Max Delay Paths
--------------------------------------------------------------------------------------
Slack:                    inf
  Source:                 zynq/zynq_i/processing_system7_0/inst/PS7_i/FCLKRESETN[0]
                            (internal pin)
  Destination:            inst_racine_carree_pipeline/valid_pipeline_reg[2]/CLR
                            (recovery check against rising-edge clock clk_fpga_0  {rise@0.000ns fall@5.000ns period=10.000ns})
  Path Group:             (none)
  Path Type:              Recovery (Max at Slow Process Corner)
  Data Path Delay:        6.119ns  (logic 0.124ns (2.027%)  route 5.995ns (97.973%))
  Logic Levels:           1  (LUT2=1)
  Clock Uncertainty:      0.152ns  ((TSJ^2 + TIJ^2)^1/2 + DJ) / 2 + PE
    Total System Jitter     (TSJ):    0.050ns
    Total Input Jitter      (TIJ):    0.300ns
    Discrete Jitter          (DJ):    0.000ns
    Phase Error              (PE):    0.000ns

    Location             Delay type                Incr(ns)  Path(ns)    Netlist Resource(s)
  -------------------------------------------------------------------    -------------------
    PS7_X0Y0             PS7                          0.000     0.000 r  zynq/zynq_i/processing_system7_0/inst/PS7_i/FCLKRESETN[0]
                         net (fo=2, routed)           2.665     2.665    zynq/zynq_rst
    SLICE_X24Y41         LUT2 (Prop_lut2_I0_O)        0.124     2.789 f  zynq/A_pipeline[0][15]_i_1/O
                         net (fo=75, routed)          3.329     6.119    inst_racine_carree_pipeline/AR[0]
    SLICE_X38Y55         FDCE                                         f  inst_racine_carree_pipeline/valid_pipeline_reg[2]/CLR
  -------------------------------------------------------------------    -------------------

                         (clock clk_fpga_0 rise edge)
                                                      0.000     0.000 r  
    PS7_X0Y0             PS7                          0.000     0.000 r  zynq/zynq_i/processing_system7_0/inst/PS7_i/FCLKCLK[0]
                         net (fo=1, routed)           1.088     1.088    zynq/zynq_i/processing_system7_0/inst/FCLK_CLK_unbuffered[0]
    BUFGCTRL_X0Y16       BUFG (Prop_bufg_I_O)         0.091     1.179 r  zynq/zynq_i/processing_system7_0/inst/buffer_fclk_clk_0.FCLK_CLK_0_BUFG/O
                         net (fo=3246, routed)        1.479     2.658    inst_racine_carree_pipeline/CLK
    SLICE_X38Y55         FDCE                                         r  inst_racine_carree_pipeline/valid_pipeline_reg[2]/C

Slack:                    inf
  Source:                 zynq/zynq_i/processing_system7_0/inst/PS7_i/FCLKRESETN[0]
                            (internal pin)
  Destination:            inst_racine_carree_pipeline/last_pipeline_reg[0]/CLR
                            (recovery check against rising-edge clock clk_fpga_0  {rise@0.000ns fall@5.000ns period=10.000ns})
  Path Group:             (none)
  Path Type:              Recovery (Max at Slow Process Corner)
  Data Path Delay:        6.050ns  (logic 0.124ns (2.049%)  route 5.926ns (97.951%))
  Logic Levels:           1  (LUT2=1)
  Clock Uncertainty:      0.152ns  ((TSJ^2 + TIJ^2)^1/2 + DJ) / 2 + PE
    Total System Jitter     (TSJ):    0.050ns
    Total Input Jitter      (TIJ):    0.300ns
    Discrete Jitter          (DJ):    0.000ns
    Phase Error              (PE):    0.000ns

    Location             Delay type                Incr(ns)  Path(ns)    Netlist Resource(s)
  -------------------------------------------------------------------    -------------------
    PS7_X0Y0             PS7                          0.000     0.000 r  zynq/zynq_i/processing_system7_0/inst/PS7_i/FCLKRESETN[0]
                         net (fo=2, routed)           2.665     2.665    zynq/zynq_rst
    SLICE_X24Y41         LUT2 (Prop_lut2_I0_O)        0.124     2.789 f  zynq/A_pipeline[0][15]_i_1/O
                         net (fo=75, routed)          3.261     6.050    inst_racine_carree_pipeline/AR[0]
    SLICE_X37Y51         FDCE                                         f  inst_racine_carree_pipeline/last_pipeline_reg[0]/CLR
  -------------------------------------------------------------------    -------------------

                         (clock clk_fpga_0 rise edge)
                                                      0.000     0.000 r  
    PS7_X0Y0             PS7                          0.000     0.000 r  zynq/zynq_i/processing_system7_0/inst/PS7_i/FCLKCLK[0]
                         net (fo=1, routed)           1.088     1.088    zynq/zynq_i/processing_system7_0/inst/FCLK_CLK_unbuffered[0]
    BUFGCTRL_X0Y16       BUFG (Prop_bufg_I_O)         0.091     1.179 r  zynq/zynq_i/processing_system7_0/inst/buffer_fclk_clk_0.FCLK_CLK_0_BUFG/O
                         net (fo=3246, routed)        1.480     2.659    inst_racine_carree_pipeline/CLK
    SLICE_X37Y51         FDCE                                         r  inst_racine_carree_pipeline/last_pipeline_reg[0]/C

Slack:                    inf
  Source:                 zynq/zynq_i/processing_system7_0/inst/PS7_i/FCLKRESETN[0]
                            (internal pin)
  Destination:            inst_racine_carree_pipeline/last_pipeline_reg[1]/CLR
                            (recovery check against rising-edge clock clk_fpga_0  {rise@0.000ns fall@5.000ns period=10.000ns})
  Path Group:             (none)
  Path Type:              Recovery (Max at Slow Process Corner)
  Data Path Delay:        6.050ns  (logic 0.124ns (2.049%)  route 5.926ns (97.951%))
  Logic Levels:           1  (LUT2=1)
  Clock Uncertainty:      0.152ns  ((TSJ^2 + TIJ^2)^1/2 + DJ) / 2 + PE
    Total System Jitter     (TSJ):    0.050ns
    Total Input Jitter      (TIJ):    0.300ns
    Discrete Jitter          (DJ):    0.000ns
    Phase Error              (PE):    0.000ns

    Location             Delay type                Incr(ns)  Path(ns)    Netlist Resource(s)
  -------------------------------------------------------------------    -------------------
    PS7_X0Y0             PS7                          0.000     0.000 r  zynq/zynq_i/processing_system7_0/inst/PS7_i/FCLKRESETN[0]
                         net (fo=2, routed)           2.665     2.665    zynq/zynq_rst
    SLICE_X24Y41         LUT2 (Prop_lut2_I0_O)        0.124     2.789 f  zynq/A_pipeline[0][15]_i_1/O
                         net (fo=75, routed)          3.261     6.050    inst_racine_carree_pipeline/AR[0]
    SLICE_X37Y51         FDCE                                         f  inst_racine_carree_pipeline/last_pipeline_reg[1]/CLR
  -------------------------------------------------------------------    -------------------

                         (clock clk_fpga_0 rise edge)
                                                      0.000     0.000 r  
    PS7_X0Y0             PS7                          0.000     0.000 r  zynq/zynq_i/processing_system7_0/inst/PS7_i/FCLKCLK[0]
                         net (fo=1, routed)           1.088     1.088    zynq/zynq_i/processing_system7_0/inst/FCLK_CLK_unbuffered[0]
    BUFGCTRL_X0Y16       BUFG (Prop_bufg_I_O)         0.091     1.179 r  zynq/zynq_i/processing_system7_0/inst/buffer_fclk_clk_0.FCLK_CLK_0_BUFG/O
                         net (fo=3246, routed)        1.480     2.659    inst_racine_carree_pipeline/CLK
    SLICE_X37Y51         FDCE                                         r  inst_racine_carree_pipeline/last_pipeline_reg[1]/C

Slack:                    inf
  Source:                 zynq/zynq_i/processing_system7_0/inst/PS7_i/FCLKRESETN[0]
                            (internal pin)
  Destination:            inst_racine_carree_pipeline/last_pipeline_reg[2]/CLR
                            (recovery check against rising-edge clock clk_fpga_0  {rise@0.000ns fall@5.000ns period=10.000ns})
  Path Group:             (none)
  Path Type:              Recovery (Max at Slow Process Corner)
  Data Path Delay:        6.050ns  (logic 0.124ns (2.049%)  route 5.926ns (97.951%))
  Logic Levels:           1  (LUT2=1)
  Clock Uncertainty:      0.152ns  ((TSJ^2 + TIJ^2)^1/2 + DJ) / 2 + PE
    Total System Jitter     (TSJ):    0.050ns
    Total Input Jitter      (TIJ):    0.300ns
    Discrete Jitter          (DJ):    0.000ns
    Phase Error              (PE):    0.000ns

    Location             Delay type                Incr(ns)  Path(ns)    Netlist Resource(s)
  -------------------------------------------------------------------    -------------------
    PS7_X0Y0             PS7                          0.000     0.000 r  zynq/zynq_i/processing_system7_0/inst/PS7_i/FCLKRESETN[0]
                         net (fo=2, routed)           2.665     2.665    zynq/zynq_rst
    SLICE_X24Y41         LUT2 (Prop_lut2_I0_O)        0.124     2.789 f  zynq/A_pipeline[0][15]_i_1/O
                         net (fo=75, routed)          3.261     6.050    inst_racine_carree_pipeline/AR[0]
    SLICE_X36Y51         FDCE                                         f  inst_racine_carree_pipeline/last_pipeline_reg[2]/CLR
  -------------------------------------------------------------------    -------------------

                         (clock clk_fpga_0 rise edge)
                                                      0.000     0.000 r  
    PS7_X0Y0             PS7                          0.000     0.000 r  zynq/zynq_i/processing_system7_0/inst/PS7_i/FCLKCLK[0]
                         net (fo=1, routed)           1.088     1.088    zynq/zynq_i/processing_system7_0/inst/FCLK_CLK_unbuffered[0]
    BUFGCTRL_X0Y16       BUFG (Prop_bufg_I_O)         0.091     1.179 r  zynq/zynq_i/processing_system7_0/inst/buffer_fclk_clk_0.FCLK_CLK_0_BUFG/O
                         net (fo=3246, routed)        1.480     2.659    inst_racine_carree_pipeline/CLK
    SLICE_X36Y51         FDCE                                         r  inst_racine_carree_pipeline/last_pipeline_reg[2]/C

Slack:                    inf
  Source:                 zynq/zynq_i/processing_system7_0/inst/PS7_i/FCLKRESETN[0]
                            (internal pin)
  Destination:            inst_racine_carree_pipeline/valid_pipeline_reg[0]/CLR
                            (recovery check against rising-edge clock clk_fpga_0  {rise@0.000ns fall@5.000ns period=10.000ns})
  Path Group:             (none)
  Path Type:              Recovery (Max at Slow Process Corner)
  Data Path Delay:        6.050ns  (logic 0.124ns (2.049%)  route 5.926ns (97.951%))
  Logic Levels:           1  (LUT2=1)
  Clock Uncertainty:      0.152ns  ((TSJ^2 + TIJ^2)^1/2 + DJ) / 2 + PE
    Total System Jitter     (TSJ):    0.050ns
    Total Input Jitter      (TIJ):    0.300ns
    Discrete Jitter          (DJ):    0.000ns
    Phase Error              (PE):    0.000ns

    Location             Delay type                Incr(ns)  Path(ns)    Netlist Resource(s)
  -------------------------------------------------------------------    -------------------
    PS7_X0Y0             PS7                          0.000     0.000 r  zynq/zynq_i/processing_system7_0/inst/PS7_i/FCLKRESETN[0]
                         net (fo=2, routed)           2.665     2.665    zynq/zynq_rst
    SLICE_X24Y41         LUT2 (Prop_lut2_I0_O)        0.124     2.789 f  zynq/A_pipeline[0][15]_i_1/O
                         net (fo=75, routed)          3.261     6.050    inst_racine_carree_pipeline/AR[0]
    SLICE_X36Y51         FDCE                                         f  inst_racine_carree_pipeline/valid_pipeline_reg[0]/CLR
  -------------------------------------------------------------------    -------------------

                         (clock clk_fpga_0 rise edge)
                                                      0.000     0.000 r  
    PS7_X0Y0             PS7                          0.000     0.000 r  zynq/zynq_i/processing_system7_0/inst/PS7_i/FCLKCLK[0]
                         net (fo=1, routed)           1.088     1.088    zynq/zynq_i/processing_system7_0/inst/FCLK_CLK_unbuffered[0]
    BUFGCTRL_X0Y16       BUFG (Prop_bufg_I_O)         0.091     1.179 r  zynq/zynq_i/processing_system7_0/inst/buffer_fclk_clk_0.FCLK_CLK_0_BUFG/O
                         net (fo=3246, routed)        1.480     2.659    inst_racine_carree_pipeline/CLK
    SLICE_X36Y51         FDCE                                         r  inst_racine_carree_pipeline/valid_pipeline_reg[0]/C

Slack:                    inf
  Source:                 zynq/zynq_i/processing_system7_0/inst/PS7_i/FCLKRESETN[0]
                            (internal pin)
  Destination:            inst_racine_carree_pipeline/valid_pipeline_reg[1]/CLR
                            (recovery check against rising-edge clock clk_fpga_0  {rise@0.000ns fall@5.000ns period=10.000ns})
  Path Group:             (none)
  Path Type:              Recovery (Max at Slow Process Corner)
  Data Path Delay:        6.050ns  (logic 0.124ns (2.049%)  route 5.926ns (97.951%))
  Logic Levels:           1  (LUT2=1)
  Clock Uncertainty:      0.152ns  ((TSJ^2 + TIJ^2)^1/2 + DJ) / 2 + PE
    Total System Jitter     (TSJ):    0.050ns
    Total Input Jitter      (TIJ):    0.300ns
    Discrete Jitter          (DJ):    0.000ns
    Phase Error              (PE):    0.000ns

    Location             Delay type                Incr(ns)  Path(ns)    Netlist Resource(s)
  -------------------------------------------------------------------    -------------------
    PS7_X0Y0             PS7                          0.000     0.000 r  zynq/zynq_i/processing_system7_0/inst/PS7_i/FCLKRESETN[0]
                         net (fo=2, routed)           2.665     2.665    zynq/zynq_rst
    SLICE_X24Y41         LUT2 (Prop_lut2_I0_O)        0.124     2.789 f  zynq/A_pipeline[0][15]_i_1/O
                         net (fo=75, routed)          3.261     6.050    inst_racine_carree_pipeline/AR[0]
    SLICE_X36Y51         FDCE                                         f  inst_racine_carree_pipeline/valid_pipeline_reg[1]/CLR
  -------------------------------------------------------------------    -------------------

                         (clock clk_fpga_0 rise edge)
                                                      0.000     0.000 r  
    PS7_X0Y0             PS7                          0.000     0.000 r  zynq/zynq_i/processing_system7_0/inst/PS7_i/FCLKCLK[0]
                         net (fo=1, routed)           1.088     1.088    zynq/zynq_i/processing_system7_0/inst/FCLK_CLK_unbuffered[0]
    BUFGCTRL_X0Y16       BUFG (Prop_bufg_I_O)         0.091     1.179 r  zynq/zynq_i/processing_system7_0/inst/buffer_fclk_clk_0.FCLK_CLK_0_BUFG/O
                         net (fo=3246, routed)        1.480     2.659    inst_racine_carree_pipeline/CLK
    SLICE_X36Y51         FDCE                                         r  inst_racine_carree_pipeline/valid_pipeline_reg[1]/C

Slack:                    inf
  Source:                 zynq/zynq_i/processing_system7_0/inst/PS7_i/FCLKRESETN[0]
                            (internal pin)
  Destination:            inst_racine_carree_pipeline/xk_pipeline_reg[0]_rep[0]/CLR
                            (recovery check against rising-edge clock clk_fpga_0  {rise@0.000ns fall@5.000ns period=10.000ns})
  Path Group:             (none)
  Path Type:              Recovery (Max at Slow Process Corner)
  Data Path Delay:        5.630ns  (logic 0.124ns (2.203%)  route 5.506ns (97.797%))
  Logic Levels:           1  (LUT2=1)
  Clock Uncertainty:      0.152ns  ((TSJ^2 + TIJ^2)^1/2 + DJ) / 2 + PE
    Total System Jitter     (TSJ):    0.050ns
    Total Input Jitter      (TIJ):    0.300ns
    Discrete Jitter          (DJ):    0.000ns
    Phase Error              (PE):    0.000ns

    Location             Delay type                Incr(ns)  Path(ns)    Netlist Resource(s)
  -------------------------------------------------------------------    -------------------
    PS7_X0Y0             PS7                          0.000     0.000 r  zynq/zynq_i/processing_system7_0/inst/PS7_i/FCLKRESETN[0]
                         net (fo=2, routed)           2.665     2.665    zynq/zynq_rst
    SLICE_X24Y41         LUT2 (Prop_lut2_I0_O)        0.124     2.789 f  zynq/A_pipeline[0][15]_i_1/O
                         net (fo=75, routed)          2.841     5.630    inst_racine_carree_pipeline/AR[0]
    SLICE_X42Y37         FDCE                                         f  inst_racine_carree_pipeline/xk_pipeline_reg[0]_rep[0]/CLR
  -------------------------------------------------------------------    -------------------

                         (clock clk_fpga_0 rise edge)
                                                      0.000     0.000 r  
    PS7_X0Y0             PS7                          0.000     0.000 r  zynq/zynq_i/processing_system7_0/inst/PS7_i/FCLKCLK[0]
                         net (fo=1, routed)           1.088     1.088    zynq/zynq_i/processing_system7_0/inst/FCLK_CLK_unbuffered[0]
    BUFGCTRL_X0Y16       BUFG (Prop_bufg_I_O)         0.091     1.179 r  zynq/zynq_i/processing_system7_0/inst/buffer_fclk_clk_0.FCLK_CLK_0_BUFG/O
                         net (fo=3246, routed)        1.491     2.670    inst_racine_carree_pipeline/CLK
    SLICE_X42Y37         FDCE                                         r  inst_racine_carree_pipeline/xk_pipeline_reg[0]_rep[0]/C

Slack:                    inf
  Source:                 zynq/zynq_i/processing_system7_0/inst/PS7_i/FCLKRESETN[0]
                            (internal pin)
  Destination:            inst_racine_carree_pipeline/xk_pipeline_reg[0]_rep[3]/CLR
                            (recovery check against rising-edge clock clk_fpga_0  {rise@0.000ns fall@5.000ns period=10.000ns})
  Path Group:             (none)
  Path Type:              Recovery (Max at Slow Process Corner)
  Data Path Delay:        5.630ns  (logic 0.124ns (2.203%)  route 5.506ns (97.797%))
  Logic Levels:           1  (LUT2=1)
  Clock Uncertainty:      0.152ns  ((TSJ^2 + TIJ^2)^1/2 + DJ) / 2 + PE
    Total System Jitter     (TSJ):    0.050ns
    Total Input Jitter      (TIJ):    0.300ns
    Discrete Jitter          (DJ):    0.000ns
    Phase Error              (PE):    0.000ns

    Location             Delay type                Incr(ns)  Path(ns)    Netlist Resource(s)
  -------------------------------------------------------------------    -------------------
    PS7_X0Y0             PS7                          0.000     0.000 r  zynq/zynq_i/processing_system7_0/inst/PS7_i/FCLKRESETN[0]
                         net (fo=2, routed)           2.665     2.665    zynq/zynq_rst
    SLICE_X24Y41         LUT2 (Prop_lut2_I0_O)        0.124     2.789 f  zynq/A_pipeline[0][15]_i_1/O
                         net (fo=75, routed)          2.841     5.630    inst_racine_carree_pipeline/AR[0]
    SLICE_X43Y37         FDCE                                         f  inst_racine_carree_pipeline/xk_pipeline_reg[0]_rep[3]/CLR
  -------------------------------------------------------------------    -------------------

                         (clock clk_fpga_0 rise edge)
                                                      0.000     0.000 r  
    PS7_X0Y0             PS7                          0.000     0.000 r  zynq/zynq_i/processing_system7_0/inst/PS7_i/FCLKCLK[0]
                         net (fo=1, routed)           1.088     1.088    zynq/zynq_i/processing_system7_0/inst/FCLK_CLK_unbuffered[0]
    BUFGCTRL_X0Y16       BUFG (Prop_bufg_I_O)         0.091     1.179 r  zynq/zynq_i/processing_system7_0/inst/buffer_fclk_clk_0.FCLK_CLK_0_BUFG/O
                         net (fo=3246, routed)        1.491     2.670    inst_racine_carree_pipeline/CLK
    SLICE_X43Y37         FDCE                                         r  inst_racine_carree_pipeline/xk_pipeline_reg[0]_rep[3]/C

Slack:                    inf
  Source:                 zynq/zynq_i/processing_system7_0/inst/PS7_i/FCLKRESETN[0]
                            (internal pin)
  Destination:            inst_racine_carree_pipeline/xk_pipeline_reg[1][0]/CLR
                            (recovery check against rising-edge clock clk_fpga_0  {rise@0.000ns fall@5.000ns period=10.000ns})
  Path Group:             (none)
  Path Type:              Recovery (Max at Slow Process Corner)
  Data Path Delay:        5.510ns  (logic 0.124ns (2.250%)  route 5.386ns (97.750%))
  Logic Levels:           1  (LUT2=1)
  Clock Uncertainty:      0.152ns  ((TSJ^2 + TIJ^2)^1/2 + DJ) / 2 + PE
    Total System Jitter     (TSJ):    0.050ns
    Total Input Jitter      (TIJ):    0.300ns
    Discrete Jitter          (DJ):    0.000ns
    Phase Error              (PE):    0.000ns

    Location             Delay type                Incr(ns)  Path(ns)    Netlist Resource(s)
  -------------------------------------------------------------------    -------------------
    PS7_X0Y0             PS7                          0.000     0.000 r  zynq/zynq_i/processing_system7_0/inst/PS7_i/FCLKRESETN[0]
                         net (fo=2, routed)           2.665     2.665    zynq/zynq_rst
    SLICE_X24Y41         LUT2 (Prop_lut2_I0_O)        0.124     2.789 f  zynq/A_pipeline[0][15]_i_1/O
                         net (fo=75, routed)          2.721     5.510    inst_racine_carree_pipeline/AR[0]
    SLICE_X39Y37         FDCE                                         f  inst_racine_carree_pipeline/xk_pipeline_reg[1][0]/CLR
  -------------------------------------------------------------------    -------------------

                         (clock clk_fpga_0 rise edge)
                                                      0.000     0.000 r  
    PS7_X0Y0             PS7                          0.000     0.000 r  zynq/zynq_i/processing_system7_0/inst/PS7_i/FCLKCLK[0]
                         net (fo=1, routed)           1.088     1.088    zynq/zynq_i/processing_system7_0/inst/FCLK_CLK_unbuffered[0]
    BUFGCTRL_X0Y16       BUFG (Prop_bufg_I_O)         0.091     1.179 r  zynq/zynq_i/processing_system7_0/inst/buffer_fclk_clk_0.FCLK_CLK_0_BUFG/O
                         net (fo=3246, routed)        1.491     2.670    inst_racine_carree_pipeline/CLK
    SLICE_X39Y37         FDCE                                         r  inst_racine_carree_pipeline/xk_pipeline_reg[1][0]/C

Slack:                    inf
  Source:                 zynq/zynq_i/processing_system7_0/inst/PS7_i/FCLKRESETN[0]
                            (internal pin)
  Destination:            inst_racine_carree_pipeline/xk_pipeline_reg[1][1]/CLR
                            (recovery check against rising-edge clock clk_fpga_0  {rise@0.000ns fall@5.000ns period=10.000ns})
  Path Group:             (none)
  Path Type:              Recovery (Max at Slow Process Corner)
  Data Path Delay:        5.510ns  (logic 0.124ns (2.250%)  route 5.386ns (97.750%))
  Logic Levels:           1  (LUT2=1)
  Clock Uncertainty:      0.152ns  ((TSJ^2 + TIJ^2)^1/2 + DJ) / 2 + PE
    Total System Jitter     (TSJ):    0.050ns
    Total Input Jitter      (TIJ):    0.300ns
    Discrete Jitter          (DJ):    0.000ns
    Phase Error              (PE):    0.000ns

    Location             Delay type                Incr(ns)  Path(ns)    Netlist Resource(s)
  -------------------------------------------------------------------    -------------------
    PS7_X0Y0             PS7                          0.000     0.000 r  zynq/zynq_i/processing_system7_0/inst/PS7_i/FCLKRESETN[0]
                         net (fo=2, routed)           2.665     2.665    zynq/zynq_rst
    SLICE_X24Y41         LUT2 (Prop_lut2_I0_O)        0.124     2.789 f  zynq/A_pipeline[0][15]_i_1/O
                         net (fo=75, routed)          2.721     5.510    inst_racine_carree_pipeline/AR[0]
    SLICE_X39Y37         FDCE                                         f  inst_racine_carree_pipeline/xk_pipeline_reg[1][1]/CLR
  -------------------------------------------------------------------    -------------------

                         (clock clk_fpga_0 rise edge)
                                                      0.000     0.000 r  
    PS7_X0Y0             PS7                          0.000     0.000 r  zynq/zynq_i/processing_system7_0/inst/PS7_i/FCLKCLK[0]
                         net (fo=1, routed)           1.088     1.088    zynq/zynq_i/processing_system7_0/inst/FCLK_CLK_unbuffered[0]
    BUFGCTRL_X0Y16       BUFG (Prop_bufg_I_O)         0.091     1.179 r  zynq/zynq_i/processing_system7_0/inst/buffer_fclk_clk_0.FCLK_CLK_0_BUFG/O
                         net (fo=3246, routed)        1.491     2.670    inst_racine_carree_pipeline/CLK
    SLICE_X39Y37         FDCE                                         r  inst_racine_carree_pipeline/xk_pipeline_reg[1][1]/C





Min Delay Paths
--------------------------------------------------------------------------------------
Slack:                    inf
  Source:                 zynq/zynq_i/processing_system7_0/inst/PS7_i/FCLKRESETN[0]
                            (internal pin)
  Destination:            inst_racine_carree_pipeline/A_pipeline_reg[0][11]/CLR
                            (removal check against rising-edge clock clk_fpga_0  {rise@0.000ns fall@5.000ns period=10.000ns})
  Path Group:             (none)
  Path Type:              Removal (Min at Fast Process Corner)
  Data Path Delay:        1.393ns  (logic 0.045ns (3.231%)  route 1.348ns (96.769%))
  Logic Levels:           1  (LUT2=1)
  Clock Uncertainty:      0.152ns  ((TSJ^2 + TIJ^2)^1/2 + DJ) / 2 + PE
    Total System Jitter     (TSJ):    0.050ns
    Total Input Jitter      (TIJ):    0.300ns
    Discrete Jitter          (DJ):    0.000ns
    Phase Error              (PE):    0.000ns

    Location             Delay type                Incr(ns)  Path(ns)    Netlist Resource(s)
  -------------------------------------------------------------------    -------------------
    PS7_X0Y0             PS7                          0.000     0.000 r  zynq/zynq_i/processing_system7_0/inst/PS7_i/FCLKRESETN[0]
                         net (fo=2, routed)           1.069     1.069    zynq/zynq_rst
    SLICE_X24Y41         LUT2 (Prop_lut2_I0_O)        0.045     1.114 f  zynq/A_pipeline[0][15]_i_1/O
                         net (fo=75, routed)          0.279     1.393    inst_racine_carree_pipeline/AR[0]
    SLICE_X31Y38         FDCE                                         f  inst_racine_carree_pipeline/A_pipeline_reg[0][11]/CLR
  -------------------------------------------------------------------    -------------------

                         (clock clk_fpga_0 rise edge)
                                                      0.000     0.000 r  
    PS7_X0Y0             PS7                          0.000     0.000 r  zynq/zynq_i/processing_system7_0/inst/PS7_i/FCLKCLK[0]
                         net (fo=1, routed)           0.337     0.337    zynq/zynq_i/processing_system7_0/inst/FCLK_CLK_unbuffered[0]
    BUFGCTRL_X0Y16       BUFG (Prop_bufg_I_O)         0.029     0.366 r  zynq/zynq_i/processing_system7_0/inst/buffer_fclk_clk_0.FCLK_CLK_0_BUFG/O
                         net (fo=3246, routed)        0.856     1.222    inst_racine_carree_pipeline/CLK
    SLICE_X31Y38         FDCE                                         r  inst_racine_carree_pipeline/A_pipeline_reg[0][11]/C

Slack:                    inf
  Source:                 zynq/zynq_i/processing_system7_0/inst/PS7_i/FCLKRESETN[0]
                            (internal pin)
  Destination:            inst_racine_carree_pipeline/A_pipeline_reg[0][12]/CLR
                            (removal check against rising-edge clock clk_fpga_0  {rise@0.000ns fall@5.000ns period=10.000ns})
  Path Group:             (none)
  Path Type:              Removal (Min at Fast Process Corner)
  Data Path Delay:        1.596ns  (logic 0.045ns (2.820%)  route 1.551ns (97.180%))
  Logic Levels:           1  (LUT2=1)
  Clock Uncertainty:      0.152ns  ((TSJ^2 + TIJ^2)^1/2 + DJ) / 2 + PE
    Total System Jitter     (TSJ):    0.050ns
    Total Input Jitter      (TIJ):    0.300ns
    Discrete Jitter          (DJ):    0.000ns
    Phase Error              (PE):    0.000ns

    Location             Delay type                Incr(ns)  Path(ns)    Netlist Resource(s)
  -------------------------------------------------------------------    -------------------
    PS7_X0Y0             PS7                          0.000     0.000 r  zynq/zynq_i/processing_system7_0/inst/PS7_i/FCLKRESETN[0]
                         net (fo=2, routed)           1.069     1.069    zynq/zynq_rst
    SLICE_X24Y41         LUT2 (Prop_lut2_I0_O)        0.045     1.114 f  zynq/A_pipeline[0][15]_i_1/O
                         net (fo=75, routed)          0.481     1.596    inst_racine_carree_pipeline/AR[0]
    SLICE_X33Y38         FDCE                                         f  inst_racine_carree_pipeline/A_pipeline_reg[0][12]/CLR
  -------------------------------------------------------------------    -------------------

                         (clock clk_fpga_0 rise edge)
                                                      0.000     0.000 r  
    PS7_X0Y0             PS7                          0.000     0.000 r  zynq/zynq_i/processing_system7_0/inst/PS7_i/FCLKCLK[0]
                         net (fo=1, routed)           0.337     0.337    zynq/zynq_i/processing_system7_0/inst/FCLK_CLK_unbuffered[0]
    BUFGCTRL_X0Y16       BUFG (Prop_bufg_I_O)         0.029     0.366 r  zynq/zynq_i/processing_system7_0/inst/buffer_fclk_clk_0.FCLK_CLK_0_BUFG/O
                         net (fo=3246, routed)        0.828     1.194    inst_racine_carree_pipeline/CLK
    SLICE_X33Y38         FDCE                                         r  inst_racine_carree_pipeline/A_pipeline_reg[0][12]/C

Slack:                    inf
  Source:                 zynq/zynq_i/processing_system7_0/inst/PS7_i/FCLKRESETN[0]
                            (internal pin)
  Destination:            inst_racine_carree_pipeline/A_pipeline_reg[0][13]/CLR
                            (removal check against rising-edge clock clk_fpga_0  {rise@0.000ns fall@5.000ns period=10.000ns})
  Path Group:             (none)
  Path Type:              Removal (Min at Fast Process Corner)
  Data Path Delay:        1.596ns  (logic 0.045ns (2.820%)  route 1.551ns (97.180%))
  Logic Levels:           1  (LUT2=1)
  Clock Uncertainty:      0.152ns  ((TSJ^2 + TIJ^2)^1/2 + DJ) / 2 + PE
    Total System Jitter     (TSJ):    0.050ns
    Total Input Jitter      (TIJ):    0.300ns
    Discrete Jitter          (DJ):    0.000ns
    Phase Error              (PE):    0.000ns

    Location             Delay type                Incr(ns)  Path(ns)    Netlist Resource(s)
  -------------------------------------------------------------------    -------------------
    PS7_X0Y0             PS7                          0.000     0.000 r  zynq/zynq_i/processing_system7_0/inst/PS7_i/FCLKRESETN[0]
                         net (fo=2, routed)           1.069     1.069    zynq/zynq_rst
    SLICE_X24Y41         LUT2 (Prop_lut2_I0_O)        0.045     1.114 f  zynq/A_pipeline[0][15]_i_1/O
                         net (fo=75, routed)          0.481     1.596    inst_racine_carree_pipeline/AR[0]
    SLICE_X32Y38         FDCE                                         f  inst_racine_carree_pipeline/A_pipeline_reg[0][13]/CLR
  -------------------------------------------------------------------    -------------------

                         (clock clk_fpga_0 rise edge)
                                                      0.000     0.000 r  
    PS7_X0Y0             PS7                          0.000     0.000 r  zynq/zynq_i/processing_system7_0/inst/PS7_i/FCLKCLK[0]
                         net (fo=1, routed)           0.337     0.337    zynq/zynq_i/processing_system7_0/inst/FCLK_CLK_unbuffered[0]
    BUFGCTRL_X0Y16       BUFG (Prop_bufg_I_O)         0.029     0.366 r  zynq/zynq_i/processing_system7_0/inst/buffer_fclk_clk_0.FCLK_CLK_0_BUFG/O
                         net (fo=3246, routed)        0.828     1.194    inst_racine_carree_pipeline/CLK
    SLICE_X32Y38         FDCE                                         r  inst_racine_carree_pipeline/A_pipeline_reg[0][13]/C

Slack:                    inf
  Source:                 zynq/zynq_i/processing_system7_0/inst/PS7_i/FCLKRESETN[0]
                            (internal pin)
  Destination:            inst_racine_carree_pipeline/A_pipeline_reg[0][14]/CLR
                            (removal check against rising-edge clock clk_fpga_0  {rise@0.000ns fall@5.000ns period=10.000ns})
  Path Group:             (none)
  Path Type:              Removal (Min at Fast Process Corner)
  Data Path Delay:        1.596ns  (logic 0.045ns (2.820%)  route 1.551ns (97.180%))
  Logic Levels:           1  (LUT2=1)
  Clock Uncertainty:      0.152ns  ((TSJ^2 + TIJ^2)^1/2 + DJ) / 2 + PE
    Total System Jitter     (TSJ):    0.050ns
    Total Input Jitter      (TIJ):    0.300ns
    Discrete Jitter          (DJ):    0.000ns
    Phase Error              (PE):    0.000ns

    Location             Delay type                Incr(ns)  Path(ns)    Netlist Resource(s)
  -------------------------------------------------------------------    -------------------
    PS7_X0Y0             PS7                          0.000     0.000 r  zynq/zynq_i/processing_system7_0/inst/PS7_i/FCLKRESETN[0]
                         net (fo=2, routed)           1.069     1.069    zynq/zynq_rst
    SLICE_X24Y41         LUT2 (Prop_lut2_I0_O)        0.045     1.114 f  zynq/A_pipeline[0][15]_i_1/O
                         net (fo=75, routed)          0.481     1.596    inst_racine_carree_pipeline/AR[0]
    SLICE_X32Y38         FDCE                                         f  inst_racine_carree_pipeline/A_pipeline_reg[0][14]/CLR
  -------------------------------------------------------------------    -------------------

                         (clock clk_fpga_0 rise edge)
                                                      0.000     0.000 r  
    PS7_X0Y0             PS7                          0.000     0.000 r  zynq/zynq_i/processing_system7_0/inst/PS7_i/FCLKCLK[0]
                         net (fo=1, routed)           0.337     0.337    zynq/zynq_i/processing_system7_0/inst/FCLK_CLK_unbuffered[0]
    BUFGCTRL_X0Y16       BUFG (Prop_bufg_I_O)         0.029     0.366 r  zynq/zynq_i/processing_system7_0/inst/buffer_fclk_clk_0.FCLK_CLK_0_BUFG/O
                         net (fo=3246, routed)        0.828     1.194    inst_racine_carree_pipeline/CLK
    SLICE_X32Y38         FDCE                                         r  inst_racine_carree_pipeline/A_pipeline_reg[0][14]/C

Slack:                    inf
  Source:                 zynq/zynq_i/processing_system7_0/inst/PS7_i/FCLKRESETN[0]
                            (internal pin)
  Destination:            inst_racine_carree_pipeline/A_pipeline_reg[0][15]/CLR
                            (removal check against rising-edge clock clk_fpga_0  {rise@0.000ns fall@5.000ns period=10.000ns})
  Path Group:             (none)
  Path Type:              Removal (Min at Fast Process Corner)
  Data Path Delay:        1.596ns  (logic 0.045ns (2.820%)  route 1.551ns (97.180%))
  Logic Levels:           1  (LUT2=1)
  Clock Uncertainty:      0.152ns  ((TSJ^2 + TIJ^2)^1/2 + DJ) / 2 + PE
    Total System Jitter     (TSJ):    0.050ns
    Total Input Jitter      (TIJ):    0.300ns
    Discrete Jitter          (DJ):    0.000ns
    Phase Error              (PE):    0.000ns

    Location             Delay type                Incr(ns)  Path(ns)    Netlist Resource(s)
  -------------------------------------------------------------------    -------------------
    PS7_X0Y0             PS7                          0.000     0.000 r  zynq/zynq_i/processing_system7_0/inst/PS7_i/FCLKRESETN[0]
                         net (fo=2, routed)           1.069     1.069    zynq/zynq_rst
    SLICE_X24Y41         LUT2 (Prop_lut2_I0_O)        0.045     1.114 f  zynq/A_pipeline[0][15]_i_1/O
                         net (fo=75, routed)          0.481     1.596    inst_racine_carree_pipeline/AR[0]
    SLICE_X32Y38         FDCE                                         f  inst_racine_carree_pipeline/A_pipeline_reg[0][15]/CLR
  -------------------------------------------------------------------    -------------------

                         (clock clk_fpga_0 rise edge)
                                                      0.000     0.000 r  
    PS7_X0Y0             PS7                          0.000     0.000 r  zynq/zynq_i/processing_system7_0/inst/PS7_i/FCLKCLK[0]
                         net (fo=1, routed)           0.337     0.337    zynq/zynq_i/processing_system7_0/inst/FCLK_CLK_unbuffered[0]
    BUFGCTRL_X0Y16       BUFG (Prop_bufg_I_O)         0.029     0.366 r  zynq/zynq_i/processing_system7_0/inst/buffer_fclk_clk_0.FCLK_CLK_0_BUFG/O
                         net (fo=3246, routed)        0.828     1.194    inst_racine_carree_pipeline/CLK
    SLICE_X32Y38         FDCE                                         r  inst_racine_carree_pipeline/A_pipeline_reg[0][15]/C

Slack:                    inf
  Source:                 zynq/zynq_i/processing_system7_0/inst/PS7_i/FCLKRESETN[0]
                            (internal pin)
  Destination:            inst_racine_carree_pipeline/A_pipeline_reg[0][3]/CLR
                            (removal check against rising-edge clock clk_fpga_0  {rise@0.000ns fall@5.000ns period=10.000ns})
  Path Group:             (none)
  Path Type:              Removal (Min at Fast Process Corner)
  Data Path Delay:        1.596ns  (logic 0.045ns (2.820%)  route 1.551ns (97.180%))
  Logic Levels:           1  (LUT2=1)
  Clock Uncertainty:      0.152ns  ((TSJ^2 + TIJ^2)^1/2 + DJ) / 2 + PE
    Total System Jitter     (TSJ):    0.050ns
    Total Input Jitter      (TIJ):    0.300ns
    Discrete Jitter          (DJ):    0.000ns
    Phase Error              (PE):    0.000ns

    Location             Delay type                Incr(ns)  Path(ns)    Netlist Resource(s)
  -------------------------------------------------------------------    -------------------
    PS7_X0Y0             PS7                          0.000     0.000 r  zynq/zynq_i/processing_system7_0/inst/PS7_i/FCLKRESETN[0]
                         net (fo=2, routed)           1.069     1.069    zynq/zynq_rst
    SLICE_X24Y41         LUT2 (Prop_lut2_I0_O)        0.045     1.114 f  zynq/A_pipeline[0][15]_i_1/O
                         net (fo=75, routed)          0.481     1.596    inst_racine_carree_pipeline/AR[0]
    SLICE_X33Y38         FDCE                                         f  inst_racine_carree_pipeline/A_pipeline_reg[0][3]/CLR
  -------------------------------------------------------------------    -------------------

                         (clock clk_fpga_0 rise edge)
                                                      0.000     0.000 r  
    PS7_X0Y0             PS7                          0.000     0.000 r  zynq/zynq_i/processing_system7_0/inst/PS7_i/FCLKCLK[0]
                         net (fo=1, routed)           0.337     0.337    zynq/zynq_i/processing_system7_0/inst/FCLK_CLK_unbuffered[0]
    BUFGCTRL_X0Y16       BUFG (Prop_bufg_I_O)         0.029     0.366 r  zynq/zynq_i/processing_system7_0/inst/buffer_fclk_clk_0.FCLK_CLK_0_BUFG/O
                         net (fo=3246, routed)        0.828     1.194    inst_racine_carree_pipeline/CLK
    SLICE_X33Y38         FDCE                                         r  inst_racine_carree_pipeline/A_pipeline_reg[0][3]/C

Slack:                    inf
  Source:                 zynq/zynq_i/processing_system7_0/inst/PS7_i/FCLKRESETN[0]
                            (internal pin)
  Destination:            inst_racine_carree_pipeline/A_pipeline_reg[0][4]/CLR
                            (removal check against rising-edge clock clk_fpga_0  {rise@0.000ns fall@5.000ns period=10.000ns})
  Path Group:             (none)
  Path Type:              Removal (Min at Fast Process Corner)
  Data Path Delay:        1.596ns  (logic 0.045ns (2.820%)  route 1.551ns (97.180%))
  Logic Levels:           1  (LUT2=1)
  Clock Uncertainty:      0.152ns  ((TSJ^2 + TIJ^2)^1/2 + DJ) / 2 + PE
    Total System Jitter     (TSJ):    0.050ns
    Total Input Jitter      (TIJ):    0.300ns
    Discrete Jitter          (DJ):    0.000ns
    Phase Error              (PE):    0.000ns

    Location             Delay type                Incr(ns)  Path(ns)    Netlist Resource(s)
  -------------------------------------------------------------------    -------------------
    PS7_X0Y0             PS7                          0.000     0.000 r  zynq/zynq_i/processing_system7_0/inst/PS7_i/FCLKRESETN[0]
                         net (fo=2, routed)           1.069     1.069    zynq/zynq_rst
    SLICE_X24Y41         LUT2 (Prop_lut2_I0_O)        0.045     1.114 f  zynq/A_pipeline[0][15]_i_1/O
                         net (fo=75, routed)          0.481     1.596    inst_racine_carree_pipeline/AR[0]
    SLICE_X32Y38         FDCE                                         f  inst_racine_carree_pipeline/A_pipeline_reg[0][4]/CLR
  -------------------------------------------------------------------    -------------------

                         (clock clk_fpga_0 rise edge)
                                                      0.000     0.000 r  
    PS7_X0Y0             PS7                          0.000     0.000 r  zynq/zynq_i/processing_system7_0/inst/PS7_i/FCLKCLK[0]
                         net (fo=1, routed)           0.337     0.337    zynq/zynq_i/processing_system7_0/inst/FCLK_CLK_unbuffered[0]
    BUFGCTRL_X0Y16       BUFG (Prop_bufg_I_O)         0.029     0.366 r  zynq/zynq_i/processing_system7_0/inst/buffer_fclk_clk_0.FCLK_CLK_0_BUFG/O
                         net (fo=3246, routed)        0.828     1.194    inst_racine_carree_pipeline/CLK
    SLICE_X32Y38         FDCE                                         r  inst_racine_carree_pipeline/A_pipeline_reg[0][4]/C

Slack:                    inf
  Source:                 zynq/zynq_i/processing_system7_0/inst/PS7_i/FCLKRESETN[0]
                            (internal pin)
  Destination:            inst_racine_carree_pipeline/A_pipeline_reg[0][6]/CLR
                            (removal check against rising-edge clock clk_fpga_0  {rise@0.000ns fall@5.000ns period=10.000ns})
  Path Group:             (none)
  Path Type:              Removal (Min at Fast Process Corner)
  Data Path Delay:        1.596ns  (logic 0.045ns (2.820%)  route 1.551ns (97.180%))
  Logic Levels:           1  (LUT2=1)
  Clock Uncertainty:      0.152ns  ((TSJ^2 + TIJ^2)^1/2 + DJ) / 2 + PE
    Total System Jitter     (TSJ):    0.050ns
    Total Input Jitter      (TIJ):    0.300ns
    Discrete Jitter          (DJ):    0.000ns
    Phase Error              (PE):    0.000ns

    Location             Delay type                Incr(ns)  Path(ns)    Netlist Resource(s)
  -------------------------------------------------------------------    -------------------
    PS7_X0Y0             PS7                          0.000     0.000 r  zynq/zynq_i/processing_system7_0/inst/PS7_i/FCLKRESETN[0]
                         net (fo=2, routed)           1.069     1.069    zynq/zynq_rst
    SLICE_X24Y41         LUT2 (Prop_lut2_I0_O)        0.045     1.114 f  zynq/A_pipeline[0][15]_i_1/O
                         net (fo=75, routed)          0.481     1.596    inst_racine_carree_pipeline/AR[0]
    SLICE_X33Y38         FDCE                                         f  inst_racine_carree_pipeline/A_pipeline_reg[0][6]/CLR
  -------------------------------------------------------------------    -------------------

                         (clock clk_fpga_0 rise edge)
                                                      0.000     0.000 r  
    PS7_X0Y0             PS7                          0.000     0.000 r  zynq/zynq_i/processing_system7_0/inst/PS7_i/FCLKCLK[0]
                         net (fo=1, routed)           0.337     0.337    zynq/zynq_i/processing_system7_0/inst/FCLK_CLK_unbuffered[0]
    BUFGCTRL_X0Y16       BUFG (Prop_bufg_I_O)         0.029     0.366 r  zynq/zynq_i/processing_system7_0/inst/buffer_fclk_clk_0.FCLK_CLK_0_BUFG/O
                         net (fo=3246, routed)        0.828     1.194    inst_racine_carree_pipeline/CLK
    SLICE_X33Y38         FDCE                                         r  inst_racine_carree_pipeline/A_pipeline_reg[0][6]/C

Slack:                    inf
  Source:                 zynq/zynq_i/processing_system7_0/inst/PS7_i/FCLKRESETN[0]
                            (internal pin)
  Destination:            inst_racine_carree_pipeline/A_pipeline_reg[0][7]/CLR
                            (removal check against rising-edge clock clk_fpga_0  {rise@0.000ns fall@5.000ns period=10.000ns})
  Path Group:             (none)
  Path Type:              Removal (Min at Fast Process Corner)
  Data Path Delay:        1.596ns  (logic 0.045ns (2.820%)  route 1.551ns (97.180%))
  Logic Levels:           1  (LUT2=1)
  Clock Uncertainty:      0.152ns  ((TSJ^2 + TIJ^2)^1/2 + DJ) / 2 + PE
    Total System Jitter     (TSJ):    0.050ns
    Total Input Jitter      (TIJ):    0.300ns
    Discrete Jitter          (DJ):    0.000ns
    Phase Error              (PE):    0.000ns

    Location             Delay type                Incr(ns)  Path(ns)    Netlist Resource(s)
  -------------------------------------------------------------------    -------------------
    PS7_X0Y0             PS7                          0.000     0.000 r  zynq/zynq_i/processing_system7_0/inst/PS7_i/FCLKRESETN[0]
                         net (fo=2, routed)           1.069     1.069    zynq/zynq_rst
    SLICE_X24Y41         LUT2 (Prop_lut2_I0_O)        0.045     1.114 f  zynq/A_pipeline[0][15]_i_1/O
                         net (fo=75, routed)          0.481     1.596    inst_racine_carree_pipeline/AR[0]
    SLICE_X33Y38         FDCE                                         f  inst_racine_carree_pipeline/A_pipeline_reg[0][7]/CLR
  -------------------------------------------------------------------    -------------------

                         (clock clk_fpga_0 rise edge)
                                                      0.000     0.000 r  
    PS7_X0Y0             PS7                          0.000     0.000 r  zynq/zynq_i/processing_system7_0/inst/PS7_i/FCLKCLK[0]
                         net (fo=1, routed)           0.337     0.337    zynq/zynq_i/processing_system7_0/inst/FCLK_CLK_unbuffered[0]
    BUFGCTRL_X0Y16       BUFG (Prop_bufg_I_O)         0.029     0.366 r  zynq/zynq_i/processing_system7_0/inst/buffer_fclk_clk_0.FCLK_CLK_0_BUFG/O
                         net (fo=3246, routed)        0.828     1.194    inst_racine_carree_pipeline/CLK
    SLICE_X33Y38         FDCE                                         r  inst_racine_carree_pipeline/A_pipeline_reg[0][7]/C

Slack:                    inf
  Source:                 zynq/zynq_i/processing_system7_0/inst/PS7_i/FCLKRESETN[0]
                            (internal pin)
  Destination:            inst_racine_carree_pipeline/A_pipeline_reg[0][0]/CLR
                            (removal check against rising-edge clock clk_fpga_0  {rise@0.000ns fall@5.000ns period=10.000ns})
  Path Group:             (none)
  Path Type:              Removal (Min at Fast Process Corner)
  Data Path Delay:        1.686ns  (logic 0.045ns (2.668%)  route 1.641ns (97.332%))
  Logic Levels:           1  (LUT2=1)
  Clock Uncertainty:      0.152ns  ((TSJ^2 + TIJ^2)^1/2 + DJ) / 2 + PE
    Total System Jitter     (TSJ):    0.050ns
    Total Input Jitter      (TIJ):    0.300ns
    Discrete Jitter          (DJ):    0.000ns
    Phase Error              (PE):    0.000ns

    Location             Delay type                Incr(ns)  Path(ns)    Netlist Resource(s)
  -------------------------------------------------------------------    -------------------
    PS7_X0Y0             PS7                          0.000     0.000 r  zynq/zynq_i/processing_system7_0/inst/PS7_i/FCLKRESETN[0]
                         net (fo=2, routed)           1.069     1.069    zynq/zynq_rst
    SLICE_X24Y41         LUT2 (Prop_lut2_I0_O)        0.045     1.114 f  zynq/A_pipeline[0][15]_i_1/O
                         net (fo=75, routed)          0.572     1.686    inst_racine_carree_pipeline/AR[0]
    SLICE_X34Y37         FDCE                                         f  inst_racine_carree_pipeline/A_pipeline_reg[0][0]/CLR
  -------------------------------------------------------------------    -------------------

                         (clock clk_fpga_0 rise edge)
                                                      0.000     0.000 r  
    PS7_X0Y0             PS7                          0.000     0.000 r  zynq/zynq_i/processing_system7_0/inst/PS7_i/FCLKCLK[0]
                         net (fo=1, routed)           0.337     0.337    zynq/zynq_i/processing_system7_0/inst/FCLK_CLK_unbuffered[0]
    BUFGCTRL_X0Y16       BUFG (Prop_bufg_I_O)         0.029     0.366 r  zynq/zynq_i/processing_system7_0/inst/buffer_fclk_clk_0.FCLK_CLK_0_BUFG/O
                         net (fo=3246, routed)        0.826     1.192    inst_racine_carree_pipeline/CLK
    SLICE_X34Y37         FDCE                                         r  inst_racine_carree_pipeline/A_pipeline_reg[0][0]/C





