Copyright 1986-2022 Xilinx, Inc. All Rights Reserved. Copyright 2022-2025 Advanced Micro Devices, Inc. All Rights Reserved.
---------------------------------------------------------------------------------------------------------------------------------------------------------------------------------------------------------------------
| Tool Version : Vivado v.2025.1 (win64) Build 6140274 Thu May 22 00:12:29 MDT 2025
| Date         : Mon Nov  3 20:00:02 2025
| Host         : Ivan running 64-bit major release  (build 9200)
| Command      : report_timing_summary -max_paths 10 -routable_nets -report_unconstrained -file top_timing_summary_routed.rpt -pb top_timing_summary_routed.pb -rpx top_timing_summary_routed.rpx -warn_on_violation
| Design       : top
| Device       : 7z020-clg400
| Speed File   : -1  PRODUCTION 1.12 2019-11-22
| Design State : Routed
---------------------------------------------------------------------------------------------------------------------------------------------------------------------------------------------------------------------

Timing Summary Report

------------------------------------------------------------------------------------------------
| Timer Settings
| --------------
------------------------------------------------------------------------------------------------

  Enable Multi Corner Analysis               :  Yes
  Enable Pessimism Removal                   :  Yes
  Pessimism Removal Resolution               :  Nearest Common Node
  Enable Input Delay Default Clock           :  No
  Enable Preset / Clear Arcs                 :  No
  Disable Flight Delays                      :  No
  Ignore I/O Paths                           :  No
  Timing Early Launch at Borrowing Latches   :  No
  Borrow Time for Max Delay Exceptions       :  Yes
  Merge Timing Exceptions                    :  Yes
  Inter-SLR Compensation                     :  Conservative

  Corner  Analyze    Analyze    
  Name    Max Paths  Min Paths  
  ------  ---------  ---------  
  Slow    Yes        Yes        
  Fast    Yes        Yes        


------------------------------------------------------------------------------------------------
| Report Methodology
| ------------------
------------------------------------------------------------------------------------------------

Rule       Severity          Description                   Violations  
---------  ----------------  ----------------------------  ----------  
TIMING-17  Critical Warning  Non-clocked sequential cell   65          
DPIR-1     Warning           Asynchronous driver check     32          
LUTAR-1    Warning           LUT drives async reset alert  1           

Note: This report is based on the most recent report_methodology run and may not be up-to-date. Run report_methodology on the current design for the latest report.



check_timing report

Table of Contents
-----------------
1. checking no_clock (65)
2. checking constant_clock (0)
3. checking pulse_width_clock (0)
4. checking unconstrained_internal_endpoints (170)
5. checking no_input_delay (2)
6. checking no_output_delay (1)
7. checking multiple_clock (0)
8. checking generated_clocks (0)
9. checking loops (0)
10. checking partial_input_delay (0)
11. checking partial_output_delay (0)
12. checking latch_loops (0)

1. checking no_clock (65)
-------------------------
 There are 65 register/latch pins with no clock driven by root clock pin: gen_clk/clk_int_reg/Q (HIGH)


2. checking constant_clock (0)
------------------------------
 There are 0 register/latch pins with constant_clock.


3. checking pulse_width_clock (0)
---------------------------------
 There are 0 register/latch pins which need pulse_width check


4. checking unconstrained_internal_endpoints (170)
--------------------------------------------------
 There are 170 pins that are not constrained for maximum delay. (HIGH)

 There are 0 pins that are not constrained for maximum delay due to constant clock.


5. checking no_input_delay (2)
------------------------------
 There are 2 input ports with no input delay specified. (HIGH)

 There are 0 input ports with no input delay but user has a false path constraint.


6. checking no_output_delay (1)
-------------------------------
 There is 1 port with no output delay specified. (HIGH)

 There are 0 ports with no output delay but user has a false path constraint

 There are 0 ports with no output delay but with a timing clock defined on it or propagating through it


7. checking multiple_clock (0)
------------------------------
 There are 0 register/latch pins with multiple clocks.


8. checking generated_clocks (0)
--------------------------------
 There are 0 generated clocks that are not connected to a clock source.


9. checking loops (0)
---------------------
 There are 0 combinational loops in the design.


10. checking partial_input_delay (0)
------------------------------------
 There are 0 input ports with partial input delay specified.


11. checking partial_output_delay (0)
-------------------------------------
 There are 0 ports with partial output delay specified.


12. checking latch_loops (0)
----------------------------
 There are 0 combinational latch loops in the design through latch input



------------------------------------------------------------------------------------------------
| Design Timing Summary
| ---------------------
------------------------------------------------------------------------------------------------

    WNS(ns)      TNS(ns)  TNS Failing Endpoints  TNS Total Endpoints      WHS(ns)      THS(ns)  THS Failing Endpoints  THS Total Endpoints     WPWS(ns)     TPWS(ns)  TPWS Failing Endpoints  TPWS Total Endpoints  
    -------      -------  ---------------------  -------------------      -------      -------  ---------------------  -------------------     --------     --------  ----------------------  --------------------  
      2.945        0.000                      0                 1836        0.069        0.000                      0                 1836        4.020        0.000                       0                   976  


All user specified timing constraints are met.


------------------------------------------------------------------------------------------------
| Clock Summary
| -------------
------------------------------------------------------------------------------------------------

Clock       Waveform(ns)       Period(ns)      Frequency(MHz)
-----       ------------       ----------      --------------
clk_fpga_0  {0.000 5.000}      10.000          100.000         


------------------------------------------------------------------------------------------------
| Intra Clock Table
| -----------------
------------------------------------------------------------------------------------------------

Clock             WNS(ns)      TNS(ns)  TNS Failing Endpoints  TNS Total Endpoints      WHS(ns)      THS(ns)  THS Failing Endpoints  THS Total Endpoints     WPWS(ns)     TPWS(ns)  TPWS Failing Endpoints  TPWS Total Endpoints  
-----             -------      -------  ---------------------  -------------------      -------      -------  ---------------------  -------------------     --------     --------  ----------------------  --------------------  
clk_fpga_0          2.945        0.000                      0                 1836        0.069        0.000                      0                 1836        4.020        0.000                       0                   976  


------------------------------------------------------------------------------------------------
| Inter Clock Table
| -----------------
------------------------------------------------------------------------------------------------

From Clock    To Clock          WNS(ns)      TNS(ns)  TNS Failing Endpoints  TNS Total Endpoints      WHS(ns)      THS(ns)  THS Failing Endpoints  THS Total Endpoints  
----------    --------          -------      -------  ---------------------  -------------------      -------      -------  ---------------------  -------------------  


------------------------------------------------------------------------------------------------
| Other Path Groups Table
| -----------------------
------------------------------------------------------------------------------------------------

Path Group    From Clock    To Clock          WNS(ns)      TNS(ns)  TNS Failing Endpoints  TNS Total Endpoints      WHS(ns)      THS(ns)  THS Failing Endpoints  THS Total Endpoints  
----------    ----------    --------          -------      -------  ---------------------  -------------------      -------      -------  ---------------------  -------------------  


------------------------------------------------------------------------------------------------
| User Ignored Path Table
| -----------------------
------------------------------------------------------------------------------------------------

Path Group    From Clock    To Clock    
----------    ----------    --------    
(none)                      clk_fpga_0    


------------------------------------------------------------------------------------------------
| Unconstrained Path Table
| ------------------------
------------------------------------------------------------------------------------------------

Path Group    From Clock    To Clock    
----------    ----------    --------    
(none)                                    
(none)        clk_fpga_0                  


------------------------------------------------------------------------------------------------
| Timing Details
| --------------
------------------------------------------------------------------------------------------------


---------------------------------------------------------------------------------------------------
From Clock:  clk_fpga_0
  To Clock:  clk_fpga_0

Setup :            0  Failing Endpoints,  Worst Slack        2.945ns,  Total Violation        0.000ns
Hold  :            0  Failing Endpoints,  Worst Slack        0.069ns,  Total Violation        0.000ns
PW    :            0  Failing Endpoints,  Worst Slack        4.020ns,  Total Violation        0.000ns
---------------------------------------------------------------------------------------------------


Max Delay Paths
--------------------------------------------------------------------------------------
Slack (MET) :             2.945ns  (required time - arrival time)
  Source:                 zynq/zynq_i/axi_gpio_0/U0/ip2bus_wrack_i_D1_reg/C
                            (rising edge-triggered cell FDRE clocked by clk_fpga_0  {rise@0.000ns fall@5.000ns period=10.000ns})
  Destination:            zynq/zynq_i/ps7_0_axi_periph/s00_couplers/auto_pc/inst/gen_axilite.gen_b2s_conv.axilite_b2s/WR.aw_channel_0/cmd_translator_0/incr_cmd_0/axaddr_incr_reg[9]/D
                            (rising edge-triggered cell FDRE clocked by clk_fpga_0  {rise@0.000ns fall@5.000ns period=10.000ns})
  Path Group:             clk_fpga_0
  Path Type:              Setup (Max at Slow Process Corner)
  Requirement:            10.000ns  (clk_fpga_0 rise@10.000ns - clk_fpga_0 rise@0.000ns)
  Data Path Delay:        6.966ns  (logic 2.456ns (35.255%)  route 4.510ns (64.745%))
  Logic Levels:           8  (CARRY4=3 LUT3=2 LUT4=1 LUT6=2)
  Clock Path Skew:        -0.010ns (DCD - SCD + CPR)
    Destination Clock Delay (DCD):    2.700ns = ( 12.700 - 10.000 ) 
    Source Clock Delay      (SCD):    2.939ns
    Clock Pessimism Removal (CPR):    0.229ns
  Clock Uncertainty:      0.154ns  ((TSJ^2 + TIJ^2)^1/2 + DJ) / 2 + PE
    Total System Jitter     (TSJ):    0.071ns
    Total Input Jitter      (TIJ):    0.300ns
    Discrete Jitter          (DJ):    0.000ns
    Phase Error              (PE):    0.000ns

    Location             Delay type                Incr(ns)  Path(ns)    Netlist Resource(s)
  -------------------------------------------------------------------    -------------------
                         (clock clk_fpga_0 rise edge)
                                                      0.000     0.000 r  
    PS7_X0Y0             PS7                          0.000     0.000 r  zynq/zynq_i/processing_system7_0/inst/PS7_i/FCLKCLK[0]
                         net (fo=1, routed)           1.193     1.193    zynq/zynq_i/processing_system7_0/inst/FCLK_CLK_unbuffered[0]
    BUFGCTRL_X0Y16       BUFG (Prop_bufg_I_O)         0.101     1.294 r  zynq/zynq_i/processing_system7_0/inst/buffer_fclk_clk_0.FCLK_CLK_0_BUFG/O
                         net (fo=976, routed)         1.645     2.939    zynq/zynq_i/axi_gpio_0/U0/s_axi_aclk
    SLICE_X34Y84         FDRE                                         r  zynq/zynq_i/axi_gpio_0/U0/ip2bus_wrack_i_D1_reg/C
  -------------------------------------------------------------------    -------------------
    SLICE_X34Y84         FDRE (Prop_fdre_C_Q)         0.478     3.417 r  zynq/zynq_i/axi_gpio_0/U0/ip2bus_wrack_i_D1_reg/Q
                         net (fo=1, routed)           0.972     4.389    zynq/zynq_i/axi_gpio_0/U0/AXI_LITE_IPIF_I/I_SLAVE_ATTACHMENT/I_DECODER/ip2bus_wrack_i_D1
    SLICE_X34Y86         LUT6 (Prop_lut6_I0_O)        0.295     4.684 r  zynq/zynq_i/axi_gpio_0/U0/AXI_LITE_IPIF_I/I_SLAVE_ATTACHMENT/I_DECODER/s_axi_wready_INST_0/O
                         net (fo=10, routed)          1.040     5.725    zynq/zynq_i/ps7_0_axi_periph/s00_couplers/auto_pc/inst/gen_axilite.gen_b2s_conv.axilite_b2s/WR.aw_channel_0/aw_cmd_fsm_0/m_axi_awready
    SLICE_X32Y96         LUT6 (Prop_lut6_I0_O)        0.124     5.849 r  zynq/zynq_i/ps7_0_axi_periph/s00_couplers/auto_pc/inst/gen_axilite.gen_b2s_conv.axilite_b2s/WR.aw_channel_0/aw_cmd_fsm_0/memory_reg[3][0]_srl4_i_1/O
                         net (fo=30, routed)          0.622     6.471    zynq/zynq_i/ps7_0_axi_periph/s00_couplers/auto_pc/inst/gen_axilite.gen_b2s_conv.axilite_b2s/WR.aw_channel_0/aw_cmd_fsm_0/m_axi_awready_0
    SLICE_X33Y94         LUT3 (Prop_lut3_I2_O)        0.124     6.595 r  zynq/zynq_i/ps7_0_axi_periph/s00_couplers/auto_pc/inst/gen_axilite.gen_b2s_conv.axilite_b2s/WR.aw_channel_0/aw_cmd_fsm_0/next_pending_r_i_3/O
                         net (fo=23, routed)          0.946     7.540    zynq/zynq_i/ps7_0_axi_periph/s00_couplers/auto_pc/inst/gen_axilite.gen_b2s_conv.axilite_b2s/WR.aw_channel_0/cmd_translator_0/incr_cmd_0/next
    SLICE_X28Y93         LUT4 (Prop_lut4_I3_O)        0.124     7.664 r  zynq/zynq_i/ps7_0_axi_periph/s00_couplers/auto_pc/inst/gen_axilite.gen_b2s_conv.axilite_b2s/WR.aw_channel_0/cmd_translator_0/incr_cmd_0/axaddr_incr[3]_i_10/O
                         net (fo=1, routed)           0.000     7.664    zynq/zynq_i/ps7_0_axi_periph/s00_couplers/auto_pc/inst/gen_axilite.gen_b2s_conv.axilite_b2s/SI_REG/aw.aw_pipe/axaddr_incr_reg[3][0]
    SLICE_X28Y93         CARRY4 (Prop_carry4_S[0]_CO[3])
                                                      0.532     8.196 r  zynq/zynq_i/ps7_0_axi_periph/s00_couplers/auto_pc/inst/gen_axilite.gen_b2s_conv.axilite_b2s/SI_REG/aw.aw_pipe/axaddr_incr_reg[3]_i_2/CO[3]
                         net (fo=1, routed)           0.000     8.196    zynq/zynq_i/ps7_0_axi_periph/s00_couplers/auto_pc/inst/gen_axilite.gen_b2s_conv.axilite_b2s/SI_REG/aw.aw_pipe/axaddr_incr_reg[3]_i_2_n_0
    SLICE_X28Y94         CARRY4 (Prop_carry4_CI_CO[3])
                                                      0.114     8.310 r  zynq/zynq_i/ps7_0_axi_periph/s00_couplers/auto_pc/inst/gen_axilite.gen_b2s_conv.axilite_b2s/SI_REG/aw.aw_pipe/axaddr_incr_reg[7]_i_2/CO[3]
                         net (fo=1, routed)           0.000     8.310    zynq/zynq_i/ps7_0_axi_periph/s00_couplers/auto_pc/inst/gen_axilite.gen_b2s_conv.axilite_b2s/SI_REG/aw.aw_pipe/axaddr_incr_reg[7]_i_2_n_0
    SLICE_X28Y95         CARRY4 (Prop_carry4_CI_O[1])
                                                      0.334     8.644 r  zynq/zynq_i/ps7_0_axi_periph/s00_couplers/auto_pc/inst/gen_axilite.gen_b2s_conv.axilite_b2s/SI_REG/aw.aw_pipe/axaddr_incr_reg[11]_i_3/O[1]
                         net (fo=1, routed)           0.930     9.574    zynq/zynq_i/ps7_0_axi_periph/s00_couplers/auto_pc/inst/gen_axilite.gen_b2s_conv.axilite_b2s/WR.aw_channel_0/cmd_translator_0/incr_cmd_0/axaddr_incr[9]
    SLICE_X27Y96         LUT3 (Prop_lut3_I0_O)        0.331     9.905 r  zynq/zynq_i/ps7_0_axi_periph/s00_couplers/auto_pc/inst/gen_axilite.gen_b2s_conv.axilite_b2s/WR.aw_channel_0/cmd_translator_0/incr_cmd_0/axaddr_incr[9]_i_1/O
                         net (fo=1, routed)           0.000     9.905    zynq/zynq_i/ps7_0_axi_periph/s00_couplers/auto_pc/inst/gen_axilite.gen_b2s_conv.axilite_b2s/WR.aw_channel_0/cmd_translator_0/incr_cmd_0/p_1_in[9]
    SLICE_X27Y96         FDRE                                         r  zynq/zynq_i/ps7_0_axi_periph/s00_couplers/auto_pc/inst/gen_axilite.gen_b2s_conv.axilite_b2s/WR.aw_channel_0/cmd_translator_0/incr_cmd_0/axaddr_incr_reg[9]/D
  -------------------------------------------------------------------    -------------------

                         (clock clk_fpga_0 rise edge)
                                                     10.000    10.000 r  
    PS7_X0Y0             PS7                          0.000    10.000 r  zynq/zynq_i/processing_system7_0/inst/PS7_i/FCLKCLK[0]
                         net (fo=1, routed)           1.088    11.088    zynq/zynq_i/processing_system7_0/inst/FCLK_CLK_unbuffered[0]
    BUFGCTRL_X0Y16       BUFG (Prop_bufg_I_O)         0.091    11.179 r  zynq/zynq_i/processing_system7_0/inst/buffer_fclk_clk_0.FCLK_CLK_0_BUFG/O
                         net (fo=976, routed)         1.521    12.700    zynq/zynq_i/ps7_0_axi_periph/s00_couplers/auto_pc/inst/gen_axilite.gen_b2s_conv.axilite_b2s/WR.aw_channel_0/cmd_translator_0/incr_cmd_0/aclk
    SLICE_X27Y96         FDRE                                         r  zynq/zynq_i/ps7_0_axi_periph/s00_couplers/auto_pc/inst/gen_axilite.gen_b2s_conv.axilite_b2s/WR.aw_channel_0/cmd_translator_0/incr_cmd_0/axaddr_incr_reg[9]/C
                         clock pessimism              0.229    12.929    
                         clock uncertainty           -0.154    12.775    
    SLICE_X27Y96         FDRE (Setup_fdre_C_D)        0.075    12.850    zynq/zynq_i/ps7_0_axi_periph/s00_couplers/auto_pc/inst/gen_axilite.gen_b2s_conv.axilite_b2s/WR.aw_channel_0/cmd_translator_0/incr_cmd_0/axaddr_incr_reg[9]
  -------------------------------------------------------------------
                         required time                         12.850    
                         arrival time                          -9.905    
  -------------------------------------------------------------------
                         slack                                  2.945    

Slack (MET) :             3.173ns  (required time - arrival time)
  Source:                 zynq/zynq_i/axi_gpio_0/U0/ip2bus_wrack_i_D1_reg/C
                            (rising edge-triggered cell FDRE clocked by clk_fpga_0  {rise@0.000ns fall@5.000ns period=10.000ns})
  Destination:            zynq/zynq_i/ps7_0_axi_periph/s00_couplers/auto_pc/inst/gen_axilite.gen_b2s_conv.axilite_b2s/WR.aw_channel_0/cmd_translator_0/incr_cmd_0/axaddr_incr_reg[6]/D
                            (rising edge-triggered cell FDRE clocked by clk_fpga_0  {rise@0.000ns fall@5.000ns period=10.000ns})
  Path Group:             clk_fpga_0
  Path Type:              Setup (Max at Slow Process Corner)
  Requirement:            10.000ns  (clk_fpga_0 rise@10.000ns - clk_fpga_0 rise@0.000ns)
  Data Path Delay:        6.738ns  (logic 2.247ns (33.349%)  route 4.491ns (66.651%))
  Logic Levels:           7  (CARRY4=2 LUT3=2 LUT4=1 LUT6=2)
  Clock Path Skew:        -0.010ns (DCD - SCD + CPR)
    Destination Clock Delay (DCD):    2.700ns = ( 12.700 - 10.000 ) 
    Source Clock Delay      (SCD):    2.939ns
    Clock Pessimism Removal (CPR):    0.229ns
  Clock Uncertainty:      0.154ns  ((TSJ^2 + TIJ^2)^1/2 + DJ) / 2 + PE
    Total System Jitter     (TSJ):    0.071ns
    Total Input Jitter      (TIJ):    0.300ns
    Discrete Jitter          (DJ):    0.000ns
    Phase Error              (PE):    0.000ns

    Location             Delay type                Incr(ns)  Path(ns)    Netlist Resource(s)
  -------------------------------------------------------------------    -------------------
                         (clock clk_fpga_0 rise edge)
                                                      0.000     0.000 r  
    PS7_X0Y0             PS7                          0.000     0.000 r  zynq/zynq_i/processing_system7_0/inst/PS7_i/FCLKCLK[0]
                         net (fo=1, routed)           1.193     1.193    zynq/zynq_i/processing_system7_0/inst/FCLK_CLK_unbuffered[0]
    BUFGCTRL_X0Y16       BUFG (Prop_bufg_I_O)         0.101     1.294 r  zynq/zynq_i/processing_system7_0/inst/buffer_fclk_clk_0.FCLK_CLK_0_BUFG/O
                         net (fo=976, routed)         1.645     2.939    zynq/zynq_i/axi_gpio_0/U0/s_axi_aclk
    SLICE_X34Y84         FDRE                                         r  zynq/zynq_i/axi_gpio_0/U0/ip2bus_wrack_i_D1_reg/C
  -------------------------------------------------------------------    -------------------
    SLICE_X34Y84         FDRE (Prop_fdre_C_Q)         0.478     3.417 r  zynq/zynq_i/axi_gpio_0/U0/ip2bus_wrack_i_D1_reg/Q
                         net (fo=1, routed)           0.972     4.389    zynq/zynq_i/axi_gpio_0/U0/AXI_LITE_IPIF_I/I_SLAVE_ATTACHMENT/I_DECODER/ip2bus_wrack_i_D1
    SLICE_X34Y86         LUT6 (Prop_lut6_I0_O)        0.295     4.684 r  zynq/zynq_i/axi_gpio_0/U0/AXI_LITE_IPIF_I/I_SLAVE_ATTACHMENT/I_DECODER/s_axi_wready_INST_0/O
                         net (fo=10, routed)          1.040     5.725    zynq/zynq_i/ps7_0_axi_periph/s00_couplers/auto_pc/inst/gen_axilite.gen_b2s_conv.axilite_b2s/WR.aw_channel_0/aw_cmd_fsm_0/m_axi_awready
    SLICE_X32Y96         LUT6 (Prop_lut6_I0_O)        0.124     5.849 r  zynq/zynq_i/ps7_0_axi_periph/s00_couplers/auto_pc/inst/gen_axilite.gen_b2s_conv.axilite_b2s/WR.aw_channel_0/aw_cmd_fsm_0/memory_reg[3][0]_srl4_i_1/O
                         net (fo=30, routed)          0.622     6.471    zynq/zynq_i/ps7_0_axi_periph/s00_couplers/auto_pc/inst/gen_axilite.gen_b2s_conv.axilite_b2s/WR.aw_channel_0/aw_cmd_fsm_0/m_axi_awready_0
    SLICE_X33Y94         LUT3 (Prop_lut3_I2_O)        0.124     6.595 r  zynq/zynq_i/ps7_0_axi_periph/s00_couplers/auto_pc/inst/gen_axilite.gen_b2s_conv.axilite_b2s/WR.aw_channel_0/aw_cmd_fsm_0/next_pending_r_i_3/O
                         net (fo=23, routed)          0.946     7.540    zynq/zynq_i/ps7_0_axi_periph/s00_couplers/auto_pc/inst/gen_axilite.gen_b2s_conv.axilite_b2s/WR.aw_channel_0/cmd_translator_0/incr_cmd_0/next
    SLICE_X28Y93         LUT4 (Prop_lut4_I3_O)        0.124     7.664 r  zynq/zynq_i/ps7_0_axi_periph/s00_couplers/auto_pc/inst/gen_axilite.gen_b2s_conv.axilite_b2s/WR.aw_channel_0/cmd_translator_0/incr_cmd_0/axaddr_incr[3]_i_10/O
                         net (fo=1, routed)           0.000     7.664    zynq/zynq_i/ps7_0_axi_periph/s00_couplers/auto_pc/inst/gen_axilite.gen_b2s_conv.axilite_b2s/SI_REG/aw.aw_pipe/axaddr_incr_reg[3][0]
    SLICE_X28Y93         CARRY4 (Prop_carry4_S[0]_CO[3])
                                                      0.532     8.196 r  zynq/zynq_i/ps7_0_axi_periph/s00_couplers/auto_pc/inst/gen_axilite.gen_b2s_conv.axilite_b2s/SI_REG/aw.aw_pipe/axaddr_incr_reg[3]_i_2/CO[3]
                         net (fo=1, routed)           0.000     8.196    zynq/zynq_i/ps7_0_axi_periph/s00_couplers/auto_pc/inst/gen_axilite.gen_b2s_conv.axilite_b2s/SI_REG/aw.aw_pipe/axaddr_incr_reg[3]_i_2_n_0
    SLICE_X28Y94         CARRY4 (Prop_carry4_CI_O[2])
                                                      0.239     8.435 r  zynq/zynq_i/ps7_0_axi_periph/s00_couplers/auto_pc/inst/gen_axilite.gen_b2s_conv.axilite_b2s/SI_REG/aw.aw_pipe/axaddr_incr_reg[7]_i_2/O[2]
                         net (fo=1, routed)           0.911     9.346    zynq/zynq_i/ps7_0_axi_periph/s00_couplers/auto_pc/inst/gen_axilite.gen_b2s_conv.axilite_b2s/WR.aw_channel_0/cmd_translator_0/incr_cmd_0/axaddr_incr[6]
    SLICE_X27Y96         LUT3 (Prop_lut3_I0_O)        0.331     9.677 r  zynq/zynq_i/ps7_0_axi_periph/s00_couplers/auto_pc/inst/gen_axilite.gen_b2s_conv.axilite_b2s/WR.aw_channel_0/cmd_translator_0/incr_cmd_0/axaddr_incr[6]_i_1/O
                         net (fo=1, routed)           0.000     9.677    zynq/zynq_i/ps7_0_axi_periph/s00_couplers/auto_pc/inst/gen_axilite.gen_b2s_conv.axilite_b2s/WR.aw_channel_0/cmd_translator_0/incr_cmd_0/p_1_in[6]
    SLICE_X27Y96         FDRE                                         r  zynq/zynq_i/ps7_0_axi_periph/s00_couplers/auto_pc/inst/gen_axilite.gen_b2s_conv.axilite_b2s/WR.aw_channel_0/cmd_translator_0/incr_cmd_0/axaddr_incr_reg[6]/D
  -------------------------------------------------------------------    -------------------

                         (clock clk_fpga_0 rise edge)
                                                     10.000    10.000 r  
    PS7_X0Y0             PS7                          0.000    10.000 r  zynq/zynq_i/processing_system7_0/inst/PS7_i/FCLKCLK[0]
                         net (fo=1, routed)           1.088    11.088    zynq/zynq_i/processing_system7_0/inst/FCLK_CLK_unbuffered[0]
    BUFGCTRL_X0Y16       BUFG (Prop_bufg_I_O)         0.091    11.179 r  zynq/zynq_i/processing_system7_0/inst/buffer_fclk_clk_0.FCLK_CLK_0_BUFG/O
                         net (fo=976, routed)         1.521    12.700    zynq/zynq_i/ps7_0_axi_periph/s00_couplers/auto_pc/inst/gen_axilite.gen_b2s_conv.axilite_b2s/WR.aw_channel_0/cmd_translator_0/incr_cmd_0/aclk
    SLICE_X27Y96         FDRE                                         r  zynq/zynq_i/ps7_0_axi_periph/s00_couplers/auto_pc/inst/gen_axilite.gen_b2s_conv.axilite_b2s/WR.aw_channel_0/cmd_translator_0/incr_cmd_0/axaddr_incr_reg[6]/C
                         clock pessimism              0.229    12.929    
                         clock uncertainty           -0.154    12.775    
    SLICE_X27Y96         FDRE (Setup_fdre_C_D)        0.075    12.850    zynq/zynq_i/ps7_0_axi_periph/s00_couplers/auto_pc/inst/gen_axilite.gen_b2s_conv.axilite_b2s/WR.aw_channel_0/cmd_translator_0/incr_cmd_0/axaddr_incr_reg[6]
  -------------------------------------------------------------------
                         required time                         12.850    
                         arrival time                          -9.677    
  -------------------------------------------------------------------
                         slack                                  3.173    

Slack (MET) :             3.268ns  (required time - arrival time)
  Source:                 zynq/zynq_i/axi_gpio_0/U0/ip2bus_wrack_i_D1_reg/C
                            (rising edge-triggered cell FDRE clocked by clk_fpga_0  {rise@0.000ns fall@5.000ns period=10.000ns})
  Destination:            zynq/zynq_i/ps7_0_axi_periph/s00_couplers/auto_pc/inst/gen_axilite.gen_b2s_conv.axilite_b2s/WR.aw_channel_0/cmd_translator_0/incr_cmd_0/axaddr_incr_reg[8]/D
                            (rising edge-triggered cell FDRE clocked by clk_fpga_0  {rise@0.000ns fall@5.000ns period=10.000ns})
  Path Group:             clk_fpga_0
  Path Type:              Setup (Max at Slow Process Corner)
  Requirement:            10.000ns  (clk_fpga_0 rise@10.000ns - clk_fpga_0 rise@0.000ns)
  Data Path Delay:        6.643ns  (logic 2.338ns (35.193%)  route 4.305ns (64.807%))
  Logic Levels:           8  (CARRY4=3 LUT3=2 LUT4=1 LUT6=2)
  Clock Path Skew:        -0.010ns (DCD - SCD + CPR)
    Destination Clock Delay (DCD):    2.700ns = ( 12.700 - 10.000 ) 
    Source Clock Delay      (SCD):    2.939ns
    Clock Pessimism Removal (CPR):    0.229ns
  Clock Uncertainty:      0.154ns  ((TSJ^2 + TIJ^2)^1/2 + DJ) / 2 + PE
    Total System Jitter     (TSJ):    0.071ns
    Total Input Jitter      (TIJ):    0.300ns
    Discrete Jitter          (DJ):    0.000ns
    Phase Error              (PE):    0.000ns

    Location             Delay type                Incr(ns)  Path(ns)    Netlist Resource(s)
  -------------------------------------------------------------------    -------------------
                         (clock clk_fpga_0 rise edge)
                                                      0.000     0.000 r  
    PS7_X0Y0             PS7                          0.000     0.000 r  zynq/zynq_i/processing_system7_0/inst/PS7_i/FCLKCLK[0]
                         net (fo=1, routed)           1.193     1.193    zynq/zynq_i/processing_system7_0/inst/FCLK_CLK_unbuffered[0]
    BUFGCTRL_X0Y16       BUFG (Prop_bufg_I_O)         0.101     1.294 r  zynq/zynq_i/processing_system7_0/inst/buffer_fclk_clk_0.FCLK_CLK_0_BUFG/O
                         net (fo=976, routed)         1.645     2.939    zynq/zynq_i/axi_gpio_0/U0/s_axi_aclk
    SLICE_X34Y84         FDRE                                         r  zynq/zynq_i/axi_gpio_0/U0/ip2bus_wrack_i_D1_reg/C
  -------------------------------------------------------------------    -------------------
    SLICE_X34Y84         FDRE (Prop_fdre_C_Q)         0.478     3.417 r  zynq/zynq_i/axi_gpio_0/U0/ip2bus_wrack_i_D1_reg/Q
                         net (fo=1, routed)           0.972     4.389    zynq/zynq_i/axi_gpio_0/U0/AXI_LITE_IPIF_I/I_SLAVE_ATTACHMENT/I_DECODER/ip2bus_wrack_i_D1
    SLICE_X34Y86         LUT6 (Prop_lut6_I0_O)        0.295     4.684 r  zynq/zynq_i/axi_gpio_0/U0/AXI_LITE_IPIF_I/I_SLAVE_ATTACHMENT/I_DECODER/s_axi_wready_INST_0/O
                         net (fo=10, routed)          1.040     5.725    zynq/zynq_i/ps7_0_axi_periph/s00_couplers/auto_pc/inst/gen_axilite.gen_b2s_conv.axilite_b2s/WR.aw_channel_0/aw_cmd_fsm_0/m_axi_awready
    SLICE_X32Y96         LUT6 (Prop_lut6_I0_O)        0.124     5.849 r  zynq/zynq_i/ps7_0_axi_periph/s00_couplers/auto_pc/inst/gen_axilite.gen_b2s_conv.axilite_b2s/WR.aw_channel_0/aw_cmd_fsm_0/memory_reg[3][0]_srl4_i_1/O
                         net (fo=30, routed)          0.622     6.471    zynq/zynq_i/ps7_0_axi_periph/s00_couplers/auto_pc/inst/gen_axilite.gen_b2s_conv.axilite_b2s/WR.aw_channel_0/aw_cmd_fsm_0/m_axi_awready_0
    SLICE_X33Y94         LUT3 (Prop_lut3_I2_O)        0.124     6.595 r  zynq/zynq_i/ps7_0_axi_periph/s00_couplers/auto_pc/inst/gen_axilite.gen_b2s_conv.axilite_b2s/WR.aw_channel_0/aw_cmd_fsm_0/next_pending_r_i_3/O
                         net (fo=23, routed)          0.946     7.540    zynq/zynq_i/ps7_0_axi_periph/s00_couplers/auto_pc/inst/gen_axilite.gen_b2s_conv.axilite_b2s/WR.aw_channel_0/cmd_translator_0/incr_cmd_0/next
    SLICE_X28Y93         LUT4 (Prop_lut4_I3_O)        0.124     7.664 r  zynq/zynq_i/ps7_0_axi_periph/s00_couplers/auto_pc/inst/gen_axilite.gen_b2s_conv.axilite_b2s/WR.aw_channel_0/cmd_translator_0/incr_cmd_0/axaddr_incr[3]_i_10/O
                         net (fo=1, routed)           0.000     7.664    zynq/zynq_i/ps7_0_axi_periph/s00_couplers/auto_pc/inst/gen_axilite.gen_b2s_conv.axilite_b2s/SI_REG/aw.aw_pipe/axaddr_incr_reg[3][0]
    SLICE_X28Y93         CARRY4 (Prop_carry4_S[0]_CO[3])
                                                      0.532     8.196 r  zynq/zynq_i/ps7_0_axi_periph/s00_couplers/auto_pc/inst/gen_axilite.gen_b2s_conv.axilite_b2s/SI_REG/aw.aw_pipe/axaddr_incr_reg[3]_i_2/CO[3]
                         net (fo=1, routed)           0.000     8.196    zynq/zynq_i/ps7_0_axi_periph/s00_couplers/auto_pc/inst/gen_axilite.gen_b2s_conv.axilite_b2s/SI_REG/aw.aw_pipe/axaddr_incr_reg[3]_i_2_n_0
    SLICE_X28Y94         CARRY4 (Prop_carry4_CI_CO[3])
                                                      0.114     8.310 r  zynq/zynq_i/ps7_0_axi_periph/s00_couplers/auto_pc/inst/gen_axilite.gen_b2s_conv.axilite_b2s/SI_REG/aw.aw_pipe/axaddr_incr_reg[7]_i_2/CO[3]
                         net (fo=1, routed)           0.000     8.310    zynq/zynq_i/ps7_0_axi_periph/s00_couplers/auto_pc/inst/gen_axilite.gen_b2s_conv.axilite_b2s/SI_REG/aw.aw_pipe/axaddr_incr_reg[7]_i_2_n_0
    SLICE_X28Y95         CARRY4 (Prop_carry4_CI_O[0])
                                                      0.222     8.532 r  zynq/zynq_i/ps7_0_axi_periph/s00_couplers/auto_pc/inst/gen_axilite.gen_b2s_conv.axilite_b2s/SI_REG/aw.aw_pipe/axaddr_incr_reg[11]_i_3/O[0]
                         net (fo=1, routed)           0.725     9.257    zynq/zynq_i/ps7_0_axi_periph/s00_couplers/auto_pc/inst/gen_axilite.gen_b2s_conv.axilite_b2s/WR.aw_channel_0/cmd_translator_0/incr_cmd_0/axaddr_incr[8]
    SLICE_X27Y96         LUT3 (Prop_lut3_I0_O)        0.325     9.582 r  zynq/zynq_i/ps7_0_axi_periph/s00_couplers/auto_pc/inst/gen_axilite.gen_b2s_conv.axilite_b2s/WR.aw_channel_0/cmd_translator_0/incr_cmd_0/axaddr_incr[8]_i_1/O
                         net (fo=1, routed)           0.000     9.582    zynq/zynq_i/ps7_0_axi_periph/s00_couplers/auto_pc/inst/gen_axilite.gen_b2s_conv.axilite_b2s/WR.aw_channel_0/cmd_translator_0/incr_cmd_0/p_1_in[8]
    SLICE_X27Y96         FDRE                                         r  zynq/zynq_i/ps7_0_axi_periph/s00_couplers/auto_pc/inst/gen_axilite.gen_b2s_conv.axilite_b2s/WR.aw_channel_0/cmd_translator_0/incr_cmd_0/axaddr_incr_reg[8]/D
  -------------------------------------------------------------------    -------------------

                         (clock clk_fpga_0 rise edge)
                                                     10.000    10.000 r  
    PS7_X0Y0             PS7                          0.000    10.000 r  zynq/zynq_i/processing_system7_0/inst/PS7_i/FCLKCLK[0]
                         net (fo=1, routed)           1.088    11.088    zynq/zynq_i/processing_system7_0/inst/FCLK_CLK_unbuffered[0]
    BUFGCTRL_X0Y16       BUFG (Prop_bufg_I_O)         0.091    11.179 r  zynq/zynq_i/processing_system7_0/inst/buffer_fclk_clk_0.FCLK_CLK_0_BUFG/O
                         net (fo=976, routed)         1.521    12.700    zynq/zynq_i/ps7_0_axi_periph/s00_couplers/auto_pc/inst/gen_axilite.gen_b2s_conv.axilite_b2s/WR.aw_channel_0/cmd_translator_0/incr_cmd_0/aclk
    SLICE_X27Y96         FDRE                                         r  zynq/zynq_i/ps7_0_axi_periph/s00_couplers/auto_pc/inst/gen_axilite.gen_b2s_conv.axilite_b2s/WR.aw_channel_0/cmd_translator_0/incr_cmd_0/axaddr_incr_reg[8]/C
                         clock pessimism              0.229    12.929    
                         clock uncertainty           -0.154    12.775    
    SLICE_X27Y96         FDRE (Setup_fdre_C_D)        0.075    12.850    zynq/zynq_i/ps7_0_axi_periph/s00_couplers/auto_pc/inst/gen_axilite.gen_b2s_conv.axilite_b2s/WR.aw_channel_0/cmd_translator_0/incr_cmd_0/axaddr_incr_reg[8]
  -------------------------------------------------------------------
                         required time                         12.850    
                         arrival time                          -9.582    
  -------------------------------------------------------------------
                         slack                                  3.268    

Slack (MET) :             3.303ns  (required time - arrival time)
  Source:                 zynq/zynq_i/axi_gpio_0/U0/ip2bus_wrack_i_D1_reg/C
                            (rising edge-triggered cell FDRE clocked by clk_fpga_0  {rise@0.000ns fall@5.000ns period=10.000ns})
  Destination:            zynq/zynq_i/ps7_0_axi_periph/s00_couplers/auto_pc/inst/gen_axilite.gen_b2s_conv.axilite_b2s/WR.aw_channel_0/cmd_translator_0/incr_cmd_0/axaddr_incr_reg[7]/D
                            (rising edge-triggered cell FDRE clocked by clk_fpga_0  {rise@0.000ns fall@5.000ns period=10.000ns})
  Path Group:             clk_fpga_0
  Path Type:              Setup (Max at Slow Process Corner)
  Requirement:            10.000ns  (clk_fpga_0 rise@10.000ns - clk_fpga_0 rise@0.000ns)
  Data Path Delay:        6.651ns  (logic 2.325ns (34.959%)  route 4.326ns (65.041%))
  Logic Levels:           7  (CARRY4=2 LUT3=2 LUT4=1 LUT6=2)
  Clock Path Skew:        -0.010ns (DCD - SCD + CPR)
    Destination Clock Delay (DCD):    2.700ns = ( 12.700 - 10.000 ) 
    Source Clock Delay      (SCD):    2.939ns
    Clock Pessimism Removal (CPR):    0.229ns
  Clock Uncertainty:      0.154ns  ((TSJ^2 + TIJ^2)^1/2 + DJ) / 2 + PE
    Total System Jitter     (TSJ):    0.071ns
    Total Input Jitter      (TIJ):    0.300ns
    Discrete Jitter          (DJ):    0.000ns
    Phase Error              (PE):    0.000ns

    Location             Delay type                Incr(ns)  Path(ns)    Netlist Resource(s)
  -------------------------------------------------------------------    -------------------
                         (clock clk_fpga_0 rise edge)
                                                      0.000     0.000 r  
    PS7_X0Y0             PS7                          0.000     0.000 r  zynq/zynq_i/processing_system7_0/inst/PS7_i/FCLKCLK[0]
                         net (fo=1, routed)           1.193     1.193    zynq/zynq_i/processing_system7_0/inst/FCLK_CLK_unbuffered[0]
    BUFGCTRL_X0Y16       BUFG (Prop_bufg_I_O)         0.101     1.294 r  zynq/zynq_i/processing_system7_0/inst/buffer_fclk_clk_0.FCLK_CLK_0_BUFG/O
                         net (fo=976, routed)         1.645     2.939    zynq/zynq_i/axi_gpio_0/U0/s_axi_aclk
    SLICE_X34Y84         FDRE                                         r  zynq/zynq_i/axi_gpio_0/U0/ip2bus_wrack_i_D1_reg/C
  -------------------------------------------------------------------    -------------------
    SLICE_X34Y84         FDRE (Prop_fdre_C_Q)         0.478     3.417 r  zynq/zynq_i/axi_gpio_0/U0/ip2bus_wrack_i_D1_reg/Q
                         net (fo=1, routed)           0.972     4.389    zynq/zynq_i/axi_gpio_0/U0/AXI_LITE_IPIF_I/I_SLAVE_ATTACHMENT/I_DECODER/ip2bus_wrack_i_D1
    SLICE_X34Y86         LUT6 (Prop_lut6_I0_O)        0.295     4.684 r  zynq/zynq_i/axi_gpio_0/U0/AXI_LITE_IPIF_I/I_SLAVE_ATTACHMENT/I_DECODER/s_axi_wready_INST_0/O
                         net (fo=10, routed)          1.040     5.725    zynq/zynq_i/ps7_0_axi_periph/s00_couplers/auto_pc/inst/gen_axilite.gen_b2s_conv.axilite_b2s/WR.aw_channel_0/aw_cmd_fsm_0/m_axi_awready
    SLICE_X32Y96         LUT6 (Prop_lut6_I0_O)        0.124     5.849 r  zynq/zynq_i/ps7_0_axi_periph/s00_couplers/auto_pc/inst/gen_axilite.gen_b2s_conv.axilite_b2s/WR.aw_channel_0/aw_cmd_fsm_0/memory_reg[3][0]_srl4_i_1/O
                         net (fo=30, routed)          0.622     6.471    zynq/zynq_i/ps7_0_axi_periph/s00_couplers/auto_pc/inst/gen_axilite.gen_b2s_conv.axilite_b2s/WR.aw_channel_0/aw_cmd_fsm_0/m_axi_awready_0
    SLICE_X33Y94         LUT3 (Prop_lut3_I2_O)        0.124     6.595 r  zynq/zynq_i/ps7_0_axi_periph/s00_couplers/auto_pc/inst/gen_axilite.gen_b2s_conv.axilite_b2s/WR.aw_channel_0/aw_cmd_fsm_0/next_pending_r_i_3/O
                         net (fo=23, routed)          0.946     7.540    zynq/zynq_i/ps7_0_axi_periph/s00_couplers/auto_pc/inst/gen_axilite.gen_b2s_conv.axilite_b2s/WR.aw_channel_0/cmd_translator_0/incr_cmd_0/next
    SLICE_X28Y93         LUT4 (Prop_lut4_I3_O)        0.124     7.664 r  zynq/zynq_i/ps7_0_axi_periph/s00_couplers/auto_pc/inst/gen_axilite.gen_b2s_conv.axilite_b2s/WR.aw_channel_0/cmd_translator_0/incr_cmd_0/axaddr_incr[3]_i_10/O
                         net (fo=1, routed)           0.000     7.664    zynq/zynq_i/ps7_0_axi_periph/s00_couplers/auto_pc/inst/gen_axilite.gen_b2s_conv.axilite_b2s/SI_REG/aw.aw_pipe/axaddr_incr_reg[3][0]
    SLICE_X28Y93         CARRY4 (Prop_carry4_S[0]_CO[3])
                                                      0.532     8.196 r  zynq/zynq_i/ps7_0_axi_periph/s00_couplers/auto_pc/inst/gen_axilite.gen_b2s_conv.axilite_b2s/SI_REG/aw.aw_pipe/axaddr_incr_reg[3]_i_2/CO[3]
                         net (fo=1, routed)           0.000     8.196    zynq/zynq_i/ps7_0_axi_periph/s00_couplers/auto_pc/inst/gen_axilite.gen_b2s_conv.axilite_b2s/SI_REG/aw.aw_pipe/axaddr_incr_reg[3]_i_2_n_0
    SLICE_X28Y94         CARRY4 (Prop_carry4_CI_O[3])
                                                      0.313     8.509 r  zynq/zynq_i/ps7_0_axi_periph/s00_couplers/auto_pc/inst/gen_axilite.gen_b2s_conv.axilite_b2s/SI_REG/aw.aw_pipe/axaddr_incr_reg[7]_i_2/O[3]
                         net (fo=1, routed)           0.746     9.255    zynq/zynq_i/ps7_0_axi_periph/s00_couplers/auto_pc/inst/gen_axilite.gen_b2s_conv.axilite_b2s/WR.aw_channel_0/cmd_translator_0/incr_cmd_0/axaddr_incr[7]
    SLICE_X26Y93         LUT3 (Prop_lut3_I0_O)        0.335     9.590 r  zynq/zynq_i/ps7_0_axi_periph/s00_couplers/auto_pc/inst/gen_axilite.gen_b2s_conv.axilite_b2s/WR.aw_channel_0/cmd_translator_0/incr_cmd_0/axaddr_incr[7]_i_1/O
                         net (fo=1, routed)           0.000     9.590    zynq/zynq_i/ps7_0_axi_periph/s00_couplers/auto_pc/inst/gen_axilite.gen_b2s_conv.axilite_b2s/WR.aw_channel_0/cmd_translator_0/incr_cmd_0/p_1_in[7]
    SLICE_X26Y93         FDRE                                         r  zynq/zynq_i/ps7_0_axi_periph/s00_couplers/auto_pc/inst/gen_axilite.gen_b2s_conv.axilite_b2s/WR.aw_channel_0/cmd_translator_0/incr_cmd_0/axaddr_incr_reg[7]/D
  -------------------------------------------------------------------    -------------------

                         (clock clk_fpga_0 rise edge)
                                                     10.000    10.000 r  
    PS7_X0Y0             PS7                          0.000    10.000 r  zynq/zynq_i/processing_system7_0/inst/PS7_i/FCLKCLK[0]
                         net (fo=1, routed)           1.088    11.088    zynq/zynq_i/processing_system7_0/inst/FCLK_CLK_unbuffered[0]
    BUFGCTRL_X0Y16       BUFG (Prop_bufg_I_O)         0.091    11.179 r  zynq/zynq_i/processing_system7_0/inst/buffer_fclk_clk_0.FCLK_CLK_0_BUFG/O
                         net (fo=976, routed)         1.521    12.700    zynq/zynq_i/ps7_0_axi_periph/s00_couplers/auto_pc/inst/gen_axilite.gen_b2s_conv.axilite_b2s/WR.aw_channel_0/cmd_translator_0/incr_cmd_0/aclk
    SLICE_X26Y93         FDRE                                         r  zynq/zynq_i/ps7_0_axi_periph/s00_couplers/auto_pc/inst/gen_axilite.gen_b2s_conv.axilite_b2s/WR.aw_channel_0/cmd_translator_0/incr_cmd_0/axaddr_incr_reg[7]/C
                         clock pessimism              0.229    12.929    
                         clock uncertainty           -0.154    12.775    
    SLICE_X26Y93         FDRE (Setup_fdre_C_D)        0.118    12.893    zynq/zynq_i/ps7_0_axi_periph/s00_couplers/auto_pc/inst/gen_axilite.gen_b2s_conv.axilite_b2s/WR.aw_channel_0/cmd_translator_0/incr_cmd_0/axaddr_incr_reg[7]
  -------------------------------------------------------------------
                         required time                         12.893    
                         arrival time                          -9.590    
  -------------------------------------------------------------------
                         slack                                  3.303    

Slack (MET) :             3.398ns  (required time - arrival time)
  Source:                 zynq/zynq_i/axi_gpio_0/U0/ip2bus_wrack_i_D1_reg/C
                            (rising edge-triggered cell FDRE clocked by clk_fpga_0  {rise@0.000ns fall@5.000ns period=10.000ns})
  Destination:            zynq/zynq_i/ps7_0_axi_periph/s00_couplers/auto_pc/inst/gen_axilite.gen_b2s_conv.axilite_b2s/WR.aw_channel_0/cmd_translator_0/incr_cmd_0/axaddr_incr_reg[10]/D
                            (rising edge-triggered cell FDRE clocked by clk_fpga_0  {rise@0.000ns fall@5.000ns period=10.000ns})
  Path Group:             clk_fpga_0
  Path Type:              Setup (Max at Slow Process Corner)
  Requirement:            10.000ns  (clk_fpga_0 rise@10.000ns - clk_fpga_0 rise@0.000ns)
  Data Path Delay:        6.467ns  (logic 2.332ns (36.060%)  route 4.135ns (63.940%))
  Logic Levels:           8  (CARRY4=3 LUT3=2 LUT4=1 LUT6=2)
  Clock Path Skew:        -0.010ns (DCD - SCD + CPR)
    Destination Clock Delay (DCD):    2.700ns = ( 12.700 - 10.000 ) 
    Source Clock Delay      (SCD):    2.939ns
    Clock Pessimism Removal (CPR):    0.229ns
  Clock Uncertainty:      0.154ns  ((TSJ^2 + TIJ^2)^1/2 + DJ) / 2 + PE
    Total System Jitter     (TSJ):    0.071ns
    Total Input Jitter      (TIJ):    0.300ns
    Discrete Jitter          (DJ):    0.000ns
    Phase Error              (PE):    0.000ns

    Location             Delay type                Incr(ns)  Path(ns)    Netlist Resource(s)
  -------------------------------------------------------------------    -------------------
                         (clock clk_fpga_0 rise edge)
                                                      0.000     0.000 r  
    PS7_X0Y0             PS7                          0.000     0.000 r  zynq/zynq_i/processing_system7_0/inst/PS7_i/FCLKCLK[0]
                         net (fo=1, routed)           1.193     1.193    zynq/zynq_i/processing_system7_0/inst/FCLK_CLK_unbuffered[0]
    BUFGCTRL_X0Y16       BUFG (Prop_bufg_I_O)         0.101     1.294 r  zynq/zynq_i/processing_system7_0/inst/buffer_fclk_clk_0.FCLK_CLK_0_BUFG/O
                         net (fo=976, routed)         1.645     2.939    zynq/zynq_i/axi_gpio_0/U0/s_axi_aclk
    SLICE_X34Y84         FDRE                                         r  zynq/zynq_i/axi_gpio_0/U0/ip2bus_wrack_i_D1_reg/C
  -------------------------------------------------------------------    -------------------
    SLICE_X34Y84         FDRE (Prop_fdre_C_Q)         0.478     3.417 r  zynq/zynq_i/axi_gpio_0/U0/ip2bus_wrack_i_D1_reg/Q
                         net (fo=1, routed)           0.972     4.389    zynq/zynq_i/axi_gpio_0/U0/AXI_LITE_IPIF_I/I_SLAVE_ATTACHMENT/I_DECODER/ip2bus_wrack_i_D1
    SLICE_X34Y86         LUT6 (Prop_lut6_I0_O)        0.295     4.684 r  zynq/zynq_i/axi_gpio_0/U0/AXI_LITE_IPIF_I/I_SLAVE_ATTACHMENT/I_DECODER/s_axi_wready_INST_0/O
                         net (fo=10, routed)          1.040     5.725    zynq/zynq_i/ps7_0_axi_periph/s00_couplers/auto_pc/inst/gen_axilite.gen_b2s_conv.axilite_b2s/WR.aw_channel_0/aw_cmd_fsm_0/m_axi_awready
    SLICE_X32Y96         LUT6 (Prop_lut6_I0_O)        0.124     5.849 r  zynq/zynq_i/ps7_0_axi_periph/s00_couplers/auto_pc/inst/gen_axilite.gen_b2s_conv.axilite_b2s/WR.aw_channel_0/aw_cmd_fsm_0/memory_reg[3][0]_srl4_i_1/O
                         net (fo=30, routed)          0.622     6.471    zynq/zynq_i/ps7_0_axi_periph/s00_couplers/auto_pc/inst/gen_axilite.gen_b2s_conv.axilite_b2s/WR.aw_channel_0/aw_cmd_fsm_0/m_axi_awready_0
    SLICE_X33Y94         LUT3 (Prop_lut3_I2_O)        0.124     6.595 r  zynq/zynq_i/ps7_0_axi_periph/s00_couplers/auto_pc/inst/gen_axilite.gen_b2s_conv.axilite_b2s/WR.aw_channel_0/aw_cmd_fsm_0/next_pending_r_i_3/O
                         net (fo=23, routed)          0.946     7.540    zynq/zynq_i/ps7_0_axi_periph/s00_couplers/auto_pc/inst/gen_axilite.gen_b2s_conv.axilite_b2s/WR.aw_channel_0/cmd_translator_0/incr_cmd_0/next
    SLICE_X28Y93         LUT4 (Prop_lut4_I3_O)        0.124     7.664 r  zynq/zynq_i/ps7_0_axi_periph/s00_couplers/auto_pc/inst/gen_axilite.gen_b2s_conv.axilite_b2s/WR.aw_channel_0/cmd_translator_0/incr_cmd_0/axaddr_incr[3]_i_10/O
                         net (fo=1, routed)           0.000     7.664    zynq/zynq_i/ps7_0_axi_periph/s00_couplers/auto_pc/inst/gen_axilite.gen_b2s_conv.axilite_b2s/SI_REG/aw.aw_pipe/axaddr_incr_reg[3][0]
    SLICE_X28Y93         CARRY4 (Prop_carry4_S[0]_CO[3])
                                                      0.532     8.196 r  zynq/zynq_i/ps7_0_axi_periph/s00_couplers/auto_pc/inst/gen_axilite.gen_b2s_conv.axilite_b2s/SI_REG/aw.aw_pipe/axaddr_incr_reg[3]_i_2/CO[3]
                         net (fo=1, routed)           0.000     8.196    zynq/zynq_i/ps7_0_axi_periph/s00_couplers/auto_pc/inst/gen_axilite.gen_b2s_conv.axilite_b2s/SI_REG/aw.aw_pipe/axaddr_incr_reg[3]_i_2_n_0
    SLICE_X28Y94         CARRY4 (Prop_carry4_CI_CO[3])
                                                      0.114     8.310 r  zynq/zynq_i/ps7_0_axi_periph/s00_couplers/auto_pc/inst/gen_axilite.gen_b2s_conv.axilite_b2s/SI_REG/aw.aw_pipe/axaddr_incr_reg[7]_i_2/CO[3]
                         net (fo=1, routed)           0.000     8.310    zynq/zynq_i/ps7_0_axi_periph/s00_couplers/auto_pc/inst/gen_axilite.gen_b2s_conv.axilite_b2s/SI_REG/aw.aw_pipe/axaddr_incr_reg[7]_i_2_n_0
    SLICE_X28Y95         CARRY4 (Prop_carry4_CI_O[2])
                                                      0.239     8.549 r  zynq/zynq_i/ps7_0_axi_periph/s00_couplers/auto_pc/inst/gen_axilite.gen_b2s_conv.axilite_b2s/SI_REG/aw.aw_pipe/axaddr_incr_reg[11]_i_3/O[2]
                         net (fo=1, routed)           0.555     9.104    zynq/zynq_i/ps7_0_axi_periph/s00_couplers/auto_pc/inst/gen_axilite.gen_b2s_conv.axilite_b2s/WR.aw_channel_0/cmd_translator_0/incr_cmd_0/axaddr_incr[10]
    SLICE_X27Y96         LUT3 (Prop_lut3_I0_O)        0.302     9.406 r  zynq/zynq_i/ps7_0_axi_periph/s00_couplers/auto_pc/inst/gen_axilite.gen_b2s_conv.axilite_b2s/WR.aw_channel_0/cmd_translator_0/incr_cmd_0/axaddr_incr[10]_i_1/O
                         net (fo=1, routed)           0.000     9.406    zynq/zynq_i/ps7_0_axi_periph/s00_couplers/auto_pc/inst/gen_axilite.gen_b2s_conv.axilite_b2s/WR.aw_channel_0/cmd_translator_0/incr_cmd_0/p_1_in[10]
    SLICE_X27Y96         FDRE                                         r  zynq/zynq_i/ps7_0_axi_periph/s00_couplers/auto_pc/inst/gen_axilite.gen_b2s_conv.axilite_b2s/WR.aw_channel_0/cmd_translator_0/incr_cmd_0/axaddr_incr_reg[10]/D
  -------------------------------------------------------------------    -------------------

                         (clock clk_fpga_0 rise edge)
                                                     10.000    10.000 r  
    PS7_X0Y0             PS7                          0.000    10.000 r  zynq/zynq_i/processing_system7_0/inst/PS7_i/FCLKCLK[0]
                         net (fo=1, routed)           1.088    11.088    zynq/zynq_i/processing_system7_0/inst/FCLK_CLK_unbuffered[0]
    BUFGCTRL_X0Y16       BUFG (Prop_bufg_I_O)         0.091    11.179 r  zynq/zynq_i/processing_system7_0/inst/buffer_fclk_clk_0.FCLK_CLK_0_BUFG/O
                         net (fo=976, routed)         1.521    12.700    zynq/zynq_i/ps7_0_axi_periph/s00_couplers/auto_pc/inst/gen_axilite.gen_b2s_conv.axilite_b2s/WR.aw_channel_0/cmd_translator_0/incr_cmd_0/aclk
    SLICE_X27Y96         FDRE                                         r  zynq/zynq_i/ps7_0_axi_periph/s00_couplers/auto_pc/inst/gen_axilite.gen_b2s_conv.axilite_b2s/WR.aw_channel_0/cmd_translator_0/incr_cmd_0/axaddr_incr_reg[10]/C
                         clock pessimism              0.229    12.929    
                         clock uncertainty           -0.154    12.775    
    SLICE_X27Y96         FDRE (Setup_fdre_C_D)        0.029    12.804    zynq/zynq_i/ps7_0_axi_periph/s00_couplers/auto_pc/inst/gen_axilite.gen_b2s_conv.axilite_b2s/WR.aw_channel_0/cmd_translator_0/incr_cmd_0/axaddr_incr_reg[10]
  -------------------------------------------------------------------
                         required time                         12.804    
                         arrival time                          -9.406    
  -------------------------------------------------------------------
                         slack                                  3.398    

Slack (MET) :             3.442ns  (required time - arrival time)
  Source:                 zynq/zynq_i/axi_gpio_0/U0/ip2bus_wrack_i_D1_reg/C
                            (rising edge-triggered cell FDRE clocked by clk_fpga_0  {rise@0.000ns fall@5.000ns period=10.000ns})
  Destination:            zynq/zynq_i/ps7_0_axi_periph/s00_couplers/auto_pc/inst/gen_axilite.gen_b2s_conv.axilite_b2s/WR.aw_channel_0/cmd_translator_0/incr_cmd_0/axaddr_incr_reg[11]/D
                            (rising edge-triggered cell FDRE clocked by clk_fpga_0  {rise@0.000ns fall@5.000ns period=10.000ns})
  Path Group:             clk_fpga_0
  Path Type:              Setup (Max at Slow Process Corner)
  Requirement:            10.000ns  (clk_fpga_0 rise@10.000ns - clk_fpga_0 rise@0.000ns)
  Data Path Delay:        6.424ns  (logic 2.410ns (37.513%)  route 4.014ns (62.487%))
  Logic Levels:           8  (CARRY4=3 LUT3=2 LUT4=1 LUT6=2)
  Clock Path Skew:        -0.010ns (DCD - SCD + CPR)
    Destination Clock Delay (DCD):    2.700ns = ( 12.700 - 10.000 ) 
    Source Clock Delay      (SCD):    2.939ns
    Clock Pessimism Removal (CPR):    0.229ns
  Clock Uncertainty:      0.154ns  ((TSJ^2 + TIJ^2)^1/2 + DJ) / 2 + PE
    Total System Jitter     (TSJ):    0.071ns
    Total Input Jitter      (TIJ):    0.300ns
    Discrete Jitter          (DJ):    0.000ns
    Phase Error              (PE):    0.000ns

    Location             Delay type                Incr(ns)  Path(ns)    Netlist Resource(s)
  -------------------------------------------------------------------    -------------------
                         (clock clk_fpga_0 rise edge)
                                                      0.000     0.000 r  
    PS7_X0Y0             PS7                          0.000     0.000 r  zynq/zynq_i/processing_system7_0/inst/PS7_i/FCLKCLK[0]
                         net (fo=1, routed)           1.193     1.193    zynq/zynq_i/processing_system7_0/inst/FCLK_CLK_unbuffered[0]
    BUFGCTRL_X0Y16       BUFG (Prop_bufg_I_O)         0.101     1.294 r  zynq/zynq_i/processing_system7_0/inst/buffer_fclk_clk_0.FCLK_CLK_0_BUFG/O
                         net (fo=976, routed)         1.645     2.939    zynq/zynq_i/axi_gpio_0/U0/s_axi_aclk
    SLICE_X34Y84         FDRE                                         r  zynq/zynq_i/axi_gpio_0/U0/ip2bus_wrack_i_D1_reg/C
  -------------------------------------------------------------------    -------------------
    SLICE_X34Y84         FDRE (Prop_fdre_C_Q)         0.478     3.417 r  zynq/zynq_i/axi_gpio_0/U0/ip2bus_wrack_i_D1_reg/Q
                         net (fo=1, routed)           0.972     4.389    zynq/zynq_i/axi_gpio_0/U0/AXI_LITE_IPIF_I/I_SLAVE_ATTACHMENT/I_DECODER/ip2bus_wrack_i_D1
    SLICE_X34Y86         LUT6 (Prop_lut6_I0_O)        0.295     4.684 r  zynq/zynq_i/axi_gpio_0/U0/AXI_LITE_IPIF_I/I_SLAVE_ATTACHMENT/I_DECODER/s_axi_wready_INST_0/O
                         net (fo=10, routed)          1.040     5.725    zynq/zynq_i/ps7_0_axi_periph/s00_couplers/auto_pc/inst/gen_axilite.gen_b2s_conv.axilite_b2s/WR.aw_channel_0/aw_cmd_fsm_0/m_axi_awready
    SLICE_X32Y96         LUT6 (Prop_lut6_I0_O)        0.124     5.849 r  zynq/zynq_i/ps7_0_axi_periph/s00_couplers/auto_pc/inst/gen_axilite.gen_b2s_conv.axilite_b2s/WR.aw_channel_0/aw_cmd_fsm_0/memory_reg[3][0]_srl4_i_1/O
                         net (fo=30, routed)          0.622     6.471    zynq/zynq_i/ps7_0_axi_periph/s00_couplers/auto_pc/inst/gen_axilite.gen_b2s_conv.axilite_b2s/WR.aw_channel_0/aw_cmd_fsm_0/m_axi_awready_0
    SLICE_X33Y94         LUT3 (Prop_lut3_I2_O)        0.124     6.595 r  zynq/zynq_i/ps7_0_axi_periph/s00_couplers/auto_pc/inst/gen_axilite.gen_b2s_conv.axilite_b2s/WR.aw_channel_0/aw_cmd_fsm_0/next_pending_r_i_3/O
                         net (fo=23, routed)          0.946     7.540    zynq/zynq_i/ps7_0_axi_periph/s00_couplers/auto_pc/inst/gen_axilite.gen_b2s_conv.axilite_b2s/WR.aw_channel_0/cmd_translator_0/incr_cmd_0/next
    SLICE_X28Y93         LUT4 (Prop_lut4_I3_O)        0.124     7.664 r  zynq/zynq_i/ps7_0_axi_periph/s00_couplers/auto_pc/inst/gen_axilite.gen_b2s_conv.axilite_b2s/WR.aw_channel_0/cmd_translator_0/incr_cmd_0/axaddr_incr[3]_i_10/O
                         net (fo=1, routed)           0.000     7.664    zynq/zynq_i/ps7_0_axi_periph/s00_couplers/auto_pc/inst/gen_axilite.gen_b2s_conv.axilite_b2s/SI_REG/aw.aw_pipe/axaddr_incr_reg[3][0]
    SLICE_X28Y93         CARRY4 (Prop_carry4_S[0]_CO[3])
                                                      0.532     8.196 r  zynq/zynq_i/ps7_0_axi_periph/s00_couplers/auto_pc/inst/gen_axilite.gen_b2s_conv.axilite_b2s/SI_REG/aw.aw_pipe/axaddr_incr_reg[3]_i_2/CO[3]
                         net (fo=1, routed)           0.000     8.196    zynq/zynq_i/ps7_0_axi_periph/s00_couplers/auto_pc/inst/gen_axilite.gen_b2s_conv.axilite_b2s/SI_REG/aw.aw_pipe/axaddr_incr_reg[3]_i_2_n_0
    SLICE_X28Y94         CARRY4 (Prop_carry4_CI_CO[3])
                                                      0.114     8.310 r  zynq/zynq_i/ps7_0_axi_periph/s00_couplers/auto_pc/inst/gen_axilite.gen_b2s_conv.axilite_b2s/SI_REG/aw.aw_pipe/axaddr_incr_reg[7]_i_2/CO[3]
                         net (fo=1, routed)           0.000     8.310    zynq/zynq_i/ps7_0_axi_periph/s00_couplers/auto_pc/inst/gen_axilite.gen_b2s_conv.axilite_b2s/SI_REG/aw.aw_pipe/axaddr_incr_reg[7]_i_2_n_0
    SLICE_X28Y95         CARRY4 (Prop_carry4_CI_O[3])
                                                      0.313     8.623 r  zynq/zynq_i/ps7_0_axi_periph/s00_couplers/auto_pc/inst/gen_axilite.gen_b2s_conv.axilite_b2s/SI_REG/aw.aw_pipe/axaddr_incr_reg[11]_i_3/O[3]
                         net (fo=1, routed)           0.434     9.057    zynq/zynq_i/ps7_0_axi_periph/s00_couplers/auto_pc/inst/gen_axilite.gen_b2s_conv.axilite_b2s/WR.aw_channel_0/cmd_translator_0/incr_cmd_0/axaddr_incr[11]
    SLICE_X27Y96         LUT3 (Prop_lut3_I0_O)        0.306     9.363 r  zynq/zynq_i/ps7_0_axi_periph/s00_couplers/auto_pc/inst/gen_axilite.gen_b2s_conv.axilite_b2s/WR.aw_channel_0/cmd_translator_0/incr_cmd_0/axaddr_incr[11]_i_2/O
                         net (fo=1, routed)           0.000     9.363    zynq/zynq_i/ps7_0_axi_periph/s00_couplers/auto_pc/inst/gen_axilite.gen_b2s_conv.axilite_b2s/WR.aw_channel_0/cmd_translator_0/incr_cmd_0/p_1_in[11]
    SLICE_X27Y96         FDRE                                         r  zynq/zynq_i/ps7_0_axi_periph/s00_couplers/auto_pc/inst/gen_axilite.gen_b2s_conv.axilite_b2s/WR.aw_channel_0/cmd_translator_0/incr_cmd_0/axaddr_incr_reg[11]/D
  -------------------------------------------------------------------    -------------------

                         (clock clk_fpga_0 rise edge)
                                                     10.000    10.000 r  
    PS7_X0Y0             PS7                          0.000    10.000 r  zynq/zynq_i/processing_system7_0/inst/PS7_i/FCLKCLK[0]
                         net (fo=1, routed)           1.088    11.088    zynq/zynq_i/processing_system7_0/inst/FCLK_CLK_unbuffered[0]
    BUFGCTRL_X0Y16       BUFG (Prop_bufg_I_O)         0.091    11.179 r  zynq/zynq_i/processing_system7_0/inst/buffer_fclk_clk_0.FCLK_CLK_0_BUFG/O
                         net (fo=976, routed)         1.521    12.700    zynq/zynq_i/ps7_0_axi_periph/s00_couplers/auto_pc/inst/gen_axilite.gen_b2s_conv.axilite_b2s/WR.aw_channel_0/cmd_translator_0/incr_cmd_0/aclk
    SLICE_X27Y96         FDRE                                         r  zynq/zynq_i/ps7_0_axi_periph/s00_couplers/auto_pc/inst/gen_axilite.gen_b2s_conv.axilite_b2s/WR.aw_channel_0/cmd_translator_0/incr_cmd_0/axaddr_incr_reg[11]/C
                         clock pessimism              0.229    12.929    
                         clock uncertainty           -0.154    12.775    
    SLICE_X27Y96         FDRE (Setup_fdre_C_D)        0.031    12.806    zynq/zynq_i/ps7_0_axi_periph/s00_couplers/auto_pc/inst/gen_axilite.gen_b2s_conv.axilite_b2s/WR.aw_channel_0/cmd_translator_0/incr_cmd_0/axaddr_incr_reg[11]
  -------------------------------------------------------------------
                         required time                         12.806    
                         arrival time                          -9.363    
  -------------------------------------------------------------------
                         slack                                  3.442    

Slack (MET) :             3.530ns  (required time - arrival time)
  Source:                 zynq/zynq_i/axi_gpio_0/U0/ip2bus_wrack_i_D1_reg/C
                            (rising edge-triggered cell FDRE clocked by clk_fpga_0  {rise@0.000ns fall@5.000ns period=10.000ns})
  Destination:            zynq/zynq_i/ps7_0_axi_periph/s00_couplers/auto_pc/inst/gen_axilite.gen_b2s_conv.axilite_b2s/WR.aw_channel_0/cmd_translator_0/incr_cmd_0/axaddr_incr_reg[4]/D
                            (rising edge-triggered cell FDRE clocked by clk_fpga_0  {rise@0.000ns fall@5.000ns period=10.000ns})
  Path Group:             clk_fpga_0
  Path Type:              Setup (Max at Slow Process Corner)
  Requirement:            10.000ns  (clk_fpga_0 rise@10.000ns - clk_fpga_0 rise@0.000ns)
  Data Path Delay:        6.337ns  (logic 2.198ns (34.687%)  route 4.139ns (65.313%))
  Logic Levels:           7  (CARRY4=2 LUT3=2 LUT4=1 LUT6=2)
  Clock Path Skew:        -0.010ns (DCD - SCD + CPR)
    Destination Clock Delay (DCD):    2.700ns = ( 12.700 - 10.000 ) 
    Source Clock Delay      (SCD):    2.939ns
    Clock Pessimism Removal (CPR):    0.229ns
  Clock Uncertainty:      0.154ns  ((TSJ^2 + TIJ^2)^1/2 + DJ) / 2 + PE
    Total System Jitter     (TSJ):    0.071ns
    Total Input Jitter      (TIJ):    0.300ns
    Discrete Jitter          (DJ):    0.000ns
    Phase Error              (PE):    0.000ns

    Location             Delay type                Incr(ns)  Path(ns)    Netlist Resource(s)
  -------------------------------------------------------------------    -------------------
                         (clock clk_fpga_0 rise edge)
                                                      0.000     0.000 r  
    PS7_X0Y0             PS7                          0.000     0.000 r  zynq/zynq_i/processing_system7_0/inst/PS7_i/FCLKCLK[0]
                         net (fo=1, routed)           1.193     1.193    zynq/zynq_i/processing_system7_0/inst/FCLK_CLK_unbuffered[0]
    BUFGCTRL_X0Y16       BUFG (Prop_bufg_I_O)         0.101     1.294 r  zynq/zynq_i/processing_system7_0/inst/buffer_fclk_clk_0.FCLK_CLK_0_BUFG/O
                         net (fo=976, routed)         1.645     2.939    zynq/zynq_i/axi_gpio_0/U0/s_axi_aclk
    SLICE_X34Y84         FDRE                                         r  zynq/zynq_i/axi_gpio_0/U0/ip2bus_wrack_i_D1_reg/C
  -------------------------------------------------------------------    -------------------
    SLICE_X34Y84         FDRE (Prop_fdre_C_Q)         0.478     3.417 r  zynq/zynq_i/axi_gpio_0/U0/ip2bus_wrack_i_D1_reg/Q
                         net (fo=1, routed)           0.972     4.389    zynq/zynq_i/axi_gpio_0/U0/AXI_LITE_IPIF_I/I_SLAVE_ATTACHMENT/I_DECODER/ip2bus_wrack_i_D1
    SLICE_X34Y86         LUT6 (Prop_lut6_I0_O)        0.295     4.684 r  zynq/zynq_i/axi_gpio_0/U0/AXI_LITE_IPIF_I/I_SLAVE_ATTACHMENT/I_DECODER/s_axi_wready_INST_0/O
                         net (fo=10, routed)          1.040     5.725    zynq/zynq_i/ps7_0_axi_periph/s00_couplers/auto_pc/inst/gen_axilite.gen_b2s_conv.axilite_b2s/WR.aw_channel_0/aw_cmd_fsm_0/m_axi_awready
    SLICE_X32Y96         LUT6 (Prop_lut6_I0_O)        0.124     5.849 r  zynq/zynq_i/ps7_0_axi_periph/s00_couplers/auto_pc/inst/gen_axilite.gen_b2s_conv.axilite_b2s/WR.aw_channel_0/aw_cmd_fsm_0/memory_reg[3][0]_srl4_i_1/O
                         net (fo=30, routed)          0.622     6.471    zynq/zynq_i/ps7_0_axi_periph/s00_couplers/auto_pc/inst/gen_axilite.gen_b2s_conv.axilite_b2s/WR.aw_channel_0/aw_cmd_fsm_0/m_axi_awready_0
    SLICE_X33Y94         LUT3 (Prop_lut3_I2_O)        0.124     6.595 r  zynq/zynq_i/ps7_0_axi_periph/s00_couplers/auto_pc/inst/gen_axilite.gen_b2s_conv.axilite_b2s/WR.aw_channel_0/aw_cmd_fsm_0/next_pending_r_i_3/O
                         net (fo=23, routed)          0.946     7.540    zynq/zynq_i/ps7_0_axi_periph/s00_couplers/auto_pc/inst/gen_axilite.gen_b2s_conv.axilite_b2s/WR.aw_channel_0/cmd_translator_0/incr_cmd_0/next
    SLICE_X28Y93         LUT4 (Prop_lut4_I3_O)        0.124     7.664 r  zynq/zynq_i/ps7_0_axi_periph/s00_couplers/auto_pc/inst/gen_axilite.gen_b2s_conv.axilite_b2s/WR.aw_channel_0/cmd_translator_0/incr_cmd_0/axaddr_incr[3]_i_10/O
                         net (fo=1, routed)           0.000     7.664    zynq/zynq_i/ps7_0_axi_periph/s00_couplers/auto_pc/inst/gen_axilite.gen_b2s_conv.axilite_b2s/SI_REG/aw.aw_pipe/axaddr_incr_reg[3][0]
    SLICE_X28Y93         CARRY4 (Prop_carry4_S[0]_CO[3])
                                                      0.532     8.196 r  zynq/zynq_i/ps7_0_axi_periph/s00_couplers/auto_pc/inst/gen_axilite.gen_b2s_conv.axilite_b2s/SI_REG/aw.aw_pipe/axaddr_incr_reg[3]_i_2/CO[3]
                         net (fo=1, routed)           0.000     8.196    zynq/zynq_i/ps7_0_axi_periph/s00_couplers/auto_pc/inst/gen_axilite.gen_b2s_conv.axilite_b2s/SI_REG/aw.aw_pipe/axaddr_incr_reg[3]_i_2_n_0
    SLICE_X28Y94         CARRY4 (Prop_carry4_CI_O[0])
                                                      0.222     8.418 r  zynq/zynq_i/ps7_0_axi_periph/s00_couplers/auto_pc/inst/gen_axilite.gen_b2s_conv.axilite_b2s/SI_REG/aw.aw_pipe/axaddr_incr_reg[7]_i_2/O[0]
                         net (fo=1, routed)           0.558     8.977    zynq/zynq_i/ps7_0_axi_periph/s00_couplers/auto_pc/inst/gen_axilite.gen_b2s_conv.axilite_b2s/WR.aw_channel_0/cmd_translator_0/incr_cmd_0/axaddr_incr[4]
    SLICE_X27Y96         LUT3 (Prop_lut3_I0_O)        0.299     9.276 r  zynq/zynq_i/ps7_0_axi_periph/s00_couplers/auto_pc/inst/gen_axilite.gen_b2s_conv.axilite_b2s/WR.aw_channel_0/cmd_translator_0/incr_cmd_0/axaddr_incr[4]_i_1/O
                         net (fo=1, routed)           0.000     9.276    zynq/zynq_i/ps7_0_axi_periph/s00_couplers/auto_pc/inst/gen_axilite.gen_b2s_conv.axilite_b2s/WR.aw_channel_0/cmd_translator_0/incr_cmd_0/p_1_in[4]
    SLICE_X27Y96         FDRE                                         r  zynq/zynq_i/ps7_0_axi_periph/s00_couplers/auto_pc/inst/gen_axilite.gen_b2s_conv.axilite_b2s/WR.aw_channel_0/cmd_translator_0/incr_cmd_0/axaddr_incr_reg[4]/D
  -------------------------------------------------------------------    -------------------

                         (clock clk_fpga_0 rise edge)
                                                     10.000    10.000 r  
    PS7_X0Y0             PS7                          0.000    10.000 r  zynq/zynq_i/processing_system7_0/inst/PS7_i/FCLKCLK[0]
                         net (fo=1, routed)           1.088    11.088    zynq/zynq_i/processing_system7_0/inst/FCLK_CLK_unbuffered[0]
    BUFGCTRL_X0Y16       BUFG (Prop_bufg_I_O)         0.091    11.179 r  zynq/zynq_i/processing_system7_0/inst/buffer_fclk_clk_0.FCLK_CLK_0_BUFG/O
                         net (fo=976, routed)         1.521    12.700    zynq/zynq_i/ps7_0_axi_periph/s00_couplers/auto_pc/inst/gen_axilite.gen_b2s_conv.axilite_b2s/WR.aw_channel_0/cmd_translator_0/incr_cmd_0/aclk
    SLICE_X27Y96         FDRE                                         r  zynq/zynq_i/ps7_0_axi_periph/s00_couplers/auto_pc/inst/gen_axilite.gen_b2s_conv.axilite_b2s/WR.aw_channel_0/cmd_translator_0/incr_cmd_0/axaddr_incr_reg[4]/C
                         clock pessimism              0.229    12.929    
                         clock uncertainty           -0.154    12.775    
    SLICE_X27Y96         FDRE (Setup_fdre_C_D)        0.031    12.806    zynq/zynq_i/ps7_0_axi_periph/s00_couplers/auto_pc/inst/gen_axilite.gen_b2s_conv.axilite_b2s/WR.aw_channel_0/cmd_translator_0/incr_cmd_0/axaddr_incr_reg[4]
  -------------------------------------------------------------------
                         required time                         12.806    
                         arrival time                          -9.276    
  -------------------------------------------------------------------
                         slack                                  3.530    

Slack (MET) :             3.567ns  (required time - arrival time)
  Source:                 zynq/zynq_i/axi_gpio_0/U0/ip2bus_wrack_i_D1_reg/C
                            (rising edge-triggered cell FDRE clocked by clk_fpga_0  {rise@0.000ns fall@5.000ns period=10.000ns})
  Destination:            zynq/zynq_i/ps7_0_axi_periph/s00_couplers/auto_pc/inst/gen_axilite.gen_b2s_conv.axilite_b2s/WR.aw_channel_0/cmd_translator_0/incr_cmd_0/axaddr_incr_reg[5]/D
                            (rising edge-triggered cell FDRE clocked by clk_fpga_0  {rise@0.000ns fall@5.000ns period=10.000ns})
  Path Group:             clk_fpga_0
  Path Type:              Setup (Max at Slow Process Corner)
  Requirement:            10.000ns  (clk_fpga_0 rise@10.000ns - clk_fpga_0 rise@0.000ns)
  Data Path Delay:        6.348ns  (logic 2.314ns (36.454%)  route 4.034ns (63.546%))
  Logic Levels:           7  (CARRY4=2 LUT3=2 LUT4=1 LUT6=2)
  Clock Path Skew:        -0.010ns (DCD - SCD + CPR)
    Destination Clock Delay (DCD):    2.700ns = ( 12.700 - 10.000 ) 
    Source Clock Delay      (SCD):    2.939ns
    Clock Pessimism Removal (CPR):    0.229ns
  Clock Uncertainty:      0.154ns  ((TSJ^2 + TIJ^2)^1/2 + DJ) / 2 + PE
    Total System Jitter     (TSJ):    0.071ns
    Total Input Jitter      (TIJ):    0.300ns
    Discrete Jitter          (DJ):    0.000ns
    Phase Error              (PE):    0.000ns

    Location             Delay type                Incr(ns)  Path(ns)    Netlist Resource(s)
  -------------------------------------------------------------------    -------------------
                         (clock clk_fpga_0 rise edge)
                                                      0.000     0.000 r  
    PS7_X0Y0             PS7                          0.000     0.000 r  zynq/zynq_i/processing_system7_0/inst/PS7_i/FCLKCLK[0]
                         net (fo=1, routed)           1.193     1.193    zynq/zynq_i/processing_system7_0/inst/FCLK_CLK_unbuffered[0]
    BUFGCTRL_X0Y16       BUFG (Prop_bufg_I_O)         0.101     1.294 r  zynq/zynq_i/processing_system7_0/inst/buffer_fclk_clk_0.FCLK_CLK_0_BUFG/O
                         net (fo=976, routed)         1.645     2.939    zynq/zynq_i/axi_gpio_0/U0/s_axi_aclk
    SLICE_X34Y84         FDRE                                         r  zynq/zynq_i/axi_gpio_0/U0/ip2bus_wrack_i_D1_reg/C
  -------------------------------------------------------------------    -------------------
    SLICE_X34Y84         FDRE (Prop_fdre_C_Q)         0.478     3.417 r  zynq/zynq_i/axi_gpio_0/U0/ip2bus_wrack_i_D1_reg/Q
                         net (fo=1, routed)           0.972     4.389    zynq/zynq_i/axi_gpio_0/U0/AXI_LITE_IPIF_I/I_SLAVE_ATTACHMENT/I_DECODER/ip2bus_wrack_i_D1
    SLICE_X34Y86         LUT6 (Prop_lut6_I0_O)        0.295     4.684 r  zynq/zynq_i/axi_gpio_0/U0/AXI_LITE_IPIF_I/I_SLAVE_ATTACHMENT/I_DECODER/s_axi_wready_INST_0/O
                         net (fo=10, routed)          1.040     5.725    zynq/zynq_i/ps7_0_axi_periph/s00_couplers/auto_pc/inst/gen_axilite.gen_b2s_conv.axilite_b2s/WR.aw_channel_0/aw_cmd_fsm_0/m_axi_awready
    SLICE_X32Y96         LUT6 (Prop_lut6_I0_O)        0.124     5.849 r  zynq/zynq_i/ps7_0_axi_periph/s00_couplers/auto_pc/inst/gen_axilite.gen_b2s_conv.axilite_b2s/WR.aw_channel_0/aw_cmd_fsm_0/memory_reg[3][0]_srl4_i_1/O
                         net (fo=30, routed)          0.622     6.471    zynq/zynq_i/ps7_0_axi_periph/s00_couplers/auto_pc/inst/gen_axilite.gen_b2s_conv.axilite_b2s/WR.aw_channel_0/aw_cmd_fsm_0/m_axi_awready_0
    SLICE_X33Y94         LUT3 (Prop_lut3_I2_O)        0.124     6.595 r  zynq/zynq_i/ps7_0_axi_periph/s00_couplers/auto_pc/inst/gen_axilite.gen_b2s_conv.axilite_b2s/WR.aw_channel_0/aw_cmd_fsm_0/next_pending_r_i_3/O
                         net (fo=23, routed)          0.946     7.540    zynq/zynq_i/ps7_0_axi_periph/s00_couplers/auto_pc/inst/gen_axilite.gen_b2s_conv.axilite_b2s/WR.aw_channel_0/cmd_translator_0/incr_cmd_0/next
    SLICE_X28Y93         LUT4 (Prop_lut4_I3_O)        0.124     7.664 r  zynq/zynq_i/ps7_0_axi_periph/s00_couplers/auto_pc/inst/gen_axilite.gen_b2s_conv.axilite_b2s/WR.aw_channel_0/cmd_translator_0/incr_cmd_0/axaddr_incr[3]_i_10/O
                         net (fo=1, routed)           0.000     7.664    zynq/zynq_i/ps7_0_axi_periph/s00_couplers/auto_pc/inst/gen_axilite.gen_b2s_conv.axilite_b2s/SI_REG/aw.aw_pipe/axaddr_incr_reg[3][0]
    SLICE_X28Y93         CARRY4 (Prop_carry4_S[0]_CO[3])
                                                      0.532     8.196 r  zynq/zynq_i/ps7_0_axi_periph/s00_couplers/auto_pc/inst/gen_axilite.gen_b2s_conv.axilite_b2s/SI_REG/aw.aw_pipe/axaddr_incr_reg[3]_i_2/CO[3]
                         net (fo=1, routed)           0.000     8.196    zynq/zynq_i/ps7_0_axi_periph/s00_couplers/auto_pc/inst/gen_axilite.gen_b2s_conv.axilite_b2s/SI_REG/aw.aw_pipe/axaddr_incr_reg[3]_i_2_n_0
    SLICE_X28Y94         CARRY4 (Prop_carry4_CI_O[1])
                                                      0.334     8.530 r  zynq/zynq_i/ps7_0_axi_periph/s00_couplers/auto_pc/inst/gen_axilite.gen_b2s_conv.axilite_b2s/SI_REG/aw.aw_pipe/axaddr_incr_reg[7]_i_2/O[1]
                         net (fo=1, routed)           0.454     8.984    zynq/zynq_i/ps7_0_axi_periph/s00_couplers/auto_pc/inst/gen_axilite.gen_b2s_conv.axilite_b2s/WR.aw_channel_0/cmd_translator_0/incr_cmd_0/axaddr_incr[5]
    SLICE_X26Y93         LUT3 (Prop_lut3_I0_O)        0.303     9.287 r  zynq/zynq_i/ps7_0_axi_periph/s00_couplers/auto_pc/inst/gen_axilite.gen_b2s_conv.axilite_b2s/WR.aw_channel_0/cmd_translator_0/incr_cmd_0/axaddr_incr[5]_i_1/O
                         net (fo=1, routed)           0.000     9.287    zynq/zynq_i/ps7_0_axi_periph/s00_couplers/auto_pc/inst/gen_axilite.gen_b2s_conv.axilite_b2s/WR.aw_channel_0/cmd_translator_0/incr_cmd_0/p_1_in[5]
    SLICE_X26Y93         FDRE                                         r  zynq/zynq_i/ps7_0_axi_periph/s00_couplers/auto_pc/inst/gen_axilite.gen_b2s_conv.axilite_b2s/WR.aw_channel_0/cmd_translator_0/incr_cmd_0/axaddr_incr_reg[5]/D
  -------------------------------------------------------------------    -------------------

                         (clock clk_fpga_0 rise edge)
                                                     10.000    10.000 r  
    PS7_X0Y0             PS7                          0.000    10.000 r  zynq/zynq_i/processing_system7_0/inst/PS7_i/FCLKCLK[0]
                         net (fo=1, routed)           1.088    11.088    zynq/zynq_i/processing_system7_0/inst/FCLK_CLK_unbuffered[0]
    BUFGCTRL_X0Y16       BUFG (Prop_bufg_I_O)         0.091    11.179 r  zynq/zynq_i/processing_system7_0/inst/buffer_fclk_clk_0.FCLK_CLK_0_BUFG/O
                         net (fo=976, routed)         1.521    12.700    zynq/zynq_i/ps7_0_axi_periph/s00_couplers/auto_pc/inst/gen_axilite.gen_b2s_conv.axilite_b2s/WR.aw_channel_0/cmd_translator_0/incr_cmd_0/aclk
    SLICE_X26Y93         FDRE                                         r  zynq/zynq_i/ps7_0_axi_periph/s00_couplers/auto_pc/inst/gen_axilite.gen_b2s_conv.axilite_b2s/WR.aw_channel_0/cmd_translator_0/incr_cmd_0/axaddr_incr_reg[5]/C
                         clock pessimism              0.229    12.929    
                         clock uncertainty           -0.154    12.775    
    SLICE_X26Y93         FDRE (Setup_fdre_C_D)        0.079    12.854    zynq/zynq_i/ps7_0_axi_periph/s00_couplers/auto_pc/inst/gen_axilite.gen_b2s_conv.axilite_b2s/WR.aw_channel_0/cmd_translator_0/incr_cmd_0/axaddr_incr_reg[5]
  -------------------------------------------------------------------
                         required time                         12.854    
                         arrival time                          -9.287    
  -------------------------------------------------------------------
                         slack                                  3.567    

Slack (MET) :             3.687ns  (required time - arrival time)
  Source:                 zynq/zynq_i/axi_gpio_0/U0/ip2bus_wrack_i_D1_reg/C
                            (rising edge-triggered cell FDRE clocked by clk_fpga_0  {rise@0.000ns fall@5.000ns period=10.000ns})
  Destination:            zynq/zynq_i/ps7_0_axi_periph/s00_couplers/auto_pc/inst/gen_axilite.gen_b2s_conv.axilite_b2s/WR.aw_channel_0/cmd_translator_0/incr_cmd_0/axaddr_incr_reg[3]/D
                            (rising edge-triggered cell FDRE clocked by clk_fpga_0  {rise@0.000ns fall@5.000ns period=10.000ns})
  Path Group:             clk_fpga_0
  Path Type:              Setup (Max at Slow Process Corner)
  Requirement:            10.000ns  (clk_fpga_0 rise@10.000ns - clk_fpga_0 rise@0.000ns)
  Data Path Delay:        6.267ns  (logic 2.083ns (33.239%)  route 4.184ns (66.761%))
  Logic Levels:           6  (CARRY4=1 LUT3=2 LUT4=1 LUT6=2)
  Clock Path Skew:        -0.010ns (DCD - SCD + CPR)
    Destination Clock Delay (DCD):    2.700ns = ( 12.700 - 10.000 ) 
    Source Clock Delay      (SCD):    2.939ns
    Clock Pessimism Removal (CPR):    0.229ns
  Clock Uncertainty:      0.154ns  ((TSJ^2 + TIJ^2)^1/2 + DJ) / 2 + PE
    Total System Jitter     (TSJ):    0.071ns
    Total Input Jitter      (TIJ):    0.300ns
    Discrete Jitter          (DJ):    0.000ns
    Phase Error              (PE):    0.000ns

    Location             Delay type                Incr(ns)  Path(ns)    Netlist Resource(s)
  -------------------------------------------------------------------    -------------------
                         (clock clk_fpga_0 rise edge)
                                                      0.000     0.000 r  
    PS7_X0Y0             PS7                          0.000     0.000 r  zynq/zynq_i/processing_system7_0/inst/PS7_i/FCLKCLK[0]
                         net (fo=1, routed)           1.193     1.193    zynq/zynq_i/processing_system7_0/inst/FCLK_CLK_unbuffered[0]
    BUFGCTRL_X0Y16       BUFG (Prop_bufg_I_O)         0.101     1.294 r  zynq/zynq_i/processing_system7_0/inst/buffer_fclk_clk_0.FCLK_CLK_0_BUFG/O
                         net (fo=976, routed)         1.645     2.939    zynq/zynq_i/axi_gpio_0/U0/s_axi_aclk
    SLICE_X34Y84         FDRE                                         r  zynq/zynq_i/axi_gpio_0/U0/ip2bus_wrack_i_D1_reg/C
  -------------------------------------------------------------------    -------------------
    SLICE_X34Y84         FDRE (Prop_fdre_C_Q)         0.478     3.417 r  zynq/zynq_i/axi_gpio_0/U0/ip2bus_wrack_i_D1_reg/Q
                         net (fo=1, routed)           0.972     4.389    zynq/zynq_i/axi_gpio_0/U0/AXI_LITE_IPIF_I/I_SLAVE_ATTACHMENT/I_DECODER/ip2bus_wrack_i_D1
    SLICE_X34Y86         LUT6 (Prop_lut6_I0_O)        0.295     4.684 r  zynq/zynq_i/axi_gpio_0/U0/AXI_LITE_IPIF_I/I_SLAVE_ATTACHMENT/I_DECODER/s_axi_wready_INST_0/O
                         net (fo=10, routed)          1.040     5.725    zynq/zynq_i/ps7_0_axi_periph/s00_couplers/auto_pc/inst/gen_axilite.gen_b2s_conv.axilite_b2s/WR.aw_channel_0/aw_cmd_fsm_0/m_axi_awready
    SLICE_X32Y96         LUT6 (Prop_lut6_I0_O)        0.124     5.849 r  zynq/zynq_i/ps7_0_axi_periph/s00_couplers/auto_pc/inst/gen_axilite.gen_b2s_conv.axilite_b2s/WR.aw_channel_0/aw_cmd_fsm_0/memory_reg[3][0]_srl4_i_1/O
                         net (fo=30, routed)          0.622     6.471    zynq/zynq_i/ps7_0_axi_periph/s00_couplers/auto_pc/inst/gen_axilite.gen_b2s_conv.axilite_b2s/WR.aw_channel_0/aw_cmd_fsm_0/m_axi_awready_0
    SLICE_X33Y94         LUT3 (Prop_lut3_I2_O)        0.124     6.595 r  zynq/zynq_i/ps7_0_axi_periph/s00_couplers/auto_pc/inst/gen_axilite.gen_b2s_conv.axilite_b2s/WR.aw_channel_0/aw_cmd_fsm_0/next_pending_r_i_3/O
                         net (fo=23, routed)          0.946     7.540    zynq/zynq_i/ps7_0_axi_periph/s00_couplers/auto_pc/inst/gen_axilite.gen_b2s_conv.axilite_b2s/WR.aw_channel_0/cmd_translator_0/incr_cmd_0/next
    SLICE_X28Y93         LUT4 (Prop_lut4_I3_O)        0.124     7.664 r  zynq/zynq_i/ps7_0_axi_periph/s00_couplers/auto_pc/inst/gen_axilite.gen_b2s_conv.axilite_b2s/WR.aw_channel_0/cmd_translator_0/incr_cmd_0/axaddr_incr[3]_i_10/O
                         net (fo=1, routed)           0.000     7.664    zynq/zynq_i/ps7_0_axi_periph/s00_couplers/auto_pc/inst/gen_axilite.gen_b2s_conv.axilite_b2s/SI_REG/aw.aw_pipe/axaddr_incr_reg[3][0]
    SLICE_X28Y93         CARRY4 (Prop_carry4_S[0]_O[3])
                                                      0.606     8.270 r  zynq/zynq_i/ps7_0_axi_periph/s00_couplers/auto_pc/inst/gen_axilite.gen_b2s_conv.axilite_b2s/SI_REG/aw.aw_pipe/axaddr_incr_reg[3]_i_2/O[3]
                         net (fo=1, routed)           0.604     8.874    zynq/zynq_i/ps7_0_axi_periph/s00_couplers/auto_pc/inst/gen_axilite.gen_b2s_conv.axilite_b2s/WR.aw_channel_0/cmd_translator_0/incr_cmd_0/axaddr_incr[3]
    SLICE_X26Y93         LUT3 (Prop_lut3_I0_O)        0.332     9.206 r  zynq/zynq_i/ps7_0_axi_periph/s00_couplers/auto_pc/inst/gen_axilite.gen_b2s_conv.axilite_b2s/WR.aw_channel_0/cmd_translator_0/incr_cmd_0/axaddr_incr[3]_i_1/O
                         net (fo=1, routed)           0.000     9.206    zynq/zynq_i/ps7_0_axi_periph/s00_couplers/auto_pc/inst/gen_axilite.gen_b2s_conv.axilite_b2s/WR.aw_channel_0/cmd_translator_0/incr_cmd_0/p_1_in[3]
    SLICE_X26Y93         FDRE                                         r  zynq/zynq_i/ps7_0_axi_periph/s00_couplers/auto_pc/inst/gen_axilite.gen_b2s_conv.axilite_b2s/WR.aw_channel_0/cmd_translator_0/incr_cmd_0/axaddr_incr_reg[3]/D
  -------------------------------------------------------------------    -------------------

                         (clock clk_fpga_0 rise edge)
                                                     10.000    10.000 r  
    PS7_X0Y0             PS7                          0.000    10.000 r  zynq/zynq_i/processing_system7_0/inst/PS7_i/FCLKCLK[0]
                         net (fo=1, routed)           1.088    11.088    zynq/zynq_i/processing_system7_0/inst/FCLK_CLK_unbuffered[0]
    BUFGCTRL_X0Y16       BUFG (Prop_bufg_I_O)         0.091    11.179 r  zynq/zynq_i/processing_system7_0/inst/buffer_fclk_clk_0.FCLK_CLK_0_BUFG/O
                         net (fo=976, routed)         1.521    12.700    zynq/zynq_i/ps7_0_axi_periph/s00_couplers/auto_pc/inst/gen_axilite.gen_b2s_conv.axilite_b2s/WR.aw_channel_0/cmd_translator_0/incr_cmd_0/aclk
    SLICE_X26Y93         FDRE                                         r  zynq/zynq_i/ps7_0_axi_periph/s00_couplers/auto_pc/inst/gen_axilite.gen_b2s_conv.axilite_b2s/WR.aw_channel_0/cmd_translator_0/incr_cmd_0/axaddr_incr_reg[3]/C
                         clock pessimism              0.229    12.929    
                         clock uncertainty           -0.154    12.775    
    SLICE_X26Y93         FDRE (Setup_fdre_C_D)        0.118    12.893    zynq/zynq_i/ps7_0_axi_periph/s00_couplers/auto_pc/inst/gen_axilite.gen_b2s_conv.axilite_b2s/WR.aw_channel_0/cmd_translator_0/incr_cmd_0/axaddr_incr_reg[3]
  -------------------------------------------------------------------
                         required time                         12.893    
                         arrival time                          -9.206    
  -------------------------------------------------------------------
                         slack                                  3.687    

Slack (MET) :             3.714ns  (required time - arrival time)
  Source:                 zynq/zynq_i/axi_gpio_0/U0/ip2bus_wrack_i_D1_reg/C
                            (rising edge-triggered cell FDRE clocked by clk_fpga_0  {rise@0.000ns fall@5.000ns period=10.000ns})
  Destination:            zynq/zynq_i/ps7_0_axi_periph/s00_couplers/auto_pc/inst/gen_axilite.gen_b2s_conv.axilite_b2s/WR.aw_channel_0/cmd_translator_0/incr_cmd_0/axaddr_incr_reg[2]/D
                            (rising edge-triggered cell FDRE clocked by clk_fpga_0  {rise@0.000ns fall@5.000ns period=10.000ns})
  Path Group:             clk_fpga_0
  Path Type:              Setup (Max at Slow Process Corner)
  Requirement:            10.000ns  (clk_fpga_0 rise@10.000ns - clk_fpga_0 rise@0.000ns)
  Data Path Delay:        6.202ns  (logic 1.994ns (32.149%)  route 4.208ns (67.851%))
  Logic Levels:           6  (CARRY4=1 LUT3=2 LUT4=1 LUT6=2)
  Clock Path Skew:        -0.010ns (DCD - SCD + CPR)
    Destination Clock Delay (DCD):    2.700ns = ( 12.700 - 10.000 ) 
    Source Clock Delay      (SCD):    2.939ns
    Clock Pessimism Removal (CPR):    0.229ns
  Clock Uncertainty:      0.154ns  ((TSJ^2 + TIJ^2)^1/2 + DJ) / 2 + PE
    Total System Jitter     (TSJ):    0.071ns
    Total Input Jitter      (TIJ):    0.300ns
    Discrete Jitter          (DJ):    0.000ns
    Phase Error              (PE):    0.000ns

    Location             Delay type                Incr(ns)  Path(ns)    Netlist Resource(s)
  -------------------------------------------------------------------    -------------------
                         (clock clk_fpga_0 rise edge)
                                                      0.000     0.000 r  
    PS7_X0Y0             PS7                          0.000     0.000 r  zynq/zynq_i/processing_system7_0/inst/PS7_i/FCLKCLK[0]
                         net (fo=1, routed)           1.193     1.193    zynq/zynq_i/processing_system7_0/inst/FCLK_CLK_unbuffered[0]
    BUFGCTRL_X0Y16       BUFG (Prop_bufg_I_O)         0.101     1.294 r  zynq/zynq_i/processing_system7_0/inst/buffer_fclk_clk_0.FCLK_CLK_0_BUFG/O
                         net (fo=976, routed)         1.645     2.939    zynq/zynq_i/axi_gpio_0/U0/s_axi_aclk
    SLICE_X34Y84         FDRE                                         r  zynq/zynq_i/axi_gpio_0/U0/ip2bus_wrack_i_D1_reg/C
  -------------------------------------------------------------------    -------------------
    SLICE_X34Y84         FDRE (Prop_fdre_C_Q)         0.478     3.417 r  zynq/zynq_i/axi_gpio_0/U0/ip2bus_wrack_i_D1_reg/Q
                         net (fo=1, routed)           0.972     4.389    zynq/zynq_i/axi_gpio_0/U0/AXI_LITE_IPIF_I/I_SLAVE_ATTACHMENT/I_DECODER/ip2bus_wrack_i_D1
    SLICE_X34Y86         LUT6 (Prop_lut6_I0_O)        0.295     4.684 r  zynq/zynq_i/axi_gpio_0/U0/AXI_LITE_IPIF_I/I_SLAVE_ATTACHMENT/I_DECODER/s_axi_wready_INST_0/O
                         net (fo=10, routed)          1.040     5.725    zynq/zynq_i/ps7_0_axi_periph/s00_couplers/auto_pc/inst/gen_axilite.gen_b2s_conv.axilite_b2s/WR.aw_channel_0/aw_cmd_fsm_0/m_axi_awready
    SLICE_X32Y96         LUT6 (Prop_lut6_I0_O)        0.124     5.849 r  zynq/zynq_i/ps7_0_axi_periph/s00_couplers/auto_pc/inst/gen_axilite.gen_b2s_conv.axilite_b2s/WR.aw_channel_0/aw_cmd_fsm_0/memory_reg[3][0]_srl4_i_1/O
                         net (fo=30, routed)          0.622     6.471    zynq/zynq_i/ps7_0_axi_periph/s00_couplers/auto_pc/inst/gen_axilite.gen_b2s_conv.axilite_b2s/WR.aw_channel_0/aw_cmd_fsm_0/m_axi_awready_0
    SLICE_X33Y94         LUT3 (Prop_lut3_I2_O)        0.124     6.595 r  zynq/zynq_i/ps7_0_axi_periph/s00_couplers/auto_pc/inst/gen_axilite.gen_b2s_conv.axilite_b2s/WR.aw_channel_0/aw_cmd_fsm_0/next_pending_r_i_3/O
                         net (fo=23, routed)          0.946     7.540    zynq/zynq_i/ps7_0_axi_periph/s00_couplers/auto_pc/inst/gen_axilite.gen_b2s_conv.axilite_b2s/WR.aw_channel_0/cmd_translator_0/incr_cmd_0/next
    SLICE_X28Y93         LUT4 (Prop_lut4_I3_O)        0.124     7.664 r  zynq/zynq_i/ps7_0_axi_periph/s00_couplers/auto_pc/inst/gen_axilite.gen_b2s_conv.axilite_b2s/WR.aw_channel_0/cmd_translator_0/incr_cmd_0/axaddr_incr[3]_i_10/O
                         net (fo=1, routed)           0.000     7.664    zynq/zynq_i/ps7_0_axi_periph/s00_couplers/auto_pc/inst/gen_axilite.gen_b2s_conv.axilite_b2s/SI_REG/aw.aw_pipe/axaddr_incr_reg[3][0]
    SLICE_X28Y93         CARRY4 (Prop_carry4_S[0]_O[2])
                                                      0.547     8.211 r  zynq/zynq_i/ps7_0_axi_periph/s00_couplers/auto_pc/inst/gen_axilite.gen_b2s_conv.axilite_b2s/SI_REG/aw.aw_pipe/axaddr_incr_reg[3]_i_2/O[2]
                         net (fo=1, routed)           0.628     8.839    zynq/zynq_i/ps7_0_axi_periph/s00_couplers/auto_pc/inst/gen_axilite.gen_b2s_conv.axilite_b2s/WR.aw_channel_0/cmd_translator_0/incr_cmd_0/axaddr_incr[2]
    SLICE_X26Y93         LUT3 (Prop_lut3_I0_O)        0.302     9.141 r  zynq/zynq_i/ps7_0_axi_periph/s00_couplers/auto_pc/inst/gen_axilite.gen_b2s_conv.axilite_b2s/WR.aw_channel_0/cmd_translator_0/incr_cmd_0/axaddr_incr[2]_i_1/O
                         net (fo=1, routed)           0.000     9.141    zynq/zynq_i/ps7_0_axi_periph/s00_couplers/auto_pc/inst/gen_axilite.gen_b2s_conv.axilite_b2s/WR.aw_channel_0/cmd_translator_0/incr_cmd_0/p_1_in[2]
    SLICE_X26Y93         FDRE                                         r  zynq/zynq_i/ps7_0_axi_periph/s00_couplers/auto_pc/inst/gen_axilite.gen_b2s_conv.axilite_b2s/WR.aw_channel_0/cmd_translator_0/incr_cmd_0/axaddr_incr_reg[2]/D
  -------------------------------------------------------------------    -------------------

                         (clock clk_fpga_0 rise edge)
                                                     10.000    10.000 r  
    PS7_X0Y0             PS7                          0.000    10.000 r  zynq/zynq_i/processing_system7_0/inst/PS7_i/FCLKCLK[0]
                         net (fo=1, routed)           1.088    11.088    zynq/zynq_i/processing_system7_0/inst/FCLK_CLK_unbuffered[0]
    BUFGCTRL_X0Y16       BUFG (Prop_bufg_I_O)         0.091    11.179 r  zynq/zynq_i/processing_system7_0/inst/buffer_fclk_clk_0.FCLK_CLK_0_BUFG/O
                         net (fo=976, routed)         1.521    12.700    zynq/zynq_i/ps7_0_axi_periph/s00_couplers/auto_pc/inst/gen_axilite.gen_b2s_conv.axilite_b2s/WR.aw_channel_0/cmd_translator_0/incr_cmd_0/aclk
    SLICE_X26Y93         FDRE                                         r  zynq/zynq_i/ps7_0_axi_periph/s00_couplers/auto_pc/inst/gen_axilite.gen_b2s_conv.axilite_b2s/WR.aw_channel_0/cmd_translator_0/incr_cmd_0/axaddr_incr_reg[2]/C
                         clock pessimism              0.229    12.929    
                         clock uncertainty           -0.154    12.775    
    SLICE_X26Y93         FDRE (Setup_fdre_C_D)        0.081    12.856    zynq/zynq_i/ps7_0_axi_periph/s00_couplers/auto_pc/inst/gen_axilite.gen_b2s_conv.axilite_b2s/WR.aw_channel_0/cmd_translator_0/incr_cmd_0/axaddr_incr_reg[2]
  -------------------------------------------------------------------
                         required time                         12.856    
                         arrival time                          -9.141    
  -------------------------------------------------------------------
                         slack                                  3.714    





Min Delay Paths
--------------------------------------------------------------------------------------
Slack (MET) :             0.069ns  (arrival time - required time)
  Source:                 zynq/zynq_i/ps7_0_axi_periph/s00_couplers/auto_pc/inst/gen_axilite.gen_b2s_conv.axilite_b2s/SI_REG/b.b_pipe/m_payload_i_reg[12]/C
                            (rising edge-triggered cell FDRE clocked by clk_fpga_0  {rise@0.000ns fall@5.000ns period=10.000ns})
  Destination:            zynq/zynq_i/processing_system7_0/inst/PS7_i/MAXIGP0BID[10]
                            (rising edge-triggered cell PS7 clocked by clk_fpga_0  {rise@0.000ns fall@5.000ns period=10.000ns})
  Path Group:             clk_fpga_0
  Path Type:              Hold (Min at Fast Process Corner)
  Requirement:            0.000ns  (clk_fpga_0 rise@0.000ns - clk_fpga_0 rise@0.000ns)
  Data Path Delay:        0.293ns  (logic 0.164ns (56.013%)  route 0.129ns (43.987%))
  Logic Levels:           0  
  Clock Path Skew:        0.224ns (DCD - SCD - CPR)
    Destination Clock Delay (DCD):    1.251ns
    Source Clock Delay      (SCD):    0.992ns
    Clock Pessimism Removal (CPR):    0.035ns

    Location             Delay type                Incr(ns)  Path(ns)    Netlist Resource(s)
  -------------------------------------------------------------------    -------------------
                         (clock clk_fpga_0 rise edge)
                                                      0.000     0.000 r  
    PS7_X0Y0             PS7                          0.000     0.000 r  zynq/zynq_i/processing_system7_0/inst/PS7_i/FCLKCLK[0]
                         net (fo=1, routed)           0.310     0.310    zynq/zynq_i/processing_system7_0/inst/FCLK_CLK_unbuffered[0]
    BUFGCTRL_X0Y16       BUFG (Prop_bufg_I_O)         0.026     0.336 r  zynq/zynq_i/processing_system7_0/inst/buffer_fclk_clk_0.FCLK_CLK_0_BUFG/O
                         net (fo=976, routed)         0.656     0.992    zynq/zynq_i/ps7_0_axi_periph/s00_couplers/auto_pc/inst/gen_axilite.gen_b2s_conv.axilite_b2s/SI_REG/b.b_pipe/aclk
    SLICE_X26Y100        FDRE                                         r  zynq/zynq_i/ps7_0_axi_periph/s00_couplers/auto_pc/inst/gen_axilite.gen_b2s_conv.axilite_b2s/SI_REG/b.b_pipe/m_payload_i_reg[12]/C
  -------------------------------------------------------------------    -------------------
    SLICE_X26Y100        FDRE (Prop_fdre_C_Q)         0.164     1.156 r  zynq/zynq_i/ps7_0_axi_periph/s00_couplers/auto_pc/inst/gen_axilite.gen_b2s_conv.axilite_b2s/SI_REG/b.b_pipe/m_payload_i_reg[12]/Q
                         net (fo=1, routed)           0.129     1.285    zynq/zynq_i/processing_system7_0/inst/M_AXI_GP0_BID[10]
    PS7_X0Y0             PS7                                          r  zynq/zynq_i/processing_system7_0/inst/PS7_i/MAXIGP0BID[10]
  -------------------------------------------------------------------    -------------------

                         (clock clk_fpga_0 rise edge)
                                                      0.000     0.000 r  
    PS7_X0Y0             PS7                          0.000     0.000 r  zynq/zynq_i/processing_system7_0/inst/PS7_i/FCLKCLK[0]
                         net (fo=1, routed)           0.337     0.337    zynq/zynq_i/processing_system7_0/inst/FCLK_CLK_unbuffered[0]
    BUFGCTRL_X0Y16       BUFG (Prop_bufg_I_O)         0.029     0.366 r  zynq/zynq_i/processing_system7_0/inst/buffer_fclk_clk_0.FCLK_CLK_0_BUFG/O
                         net (fo=976, routed)         0.885     1.251    zynq/zynq_i/processing_system7_0/inst/M_AXI_GP0_ACLK
    PS7_X0Y0             PS7                                          r  zynq/zynq_i/processing_system7_0/inst/PS7_i/MAXIGP0ACLK
                         clock pessimism             -0.035     1.216    
    PS7_X0Y0             PS7 (Hold_ps7_MAXIGP0ACLK_MAXIGP0BID[10])
                                                      0.000     1.216    zynq/zynq_i/processing_system7_0/inst/PS7_i
  -------------------------------------------------------------------
                         required time                         -1.216    
                         arrival time                           1.285    
  -------------------------------------------------------------------
                         slack                                  0.069    

Slack (MET) :             0.069ns  (arrival time - required time)
  Source:                 zynq/zynq_i/ps7_0_axi_periph/s00_couplers/auto_pc/inst/gen_axilite.gen_b2s_conv.axilite_b2s/SI_REG/b.b_pipe/m_payload_i_reg[10]/C
                            (rising edge-triggered cell FDRE clocked by clk_fpga_0  {rise@0.000ns fall@5.000ns period=10.000ns})
  Destination:            zynq/zynq_i/processing_system7_0/inst/PS7_i/MAXIGP0BID[8]
                            (rising edge-triggered cell PS7 clocked by clk_fpga_0  {rise@0.000ns fall@5.000ns period=10.000ns})
  Path Group:             clk_fpga_0
  Path Type:              Hold (Min at Fast Process Corner)
  Requirement:            0.000ns  (clk_fpga_0 rise@0.000ns - clk_fpga_0 rise@0.000ns)
  Data Path Delay:        0.293ns  (logic 0.164ns (56.013%)  route 0.129ns (43.987%))
  Logic Levels:           0  
  Clock Path Skew:        0.224ns (DCD - SCD - CPR)
    Destination Clock Delay (DCD):    1.251ns
    Source Clock Delay      (SCD):    0.992ns
    Clock Pessimism Removal (CPR):    0.035ns

    Location             Delay type                Incr(ns)  Path(ns)    Netlist Resource(s)
  -------------------------------------------------------------------    -------------------
                         (clock clk_fpga_0 rise edge)
                                                      0.000     0.000 r  
    PS7_X0Y0             PS7                          0.000     0.000 r  zynq/zynq_i/processing_system7_0/inst/PS7_i/FCLKCLK[0]
                         net (fo=1, routed)           0.310     0.310    zynq/zynq_i/processing_system7_0/inst/FCLK_CLK_unbuffered[0]
    BUFGCTRL_X0Y16       BUFG (Prop_bufg_I_O)         0.026     0.336 r  zynq/zynq_i/processing_system7_0/inst/buffer_fclk_clk_0.FCLK_CLK_0_BUFG/O
                         net (fo=976, routed)         0.656     0.992    zynq/zynq_i/ps7_0_axi_periph/s00_couplers/auto_pc/inst/gen_axilite.gen_b2s_conv.axilite_b2s/SI_REG/b.b_pipe/aclk
    SLICE_X26Y100        FDRE                                         r  zynq/zynq_i/ps7_0_axi_periph/s00_couplers/auto_pc/inst/gen_axilite.gen_b2s_conv.axilite_b2s/SI_REG/b.b_pipe/m_payload_i_reg[10]/C
  -------------------------------------------------------------------    -------------------
    SLICE_X26Y100        FDRE (Prop_fdre_C_Q)         0.164     1.156 r  zynq/zynq_i/ps7_0_axi_periph/s00_couplers/auto_pc/inst/gen_axilite.gen_b2s_conv.axilite_b2s/SI_REG/b.b_pipe/m_payload_i_reg[10]/Q
                         net (fo=1, routed)           0.129     1.285    zynq/zynq_i/processing_system7_0/inst/M_AXI_GP0_BID[8]
    PS7_X0Y0             PS7                                          r  zynq/zynq_i/processing_system7_0/inst/PS7_i/MAXIGP0BID[8]
  -------------------------------------------------------------------    -------------------

                         (clock clk_fpga_0 rise edge)
                                                      0.000     0.000 r  
    PS7_X0Y0             PS7                          0.000     0.000 r  zynq/zynq_i/processing_system7_0/inst/PS7_i/FCLKCLK[0]
                         net (fo=1, routed)           0.337     0.337    zynq/zynq_i/processing_system7_0/inst/FCLK_CLK_unbuffered[0]
    BUFGCTRL_X0Y16       BUFG (Prop_bufg_I_O)         0.029     0.366 r  zynq/zynq_i/processing_system7_0/inst/buffer_fclk_clk_0.FCLK_CLK_0_BUFG/O
                         net (fo=976, routed)         0.885     1.251    zynq/zynq_i/processing_system7_0/inst/M_AXI_GP0_ACLK
    PS7_X0Y0             PS7                                          r  zynq/zynq_i/processing_system7_0/inst/PS7_i/MAXIGP0ACLK
                         clock pessimism             -0.035     1.216    
    PS7_X0Y0             PS7 (Hold_ps7_MAXIGP0ACLK_MAXIGP0BID[8])
                                                      0.000     1.216    zynq/zynq_i/processing_system7_0/inst/PS7_i
  -------------------------------------------------------------------
                         required time                         -1.216    
                         arrival time                           1.285    
  -------------------------------------------------------------------
                         slack                                  0.069    

Slack (MET) :             0.085ns  (arrival time - required time)
  Source:                 zynq/zynq_i/axi_gpio_0/U0/gpio_core_1/Dual.gpio2_Data_In_reg[7]/C
                            (rising edge-triggered cell FDRE clocked by clk_fpga_0  {rise@0.000ns fall@5.000ns period=10.000ns})
  Destination:            zynq/zynq_i/axi_gpio_0/U0/gpio_core_1/Dual.ALLIN0_ND_G2.READ_REG2_GEN[7].reg3_reg[7]/D
                            (rising edge-triggered cell FDRE clocked by clk_fpga_0  {rise@0.000ns fall@5.000ns period=10.000ns})
  Path Group:             clk_fpga_0
  Path Type:              Hold (Min at Fast Process Corner)
  Requirement:            0.000ns  (clk_fpga_0 rise@0.000ns - clk_fpga_0 rise@0.000ns)
  Data Path Delay:        0.385ns  (logic 0.209ns (54.223%)  route 0.176ns (45.777%))
  Logic Levels:           1  (LUT5=1)
  Clock Path Skew:        0.180ns (DCD - SCD - CPR)
    Destination Clock Delay (DCD):    1.192ns
    Source Clock Delay      (SCD):    0.977ns
    Clock Pessimism Removal (CPR):    0.035ns

    Location             Delay type                Incr(ns)  Path(ns)    Netlist Resource(s)
  -------------------------------------------------------------------    -------------------
                         (clock clk_fpga_0 rise edge)
                                                      0.000     0.000 r  
    PS7_X0Y0             PS7                          0.000     0.000 r  zynq/zynq_i/processing_system7_0/inst/PS7_i/FCLKCLK[0]
                         net (fo=1, routed)           0.310     0.310    zynq/zynq_i/processing_system7_0/inst/FCLK_CLK_unbuffered[0]
    BUFGCTRL_X0Y16       BUFG (Prop_bufg_I_O)         0.026     0.336 r  zynq/zynq_i/processing_system7_0/inst/buffer_fclk_clk_0.FCLK_CLK_0_BUFG/O
                         net (fo=976, routed)         0.641     0.977    zynq/zynq_i/axi_gpio_0/U0/gpio_core_1/s_axi_aclk
    SLICE_X32Y100        FDRE                                         r  zynq/zynq_i/axi_gpio_0/U0/gpio_core_1/Dual.gpio2_Data_In_reg[7]/C
  -------------------------------------------------------------------    -------------------
    SLICE_X32Y100        FDRE (Prop_fdre_C_Q)         0.164     1.141 r  zynq/zynq_i/axi_gpio_0/U0/gpio_core_1/Dual.gpio2_Data_In_reg[7]/Q
                         net (fo=1, routed)           0.176     1.317    zynq/zynq_i/axi_gpio_0/U0/gpio_core_1/Dual.gpio2_Data_In[7]
    SLICE_X34Y98         LUT5 (Prop_lut5_I0_O)        0.045     1.362 r  zynq/zynq_i/axi_gpio_0/U0/gpio_core_1/Dual.ALLIN0_ND_G2.READ_REG2_GEN[7].reg3[7]_i_1/O
                         net (fo=1, routed)           0.000     1.362    zynq/zynq_i/axi_gpio_0/U0/gpio_core_1/Dual.Read_Reg2_In[7]
    SLICE_X34Y98         FDRE                                         r  zynq/zynq_i/axi_gpio_0/U0/gpio_core_1/Dual.ALLIN0_ND_G2.READ_REG2_GEN[7].reg3_reg[7]/D
  -------------------------------------------------------------------    -------------------

                         (clock clk_fpga_0 rise edge)
                                                      0.000     0.000 r  
    PS7_X0Y0             PS7                          0.000     0.000 r  zynq/zynq_i/processing_system7_0/inst/PS7_i/FCLKCLK[0]
                         net (fo=1, routed)           0.337     0.337    zynq/zynq_i/processing_system7_0/inst/FCLK_CLK_unbuffered[0]
    BUFGCTRL_X0Y16       BUFG (Prop_bufg_I_O)         0.029     0.366 r  zynq/zynq_i/processing_system7_0/inst/buffer_fclk_clk_0.FCLK_CLK_0_BUFG/O
                         net (fo=976, routed)         0.826     1.192    zynq/zynq_i/axi_gpio_0/U0/gpio_core_1/s_axi_aclk
    SLICE_X34Y98         FDRE                                         r  zynq/zynq_i/axi_gpio_0/U0/gpio_core_1/Dual.ALLIN0_ND_G2.READ_REG2_GEN[7].reg3_reg[7]/C
                         clock pessimism             -0.035     1.157    
    SLICE_X34Y98         FDRE (Hold_fdre_C_D)         0.121     1.278    zynq/zynq_i/axi_gpio_0/U0/gpio_core_1/Dual.ALLIN0_ND_G2.READ_REG2_GEN[7].reg3_reg[7]
  -------------------------------------------------------------------
                         required time                         -1.278    
                         arrival time                           1.362    
  -------------------------------------------------------------------
                         slack                                  0.085    

Slack (MET) :             0.089ns  (arrival time - required time)
  Source:                 zynq/zynq_i/ps7_0_axi_periph/s00_couplers/auto_pc/inst/gen_axilite.gen_b2s_conv.axilite_b2s/WR.aw_channel_0/s_awid_r_reg[7]/C
                            (rising edge-triggered cell FDRE clocked by clk_fpga_0  {rise@0.000ns fall@5.000ns period=10.000ns})
  Destination:            zynq/zynq_i/ps7_0_axi_periph/s00_couplers/auto_pc/inst/gen_axilite.gen_b2s_conv.axilite_b2s/WR.b_channel_0/bid_fifo_0/memory_reg[3][15]_srl4/D
                            (rising edge-triggered cell SRL16E clocked by clk_fpga_0  {rise@0.000ns fall@5.000ns period=10.000ns})
  Path Group:             clk_fpga_0
  Path Type:              Hold (Min at Fast Process Corner)
  Requirement:            0.000ns  (clk_fpga_0 rise@0.000ns - clk_fpga_0 rise@0.000ns)
  Data Path Delay:        0.234ns  (logic 0.128ns (54.791%)  route 0.106ns (45.209%))
  Logic Levels:           0  
  Clock Path Skew:        0.016ns (DCD - SCD - CPR)
    Destination Clock Delay (DCD):    1.297ns
    Source Clock Delay      (SCD):    0.995ns
    Clock Pessimism Removal (CPR):    0.286ns

    Location             Delay type                Incr(ns)  Path(ns)    Netlist Resource(s)
  -------------------------------------------------------------------    -------------------
                         (clock clk_fpga_0 rise edge)
                                                      0.000     0.000 r  
    PS7_X0Y0             PS7                          0.000     0.000 r  zynq/zynq_i/processing_system7_0/inst/PS7_i/FCLKCLK[0]
                         net (fo=1, routed)           0.310     0.310    zynq/zynq_i/processing_system7_0/inst/FCLK_CLK_unbuffered[0]
    BUFGCTRL_X0Y16       BUFG (Prop_bufg_I_O)         0.026     0.336 r  zynq/zynq_i/processing_system7_0/inst/buffer_fclk_clk_0.FCLK_CLK_0_BUFG/O
                         net (fo=976, routed)         0.659     0.995    zynq/zynq_i/ps7_0_axi_periph/s00_couplers/auto_pc/inst/gen_axilite.gen_b2s_conv.axilite_b2s/WR.aw_channel_0/aclk
    SLICE_X28Y102        FDRE                                         r  zynq/zynq_i/ps7_0_axi_periph/s00_couplers/auto_pc/inst/gen_axilite.gen_b2s_conv.axilite_b2s/WR.aw_channel_0/s_awid_r_reg[7]/C
  -------------------------------------------------------------------    -------------------
    SLICE_X28Y102        FDRE (Prop_fdre_C_Q)         0.128     1.123 r  zynq/zynq_i/ps7_0_axi_periph/s00_couplers/auto_pc/inst/gen_axilite.gen_b2s_conv.axilite_b2s/WR.aw_channel_0/s_awid_r_reg[7]/Q
                         net (fo=1, routed)           0.106     1.229    zynq/zynq_i/ps7_0_axi_periph/s00_couplers/auto_pc/inst/gen_axilite.gen_b2s_conv.axilite_b2s/WR.b_channel_0/bid_fifo_0/in[11]
    SLICE_X30Y102        SRL16E                                       r  zynq/zynq_i/ps7_0_axi_periph/s00_couplers/auto_pc/inst/gen_axilite.gen_b2s_conv.axilite_b2s/WR.b_channel_0/bid_fifo_0/memory_reg[3][15]_srl4/D
  -------------------------------------------------------------------    -------------------

                         (clock clk_fpga_0 rise edge)
                                                      0.000     0.000 r  
    PS7_X0Y0             PS7                          0.000     0.000 r  zynq/zynq_i/processing_system7_0/inst/PS7_i/FCLKCLK[0]
                         net (fo=1, routed)           0.337     0.337    zynq/zynq_i/processing_system7_0/inst/FCLK_CLK_unbuffered[0]
    BUFGCTRL_X0Y16       BUFG (Prop_bufg_I_O)         0.029     0.366 r  zynq/zynq_i/processing_system7_0/inst/buffer_fclk_clk_0.FCLK_CLK_0_BUFG/O
                         net (fo=976, routed)         0.931     1.297    zynq/zynq_i/ps7_0_axi_periph/s00_couplers/auto_pc/inst/gen_axilite.gen_b2s_conv.axilite_b2s/WR.b_channel_0/bid_fifo_0/aclk
    SLICE_X30Y102        SRL16E                                       r  zynq/zynq_i/ps7_0_axi_periph/s00_couplers/auto_pc/inst/gen_axilite.gen_b2s_conv.axilite_b2s/WR.b_channel_0/bid_fifo_0/memory_reg[3][15]_srl4/CLK
                         clock pessimism             -0.286     1.011    
    SLICE_X30Y102        SRL16E (Hold_srl16e_CLK_D)
                                                      0.129     1.140    zynq/zynq_i/ps7_0_axi_periph/s00_couplers/auto_pc/inst/gen_axilite.gen_b2s_conv.axilite_b2s/WR.b_channel_0/bid_fifo_0/memory_reg[3][15]_srl4
  -------------------------------------------------------------------
                         required time                         -1.140    
                         arrival time                           1.229    
  -------------------------------------------------------------------
                         slack                                  0.089    

Slack (MET) :             0.089ns  (arrival time - required time)
  Source:                 zynq/zynq_i/ps7_0_axi_periph/s00_couplers/auto_pc/inst/gen_axilite.gen_b2s_conv.axilite_b2s/RD.r_channel_0/r_arid_r_reg[3]/C
                            (rising edge-triggered cell FDRE clocked by clk_fpga_0  {rise@0.000ns fall@5.000ns period=10.000ns})
  Destination:            zynq/zynq_i/ps7_0_axi_periph/s00_couplers/auto_pc/inst/gen_axilite.gen_b2s_conv.axilite_b2s/RD.r_channel_0/transaction_fifo_0/memory_reg[31][4]_srl32/D
                            (rising edge-triggered cell SRLC32E clocked by clk_fpga_0  {rise@0.000ns fall@5.000ns period=10.000ns})
  Path Group:             clk_fpga_0
  Path Type:              Hold (Min at Fast Process Corner)
  Requirement:            0.000ns  (clk_fpga_0 rise@0.000ns - clk_fpga_0 rise@0.000ns)
  Data Path Delay:        0.285ns  (logic 0.141ns (49.450%)  route 0.144ns (50.550%))
  Logic Levels:           0  
  Clock Path Skew:        0.013ns (DCD - SCD - CPR)
    Destination Clock Delay (DCD):    1.199ns
    Source Clock Delay      (SCD):    0.901ns
    Clock Pessimism Removal (CPR):    0.285ns

    Location             Delay type                Incr(ns)  Path(ns)    Netlist Resource(s)
  -------------------------------------------------------------------    -------------------
                         (clock clk_fpga_0 rise edge)
                                                      0.000     0.000 r  
    PS7_X0Y0             PS7                          0.000     0.000 r  zynq/zynq_i/processing_system7_0/inst/PS7_i/FCLKCLK[0]
                         net (fo=1, routed)           0.310     0.310    zynq/zynq_i/processing_system7_0/inst/FCLK_CLK_unbuffered[0]
    BUFGCTRL_X0Y16       BUFG (Prop_bufg_I_O)         0.026     0.336 r  zynq/zynq_i/processing_system7_0/inst/buffer_fclk_clk_0.FCLK_CLK_0_BUFG/O
                         net (fo=976, routed)         0.565     0.901    zynq/zynq_i/ps7_0_axi_periph/s00_couplers/auto_pc/inst/gen_axilite.gen_b2s_conv.axilite_b2s/RD.r_channel_0/aclk
    SLICE_X27Y80         FDRE                                         r  zynq/zynq_i/ps7_0_axi_periph/s00_couplers/auto_pc/inst/gen_axilite.gen_b2s_conv.axilite_b2s/RD.r_channel_0/r_arid_r_reg[3]/C
  -------------------------------------------------------------------    -------------------
    SLICE_X27Y80         FDRE (Prop_fdre_C_Q)         0.141     1.042 r  zynq/zynq_i/ps7_0_axi_periph/s00_couplers/auto_pc/inst/gen_axilite.gen_b2s_conv.axilite_b2s/RD.r_channel_0/r_arid_r_reg[3]/Q
                         net (fo=1, routed)           0.144     1.186    zynq/zynq_i/ps7_0_axi_periph/s00_couplers/auto_pc/inst/gen_axilite.gen_b2s_conv.axilite_b2s/RD.r_channel_0/transaction_fifo_0/in[4]
    SLICE_X26Y80         SRLC32E                                      r  zynq/zynq_i/ps7_0_axi_periph/s00_couplers/auto_pc/inst/gen_axilite.gen_b2s_conv.axilite_b2s/RD.r_channel_0/transaction_fifo_0/memory_reg[31][4]_srl32/D
  -------------------------------------------------------------------    -------------------

                         (clock clk_fpga_0 rise edge)
                                                      0.000     0.000 r  
    PS7_X0Y0             PS7                          0.000     0.000 r  zynq/zynq_i/processing_system7_0/inst/PS7_i/FCLKCLK[0]
                         net (fo=1, routed)           0.337     0.337    zynq/zynq_i/processing_system7_0/inst/FCLK_CLK_unbuffered[0]
    BUFGCTRL_X0Y16       BUFG (Prop_bufg_I_O)         0.029     0.366 r  zynq/zynq_i/processing_system7_0/inst/buffer_fclk_clk_0.FCLK_CLK_0_BUFG/O
                         net (fo=976, routed)         0.833     1.199    zynq/zynq_i/ps7_0_axi_periph/s00_couplers/auto_pc/inst/gen_axilite.gen_b2s_conv.axilite_b2s/RD.r_channel_0/transaction_fifo_0/aclk
    SLICE_X26Y80         SRLC32E                                      r  zynq/zynq_i/ps7_0_axi_periph/s00_couplers/auto_pc/inst/gen_axilite.gen_b2s_conv.axilite_b2s/RD.r_channel_0/transaction_fifo_0/memory_reg[31][4]_srl32/CLK
                         clock pessimism             -0.285     0.914    
    SLICE_X26Y80         SRLC32E (Hold_srlc32e_CLK_D)
                                                      0.183     1.097    zynq/zynq_i/ps7_0_axi_periph/s00_couplers/auto_pc/inst/gen_axilite.gen_b2s_conv.axilite_b2s/RD.r_channel_0/transaction_fifo_0/memory_reg[31][4]_srl32
  -------------------------------------------------------------------
                         required time                         -1.097    
                         arrival time                           1.186    
  -------------------------------------------------------------------
                         slack                                  0.089    

Slack (MET) :             0.091ns  (arrival time - required time)
  Source:                 zynq/zynq_i/ps7_0_axi_periph/s00_couplers/auto_pc/inst/gen_axilite.gen_b2s_conv.axilite_b2s/SI_REG/b.b_pipe/s_ready_i_reg/C
                            (rising edge-triggered cell FDRE clocked by clk_fpga_0  {rise@0.000ns fall@5.000ns period=10.000ns})
  Destination:            zynq/zynq_i/ps7_0_axi_periph/s00_couplers/auto_pc/inst/gen_axilite.gen_b2s_conv.axilite_b2s/SI_REG/b.b_pipe/skid_buffer_reg[4]/CE
                            (rising edge-triggered cell FDRE clocked by clk_fpga_0  {rise@0.000ns fall@5.000ns period=10.000ns})
  Path Group:             clk_fpga_0
  Path Type:              Hold (Min at Fast Process Corner)
  Requirement:            0.000ns  (clk_fpga_0 rise@0.000ns - clk_fpga_0 rise@0.000ns)
  Data Path Delay:        0.425ns  (logic 0.141ns (33.202%)  route 0.284ns (66.798%))
  Logic Levels:           0  
  Clock Path Skew:        0.349ns (DCD - SCD - CPR)
    Destination Clock Delay (DCD):    1.297ns
    Source Clock Delay      (SCD):    0.913ns
    Clock Pessimism Removal (CPR):    0.035ns

    Location             Delay type                Incr(ns)  Path(ns)    Netlist Resource(s)
  -------------------------------------------------------------------    -------------------
                         (clock clk_fpga_0 rise edge)
                                                      0.000     0.000 r  
    PS7_X0Y0             PS7                          0.000     0.000 r  zynq/zynq_i/processing_system7_0/inst/PS7_i/FCLKCLK[0]
                         net (fo=1, routed)           0.310     0.310    zynq/zynq_i/processing_system7_0/inst/FCLK_CLK_unbuffered[0]
    BUFGCTRL_X0Y16       BUFG (Prop_bufg_I_O)         0.026     0.336 r  zynq/zynq_i/processing_system7_0/inst/buffer_fclk_clk_0.FCLK_CLK_0_BUFG/O
                         net (fo=976, routed)         0.577     0.913    zynq/zynq_i/ps7_0_axi_periph/s00_couplers/auto_pc/inst/gen_axilite.gen_b2s_conv.axilite_b2s/SI_REG/b.b_pipe/aclk
    SLICE_X28Y97         FDRE                                         r  zynq/zynq_i/ps7_0_axi_periph/s00_couplers/auto_pc/inst/gen_axilite.gen_b2s_conv.axilite_b2s/SI_REG/b.b_pipe/s_ready_i_reg/C
  -------------------------------------------------------------------    -------------------
    SLICE_X28Y97         FDRE (Prop_fdre_C_Q)         0.141     1.054 r  zynq/zynq_i/ps7_0_axi_periph/s00_couplers/auto_pc/inst/gen_axilite.gen_b2s_conv.axilite_b2s/SI_REG/b.b_pipe/s_ready_i_reg/Q
                         net (fo=32, routed)          0.284     1.337    zynq/zynq_i/ps7_0_axi_periph/s00_couplers/auto_pc/inst/gen_axilite.gen_b2s_conv.axilite_b2s/SI_REG/b.b_pipe/s_ready_i_reg_0
    SLICE_X30Y100        FDRE                                         r  zynq/zynq_i/ps7_0_axi_periph/s00_couplers/auto_pc/inst/gen_axilite.gen_b2s_conv.axilite_b2s/SI_REG/b.b_pipe/skid_buffer_reg[4]/CE
  -------------------------------------------------------------------    -------------------

                         (clock clk_fpga_0 rise edge)
                                                      0.000     0.000 r  
    PS7_X0Y0             PS7                          0.000     0.000 r  zynq/zynq_i/processing_system7_0/inst/PS7_i/FCLKCLK[0]
                         net (fo=1, routed)           0.337     0.337    zynq/zynq_i/processing_system7_0/inst/FCLK_CLK_unbuffered[0]
    BUFGCTRL_X0Y16       BUFG (Prop_bufg_I_O)         0.029     0.366 r  zynq/zynq_i/processing_system7_0/inst/buffer_fclk_clk_0.FCLK_CLK_0_BUFG/O
                         net (fo=976, routed)         0.931     1.297    zynq/zynq_i/ps7_0_axi_periph/s00_couplers/auto_pc/inst/gen_axilite.gen_b2s_conv.axilite_b2s/SI_REG/b.b_pipe/aclk
    SLICE_X30Y100        FDRE                                         r  zynq/zynq_i/ps7_0_axi_periph/s00_couplers/auto_pc/inst/gen_axilite.gen_b2s_conv.axilite_b2s/SI_REG/b.b_pipe/skid_buffer_reg[4]/C
                         clock pessimism             -0.035     1.262    
    SLICE_X30Y100        FDRE (Hold_fdre_C_CE)       -0.016     1.246    zynq/zynq_i/ps7_0_axi_periph/s00_couplers/auto_pc/inst/gen_axilite.gen_b2s_conv.axilite_b2s/SI_REG/b.b_pipe/skid_buffer_reg[4]
  -------------------------------------------------------------------
                         required time                         -1.246    
                         arrival time                           1.337    
  -------------------------------------------------------------------
                         slack                                  0.091    

Slack (MET) :             0.091ns  (arrival time - required time)
  Source:                 zynq/zynq_i/ps7_0_axi_periph/s00_couplers/auto_pc/inst/gen_axilite.gen_b2s_conv.axilite_b2s/SI_REG/b.b_pipe/s_ready_i_reg/C
                            (rising edge-triggered cell FDRE clocked by clk_fpga_0  {rise@0.000ns fall@5.000ns period=10.000ns})
  Destination:            zynq/zynq_i/ps7_0_axi_periph/s00_couplers/auto_pc/inst/gen_axilite.gen_b2s_conv.axilite_b2s/SI_REG/b.b_pipe/skid_buffer_reg[5]/CE
                            (rising edge-triggered cell FDRE clocked by clk_fpga_0  {rise@0.000ns fall@5.000ns period=10.000ns})
  Path Group:             clk_fpga_0
  Path Type:              Hold (Min at Fast Process Corner)
  Requirement:            0.000ns  (clk_fpga_0 rise@0.000ns - clk_fpga_0 rise@0.000ns)
  Data Path Delay:        0.425ns  (logic 0.141ns (33.202%)  route 0.284ns (66.798%))
  Logic Levels:           0  
  Clock Path Skew:        0.349ns (DCD - SCD - CPR)
    Destination Clock Delay (DCD):    1.297ns
    Source Clock Delay      (SCD):    0.913ns
    Clock Pessimism Removal (CPR):    0.035ns

    Location             Delay type                Incr(ns)  Path(ns)    Netlist Resource(s)
  -------------------------------------------------------------------    -------------------
                         (clock clk_fpga_0 rise edge)
                                                      0.000     0.000 r  
    PS7_X0Y0             PS7                          0.000     0.000 r  zynq/zynq_i/processing_system7_0/inst/PS7_i/FCLKCLK[0]
                         net (fo=1, routed)           0.310     0.310    zynq/zynq_i/processing_system7_0/inst/FCLK_CLK_unbuffered[0]
    BUFGCTRL_X0Y16       BUFG (Prop_bufg_I_O)         0.026     0.336 r  zynq/zynq_i/processing_system7_0/inst/buffer_fclk_clk_0.FCLK_CLK_0_BUFG/O
                         net (fo=976, routed)         0.577     0.913    zynq/zynq_i/ps7_0_axi_periph/s00_couplers/auto_pc/inst/gen_axilite.gen_b2s_conv.axilite_b2s/SI_REG/b.b_pipe/aclk
    SLICE_X28Y97         FDRE                                         r  zynq/zynq_i/ps7_0_axi_periph/s00_couplers/auto_pc/inst/gen_axilite.gen_b2s_conv.axilite_b2s/SI_REG/b.b_pipe/s_ready_i_reg/C
  -------------------------------------------------------------------    -------------------
    SLICE_X28Y97         FDRE (Prop_fdre_C_Q)         0.141     1.054 r  zynq/zynq_i/ps7_0_axi_periph/s00_couplers/auto_pc/inst/gen_axilite.gen_b2s_conv.axilite_b2s/SI_REG/b.b_pipe/s_ready_i_reg/Q
                         net (fo=32, routed)          0.284     1.337    zynq/zynq_i/ps7_0_axi_periph/s00_couplers/auto_pc/inst/gen_axilite.gen_b2s_conv.axilite_b2s/SI_REG/b.b_pipe/s_ready_i_reg_0
    SLICE_X30Y100        FDRE                                         r  zynq/zynq_i/ps7_0_axi_periph/s00_couplers/auto_pc/inst/gen_axilite.gen_b2s_conv.axilite_b2s/SI_REG/b.b_pipe/skid_buffer_reg[5]/CE
  -------------------------------------------------------------------    -------------------

                         (clock clk_fpga_0 rise edge)
                                                      0.000     0.000 r  
    PS7_X0Y0             PS7                          0.000     0.000 r  zynq/zynq_i/processing_system7_0/inst/PS7_i/FCLKCLK[0]
                         net (fo=1, routed)           0.337     0.337    zynq/zynq_i/processing_system7_0/inst/FCLK_CLK_unbuffered[0]
    BUFGCTRL_X0Y16       BUFG (Prop_bufg_I_O)         0.029     0.366 r  zynq/zynq_i/processing_system7_0/inst/buffer_fclk_clk_0.FCLK_CLK_0_BUFG/O
                         net (fo=976, routed)         0.931     1.297    zynq/zynq_i/ps7_0_axi_periph/s00_couplers/auto_pc/inst/gen_axilite.gen_b2s_conv.axilite_b2s/SI_REG/b.b_pipe/aclk
    SLICE_X30Y100        FDRE                                         r  zynq/zynq_i/ps7_0_axi_periph/s00_couplers/auto_pc/inst/gen_axilite.gen_b2s_conv.axilite_b2s/SI_REG/b.b_pipe/skid_buffer_reg[5]/C
                         clock pessimism             -0.035     1.262    
    SLICE_X30Y100        FDRE (Hold_fdre_C_CE)       -0.016     1.246    zynq/zynq_i/ps7_0_axi_periph/s00_couplers/auto_pc/inst/gen_axilite.gen_b2s_conv.axilite_b2s/SI_REG/b.b_pipe/skid_buffer_reg[5]
  -------------------------------------------------------------------
                         required time                         -1.246    
                         arrival time                           1.337    
  -------------------------------------------------------------------
                         slack                                  0.091    

Slack (MET) :             0.098ns  (arrival time - required time)
  Source:                 zynq/zynq_i/axi_gpio_0/U0/AXI_LITE_IPIF_I/I_SLAVE_ATTACHMENT/s_axi_rdata_i_reg[20]/C
                            (rising edge-triggered cell FDRE clocked by clk_fpga_0  {rise@0.000ns fall@5.000ns period=10.000ns})
  Destination:            zynq/zynq_i/ps7_0_axi_periph/s00_couplers/auto_pc/inst/gen_axilite.gen_b2s_conv.axilite_b2s/RD.r_channel_0/rd_data_fifo_0/memory_reg[31][20]_srl32/D
                            (rising edge-triggered cell SRLC32E clocked by clk_fpga_0  {rise@0.000ns fall@5.000ns period=10.000ns})
  Path Group:             clk_fpga_0
  Path Type:              Hold (Min at Fast Process Corner)
  Requirement:            0.000ns  (clk_fpga_0 rise@0.000ns - clk_fpga_0 rise@0.000ns)
  Data Path Delay:        0.241ns  (logic 0.128ns (53.025%)  route 0.113ns (46.975%))
  Logic Levels:           0  
  Clock Path Skew:        0.013ns (DCD - SCD - CPR)
    Destination Clock Delay (DCD):    1.191ns
    Source Clock Delay      (SCD):    0.894ns
    Clock Pessimism Removal (CPR):    0.284ns

    Location             Delay type                Incr(ns)  Path(ns)    Netlist Resource(s)
  -------------------------------------------------------------------    -------------------
                         (clock clk_fpga_0 rise edge)
                                                      0.000     0.000 r  
    PS7_X0Y0             PS7                          0.000     0.000 r  zynq/zynq_i/processing_system7_0/inst/PS7_i/FCLKCLK[0]
                         net (fo=1, routed)           0.310     0.310    zynq/zynq_i/processing_system7_0/inst/FCLK_CLK_unbuffered[0]
    BUFGCTRL_X0Y16       BUFG (Prop_bufg_I_O)         0.026     0.336 r  zynq/zynq_i/processing_system7_0/inst/buffer_fclk_clk_0.FCLK_CLK_0_BUFG/O
                         net (fo=976, routed)         0.558     0.894    zynq/zynq_i/axi_gpio_0/U0/AXI_LITE_IPIF_I/I_SLAVE_ATTACHMENT/s_axi_aclk
    SLICE_X35Y94         FDRE                                         r  zynq/zynq_i/axi_gpio_0/U0/AXI_LITE_IPIF_I/I_SLAVE_ATTACHMENT/s_axi_rdata_i_reg[20]/C
  -------------------------------------------------------------------    -------------------
    SLICE_X35Y94         FDRE (Prop_fdre_C_Q)         0.128     1.022 r  zynq/zynq_i/axi_gpio_0/U0/AXI_LITE_IPIF_I/I_SLAVE_ATTACHMENT/s_axi_rdata_i_reg[20]/Q
                         net (fo=1, routed)           0.113     1.135    zynq/zynq_i/ps7_0_axi_periph/s00_couplers/auto_pc/inst/gen_axilite.gen_b2s_conv.axilite_b2s/RD.r_channel_0/rd_data_fifo_0/in[20]
    SLICE_X34Y94         SRLC32E                                      r  zynq/zynq_i/ps7_0_axi_periph/s00_couplers/auto_pc/inst/gen_axilite.gen_b2s_conv.axilite_b2s/RD.r_channel_0/rd_data_fifo_0/memory_reg[31][20]_srl32/D
  -------------------------------------------------------------------    -------------------

                         (clock clk_fpga_0 rise edge)
                                                      0.000     0.000 r  
    PS7_X0Y0             PS7                          0.000     0.000 r  zynq/zynq_i/processing_system7_0/inst/PS7_i/FCLKCLK[0]
                         net (fo=1, routed)           0.337     0.337    zynq/zynq_i/processing_system7_0/inst/FCLK_CLK_unbuffered[0]
    BUFGCTRL_X0Y16       BUFG (Prop_bufg_I_O)         0.029     0.366 r  zynq/zynq_i/processing_system7_0/inst/buffer_fclk_clk_0.FCLK_CLK_0_BUFG/O
                         net (fo=976, routed)         0.825     1.191    zynq/zynq_i/ps7_0_axi_periph/s00_couplers/auto_pc/inst/gen_axilite.gen_b2s_conv.axilite_b2s/RD.r_channel_0/rd_data_fifo_0/aclk
    SLICE_X34Y94         SRLC32E                                      r  zynq/zynq_i/ps7_0_axi_periph/s00_couplers/auto_pc/inst/gen_axilite.gen_b2s_conv.axilite_b2s/RD.r_channel_0/rd_data_fifo_0/memory_reg[31][20]_srl32/CLK
                         clock pessimism             -0.284     0.907    
    SLICE_X34Y94         SRLC32E (Hold_srlc32e_CLK_D)
                                                      0.130     1.037    zynq/zynq_i/ps7_0_axi_periph/s00_couplers/auto_pc/inst/gen_axilite.gen_b2s_conv.axilite_b2s/RD.r_channel_0/rd_data_fifo_0/memory_reg[31][20]_srl32
  -------------------------------------------------------------------
                         required time                         -1.037    
                         arrival time                           1.135    
  -------------------------------------------------------------------
                         slack                                  0.098    

Slack (MET) :             0.104ns  (arrival time - required time)
  Source:                 zynq/zynq_i/axi_gpio_0/U0/gpio_core_1/Dual.ALLIN0_ND_G2.READ_REG2_GEN[29].reg3_reg[29]/C
                            (rising edge-triggered cell FDRE clocked by clk_fpga_0  {rise@0.000ns fall@5.000ns period=10.000ns})
  Destination:            zynq/zynq_i/axi_gpio_0/U0/ip2bus_data_i_D1_reg[29]/D
                            (rising edge-triggered cell FDRE clocked by clk_fpga_0  {rise@0.000ns fall@5.000ns period=10.000ns})
  Path Group:             clk_fpga_0
  Path Type:              Hold (Min at Fast Process Corner)
  Requirement:            0.000ns  (clk_fpga_0 rise@0.000ns - clk_fpga_0 rise@0.000ns)
  Data Path Delay:        0.238ns  (logic 0.186ns (78.117%)  route 0.052ns (21.883%))
  Logic Levels:           1  (LUT5=1)
  Clock Path Skew:        0.013ns (DCD - SCD - CPR)
    Destination Clock Delay (DCD):    1.187ns
    Source Clock Delay      (SCD):    0.891ns
    Clock Pessimism Removal (CPR):    0.283ns

    Location             Delay type                Incr(ns)  Path(ns)    Netlist Resource(s)
  -------------------------------------------------------------------    -------------------
                         (clock clk_fpga_0 rise edge)
                                                      0.000     0.000 r  
    PS7_X0Y0             PS7                          0.000     0.000 r  zynq/zynq_i/processing_system7_0/inst/PS7_i/FCLKCLK[0]
                         net (fo=1, routed)           0.310     0.310    zynq/zynq_i/processing_system7_0/inst/FCLK_CLK_unbuffered[0]
    BUFGCTRL_X0Y16       BUFG (Prop_bufg_I_O)         0.026     0.336 r  zynq/zynq_i/processing_system7_0/inst/buffer_fclk_clk_0.FCLK_CLK_0_BUFG/O
                         net (fo=976, routed)         0.555     0.891    zynq/zynq_i/axi_gpio_0/U0/gpio_core_1/s_axi_aclk
    SLICE_X35Y87         FDRE                                         r  zynq/zynq_i/axi_gpio_0/U0/gpio_core_1/Dual.ALLIN0_ND_G2.READ_REG2_GEN[29].reg3_reg[29]/C
  -------------------------------------------------------------------    -------------------
    SLICE_X35Y87         FDRE (Prop_fdre_C_Q)         0.141     1.032 r  zynq/zynq_i/axi_gpio_0/U0/gpio_core_1/Dual.ALLIN0_ND_G2.READ_REG2_GEN[29].reg3_reg[29]/Q
                         net (fo=1, routed)           0.052     1.084    zynq/zynq_i/axi_gpio_0/U0/AXI_LITE_IPIF_I/I_SLAVE_ATTACHMENT/I_DECODER/reg3[29]
    SLICE_X34Y87         LUT5 (Prop_lut5_I3_O)        0.045     1.129 r  zynq/zynq_i/axi_gpio_0/U0/AXI_LITE_IPIF_I/I_SLAVE_ATTACHMENT/I_DECODER/ip2bus_data_i_D1[29]_i_1/O
                         net (fo=1, routed)           0.000     1.129    zynq/zynq_i/axi_gpio_0/U0/ip2bus_data[29]
    SLICE_X34Y87         FDRE                                         r  zynq/zynq_i/axi_gpio_0/U0/ip2bus_data_i_D1_reg[29]/D
  -------------------------------------------------------------------    -------------------

                         (clock clk_fpga_0 rise edge)
                                                      0.000     0.000 r  
    PS7_X0Y0             PS7                          0.000     0.000 r  zynq/zynq_i/processing_system7_0/inst/PS7_i/FCLKCLK[0]
                         net (fo=1, routed)           0.337     0.337    zynq/zynq_i/processing_system7_0/inst/FCLK_CLK_unbuffered[0]
    BUFGCTRL_X0Y16       BUFG (Prop_bufg_I_O)         0.029     0.366 r  zynq/zynq_i/processing_system7_0/inst/buffer_fclk_clk_0.FCLK_CLK_0_BUFG/O
                         net (fo=976, routed)         0.821     1.187    zynq/zynq_i/axi_gpio_0/U0/s_axi_aclk
    SLICE_X34Y87         FDRE                                         r  zynq/zynq_i/axi_gpio_0/U0/ip2bus_data_i_D1_reg[29]/C
                         clock pessimism             -0.283     0.904    
    SLICE_X34Y87         FDRE (Hold_fdre_C_D)         0.121     1.025    zynq/zynq_i/axi_gpio_0/U0/ip2bus_data_i_D1_reg[29]
  -------------------------------------------------------------------
                         required time                         -1.025    
                         arrival time                           1.129    
  -------------------------------------------------------------------
                         slack                                  0.104    

Slack (MET) :             0.106ns  (arrival time - required time)
  Source:                 zynq/zynq_i/axi_gpio_0/U0/gpio_core_1/Dual.gpio2_Data_In_reg[19]/C
                            (rising edge-triggered cell FDRE clocked by clk_fpga_0  {rise@0.000ns fall@5.000ns period=10.000ns})
  Destination:            zynq/zynq_i/axi_gpio_0/U0/gpio_core_1/Dual.ALLIN0_ND_G2.READ_REG2_GEN[19].reg3_reg[19]/D
                            (rising edge-triggered cell FDRE clocked by clk_fpga_0  {rise@0.000ns fall@5.000ns period=10.000ns})
  Path Group:             clk_fpga_0
  Path Type:              Hold (Min at Fast Process Corner)
  Requirement:            0.000ns  (clk_fpga_0 rise@0.000ns - clk_fpga_0 rise@0.000ns)
  Data Path Delay:        0.240ns  (logic 0.186ns (77.466%)  route 0.054ns (22.534%))
  Logic Levels:           1  (LUT5=1)
  Clock Path Skew:        0.013ns (DCD - SCD - CPR)
    Destination Clock Delay (DCD):    1.190ns
    Source Clock Delay      (SCD):    0.892ns
    Clock Pessimism Removal (CPR):    0.285ns

    Location             Delay type                Incr(ns)  Path(ns)    Netlist Resource(s)
  -------------------------------------------------------------------    -------------------
                         (clock clk_fpga_0 rise edge)
                                                      0.000     0.000 r  
    PS7_X0Y0             PS7                          0.000     0.000 r  zynq/zynq_i/processing_system7_0/inst/PS7_i/FCLKCLK[0]
                         net (fo=1, routed)           0.310     0.310    zynq/zynq_i/processing_system7_0/inst/FCLK_CLK_unbuffered[0]
    BUFGCTRL_X0Y16       BUFG (Prop_bufg_I_O)         0.026     0.336 r  zynq/zynq_i/processing_system7_0/inst/buffer_fclk_clk_0.FCLK_CLK_0_BUFG/O
                         net (fo=976, routed)         0.556     0.892    zynq/zynq_i/axi_gpio_0/U0/gpio_core_1/s_axi_aclk
    SLICE_X39Y94         FDRE                                         r  zynq/zynq_i/axi_gpio_0/U0/gpio_core_1/Dual.gpio2_Data_In_reg[19]/C
  -------------------------------------------------------------------    -------------------
    SLICE_X39Y94         FDRE (Prop_fdre_C_Q)         0.141     1.033 r  zynq/zynq_i/axi_gpio_0/U0/gpio_core_1/Dual.gpio2_Data_In_reg[19]/Q
                         net (fo=1, routed)           0.054     1.087    zynq/zynq_i/axi_gpio_0/U0/gpio_core_1/Dual.gpio2_Data_In[19]
    SLICE_X38Y94         LUT5 (Prop_lut5_I0_O)        0.045     1.132 r  zynq/zynq_i/axi_gpio_0/U0/gpio_core_1/Dual.ALLIN0_ND_G2.READ_REG2_GEN[19].reg3[19]_i_1/O
                         net (fo=1, routed)           0.000     1.132    zynq/zynq_i/axi_gpio_0/U0/gpio_core_1/Dual.Read_Reg2_In[19]
    SLICE_X38Y94         FDRE                                         r  zynq/zynq_i/axi_gpio_0/U0/gpio_core_1/Dual.ALLIN0_ND_G2.READ_REG2_GEN[19].reg3_reg[19]/D
  -------------------------------------------------------------------    -------------------

                         (clock clk_fpga_0 rise edge)
                                                      0.000     0.000 r  
    PS7_X0Y0             PS7                          0.000     0.000 r  zynq/zynq_i/processing_system7_0/inst/PS7_i/FCLKCLK[0]
                         net (fo=1, routed)           0.337     0.337    zynq/zynq_i/processing_system7_0/inst/FCLK_CLK_unbuffered[0]
    BUFGCTRL_X0Y16       BUFG (Prop_bufg_I_O)         0.029     0.366 r  zynq/zynq_i/processing_system7_0/inst/buffer_fclk_clk_0.FCLK_CLK_0_BUFG/O
                         net (fo=976, routed)         0.824     1.190    zynq/zynq_i/axi_gpio_0/U0/gpio_core_1/s_axi_aclk
    SLICE_X38Y94         FDRE                                         r  zynq/zynq_i/axi_gpio_0/U0/gpio_core_1/Dual.ALLIN0_ND_G2.READ_REG2_GEN[19].reg3_reg[19]/C
                         clock pessimism             -0.285     0.905    
    SLICE_X38Y94         FDRE (Hold_fdre_C_D)         0.121     1.026    zynq/zynq_i/axi_gpio_0/U0/gpio_core_1/Dual.ALLIN0_ND_G2.READ_REG2_GEN[19].reg3_reg[19]
  -------------------------------------------------------------------
                         required time                         -1.026    
                         arrival time                           1.132    
  -------------------------------------------------------------------
                         slack                                  0.106    





Pulse Width Checks
--------------------------------------------------------------------------------------
Clock Name:         clk_fpga_0
Waveform(ns):       { 0.000 5.000 }
Period(ns):         10.000
Sources:            { zynq/zynq_i/processing_system7_0/inst/PS7_i/FCLKCLK[0] }

Check Type        Corner  Lib Pin      Reference Pin  Required(ns)  Actual(ns)  Slack(ns)  Location        Pin
Min Period        n/a     BUFG/I       n/a            2.155         10.000      7.845      BUFGCTRL_X0Y16  zynq/zynq_i/processing_system7_0/inst/buffer_fclk_clk_0.FCLK_CLK_0_BUFG/I
Min Period        n/a     FDRE/C       n/a            1.000         10.000      9.000      SLICE_X51Y46    gen_clk/clk_int_reg/C
Min Period        n/a     FDRE/C       n/a            1.000         10.000      9.000      SLICE_X51Y43    gen_clk/compteur_reg[0]/C
Min Period        n/a     FDRE/C       n/a            1.000         10.000      9.000      SLICE_X50Y44    gen_clk/compteur_reg[10]/C
Min Period        n/a     FDRE/C       n/a            1.000         10.000      9.000      SLICE_X50Y44    gen_clk/compteur_reg[11]/C
Min Period        n/a     FDRE/C       n/a            1.000         10.000      9.000      SLICE_X50Y44    gen_clk/compteur_reg[12]/C
Min Period        n/a     FDRE/C       n/a            1.000         10.000      9.000      SLICE_X50Y45    gen_clk/compteur_reg[13]/C
Min Period        n/a     FDRE/C       n/a            1.000         10.000      9.000      SLICE_X50Y45    gen_clk/compteur_reg[14]/C
Min Period        n/a     FDRE/C       n/a            1.000         10.000      9.000      SLICE_X50Y45    gen_clk/compteur_reg[15]/C
Min Period        n/a     FDRE/C       n/a            1.000         10.000      9.000      SLICE_X50Y45    gen_clk/compteur_reg[16]/C
Low Pulse Width   Slow    SRL16E/CLK   n/a            0.980         5.000       4.020      SLICE_X42Y85    zynq/zynq_i/proc_sys_reset_0/U0/EXT_LPF/POR_SRL_I/CLK
Low Pulse Width   Fast    SRL16E/CLK   n/a            0.980         5.000       4.020      SLICE_X42Y85    zynq/zynq_i/proc_sys_reset_0/U0/EXT_LPF/POR_SRL_I/CLK
Low Pulse Width   Slow    SRLC32E/CLK  n/a            0.980         5.000       4.020      SLICE_X32Y90    zynq/zynq_i/ps7_0_axi_periph/s00_couplers/auto_pc/inst/gen_axilite.gen_b2s_conv.axilite_b2s/RD.r_channel_0/rd_data_fifo_0/memory_reg[31][0]_srl32/CLK
Low Pulse Width   Fast    SRLC32E/CLK  n/a            0.980         5.000       4.020      SLICE_X32Y90    zynq/zynq_i/ps7_0_axi_periph/s00_couplers/auto_pc/inst/gen_axilite.gen_b2s_conv.axilite_b2s/RD.r_channel_0/rd_data_fifo_0/memory_reg[31][0]_srl32/CLK
Low Pulse Width   Slow    SRLC32E/CLK  n/a            0.980         5.000       4.020      SLICE_X32Y92    zynq/zynq_i/ps7_0_axi_periph/s00_couplers/auto_pc/inst/gen_axilite.gen_b2s_conv.axilite_b2s/RD.r_channel_0/rd_data_fifo_0/memory_reg[31][10]_srl32/CLK
Low Pulse Width   Fast    SRLC32E/CLK  n/a            0.980         5.000       4.020      SLICE_X32Y92    zynq/zynq_i/ps7_0_axi_periph/s00_couplers/auto_pc/inst/gen_axilite.gen_b2s_conv.axilite_b2s/RD.r_channel_0/rd_data_fifo_0/memory_reg[31][10]_srl32/CLK
Low Pulse Width   Slow    SRLC32E/CLK  n/a            0.980         5.000       4.020      SLICE_X34Y92    zynq/zynq_i/ps7_0_axi_periph/s00_couplers/auto_pc/inst/gen_axilite.gen_b2s_conv.axilite_b2s/RD.r_channel_0/rd_data_fifo_0/memory_reg[31][11]_srl32/CLK
Low Pulse Width   Fast    SRLC32E/CLK  n/a            0.980         5.000       4.020      SLICE_X34Y92    zynq/zynq_i/ps7_0_axi_periph/s00_couplers/auto_pc/inst/gen_axilite.gen_b2s_conv.axilite_b2s/RD.r_channel_0/rd_data_fifo_0/memory_reg[31][11]_srl32/CLK
Low Pulse Width   Slow    SRLC32E/CLK  n/a            0.980         5.000       4.020      SLICE_X32Y92    zynq/zynq_i/ps7_0_axi_periph/s00_couplers/auto_pc/inst/gen_axilite.gen_b2s_conv.axilite_b2s/RD.r_channel_0/rd_data_fifo_0/memory_reg[31][12]_srl32/CLK
Low Pulse Width   Fast    SRLC32E/CLK  n/a            0.980         5.000       4.020      SLICE_X32Y92    zynq/zynq_i/ps7_0_axi_periph/s00_couplers/auto_pc/inst/gen_axilite.gen_b2s_conv.axilite_b2s/RD.r_channel_0/rd_data_fifo_0/memory_reg[31][12]_srl32/CLK
High Pulse Width  Slow    SRL16E/CLK   n/a            0.980         5.000       4.020      SLICE_X42Y85    zynq/zynq_i/proc_sys_reset_0/U0/EXT_LPF/POR_SRL_I/CLK
High Pulse Width  Fast    SRL16E/CLK   n/a            0.980         5.000       4.020      SLICE_X42Y85    zynq/zynq_i/proc_sys_reset_0/U0/EXT_LPF/POR_SRL_I/CLK
High Pulse Width  Slow    SRLC32E/CLK  n/a            0.980         5.000       4.020      SLICE_X32Y90    zynq/zynq_i/ps7_0_axi_periph/s00_couplers/auto_pc/inst/gen_axilite.gen_b2s_conv.axilite_b2s/RD.r_channel_0/rd_data_fifo_0/memory_reg[31][0]_srl32/CLK
High Pulse Width  Fast    SRLC32E/CLK  n/a            0.980         5.000       4.020      SLICE_X32Y90    zynq/zynq_i/ps7_0_axi_periph/s00_couplers/auto_pc/inst/gen_axilite.gen_b2s_conv.axilite_b2s/RD.r_channel_0/rd_data_fifo_0/memory_reg[31][0]_srl32/CLK
High Pulse Width  Slow    SRLC32E/CLK  n/a            0.980         5.000       4.020      SLICE_X32Y92    zynq/zynq_i/ps7_0_axi_periph/s00_couplers/auto_pc/inst/gen_axilite.gen_b2s_conv.axilite_b2s/RD.r_channel_0/rd_data_fifo_0/memory_reg[31][10]_srl32/CLK
High Pulse Width  Fast    SRLC32E/CLK  n/a            0.980         5.000       4.020      SLICE_X32Y92    zynq/zynq_i/ps7_0_axi_periph/s00_couplers/auto_pc/inst/gen_axilite.gen_b2s_conv.axilite_b2s/RD.r_channel_0/rd_data_fifo_0/memory_reg[31][10]_srl32/CLK
High Pulse Width  Slow    SRLC32E/CLK  n/a            0.980         5.000       4.020      SLICE_X34Y92    zynq/zynq_i/ps7_0_axi_periph/s00_couplers/auto_pc/inst/gen_axilite.gen_b2s_conv.axilite_b2s/RD.r_channel_0/rd_data_fifo_0/memory_reg[31][11]_srl32/CLK
High Pulse Width  Fast    SRLC32E/CLK  n/a            0.980         5.000       4.020      SLICE_X34Y92    zynq/zynq_i/ps7_0_axi_periph/s00_couplers/auto_pc/inst/gen_axilite.gen_b2s_conv.axilite_b2s/RD.r_channel_0/rd_data_fifo_0/memory_reg[31][11]_srl32/CLK
High Pulse Width  Slow    SRLC32E/CLK  n/a            0.980         5.000       4.020      SLICE_X32Y92    zynq/zynq_i/ps7_0_axi_periph/s00_couplers/auto_pc/inst/gen_axilite.gen_b2s_conv.axilite_b2s/RD.r_channel_0/rd_data_fifo_0/memory_reg[31][12]_srl32/CLK
High Pulse Width  Fast    SRLC32E/CLK  n/a            0.980         5.000       4.020      SLICE_X32Y92    zynq/zynq_i/ps7_0_axi_periph/s00_couplers/auto_pc/inst/gen_axilite.gen_b2s_conv.axilite_b2s/RD.r_channel_0/rd_data_fifo_0/memory_reg[31][12]_srl32/CLK



--------------------------------------------------------------------------------------
Path Group:  (none)
From Clock:  
  To Clock:  clk_fpga_0

Max Delay            16 Endpoints
Min Delay            16 Endpoints
--------------------------------------------------------------------------------------


Max Delay Paths
--------------------------------------------------------------------------------------
Slack:                    inf
  Source:                 inst_racine_carree/xk_reg[6]/C
                            (rising edge-triggered cell FDCE)
  Destination:            zynq/zynq_i/axi_gpio_0/U0/gpio_core_1/Dual.INPUT_DOUBLE_REGS5/syncstages_ff_reg[0][6]/D
                            (rising edge-triggered cell FDRE clocked by clk_fpga_0  {rise@0.000ns fall@5.000ns period=10.000ns})
  Path Group:             (none)
  Path Type:              Setup (Max at Slow Process Corner)
  Data Path Delay:        2.814ns  (logic 0.419ns (14.892%)  route 2.395ns (85.108%))
  Logic Levels:           1  (FDCE=1)
  Clock Uncertainty:      0.152ns  ((TSJ^2 + TIJ^2)^1/2 + DJ) / 2 + PE
    Total System Jitter     (TSJ):    0.050ns
    Total Input Jitter      (TIJ):    0.300ns
    Discrete Jitter          (DJ):    0.000ns
    Phase Error              (PE):    0.000ns
  Timing Exception:       False Path

    Location             Delay type                Incr(ns)  Path(ns)    Netlist Resource(s)
  -------------------------------------------------------------------    -------------------
    SLICE_X39Y87         FDCE                         0.000     0.000 r  inst_racine_carree/xk_reg[6]/C
    SLICE_X39Y87         FDCE (Prop_fdce_C_Q)         0.419     0.419 r  inst_racine_carree/xk_reg[6]/Q
                         net (fo=73, routed)          2.395     2.814    zynq/zynq_i/axi_gpio_0/U0/gpio_core_1/Dual.INPUT_DOUBLE_REGS5/async_path_bit[6]
    SLICE_X43Y91         FDRE                                         r  zynq/zynq_i/axi_gpio_0/U0/gpio_core_1/Dual.INPUT_DOUBLE_REGS5/syncstages_ff_reg[0][6]/D
  -------------------------------------------------------------------    -------------------

                         (clock clk_fpga_0 rise edge)
                                                      0.000     0.000 r  
    PS7_X0Y0             PS7                          0.000     0.000 r  zynq/zynq_i/processing_system7_0/inst/PS7_i/FCLKCLK[0]
                         net (fo=1, routed)           1.088     1.088    zynq/zynq_i/processing_system7_0/inst/FCLK_CLK_unbuffered[0]
    BUFGCTRL_X0Y16       BUFG (Prop_bufg_I_O)         0.091     1.179 r  zynq/zynq_i/processing_system7_0/inst/buffer_fclk_clk_0.FCLK_CLK_0_BUFG/O
                         net (fo=976, routed)         1.478     2.657    zynq/zynq_i/axi_gpio_0/U0/gpio_core_1/Dual.INPUT_DOUBLE_REGS5/dest_clk
    SLICE_X43Y91         FDRE                                         r  zynq/zynq_i/axi_gpio_0/U0/gpio_core_1/Dual.INPUT_DOUBLE_REGS5/syncstages_ff_reg[0][6]/C

Slack:                    inf
  Source:                 inst_racine_carree/xk_reg[5]/C
                            (rising edge-triggered cell FDCE)
  Destination:            zynq/zynq_i/axi_gpio_0/U0/gpio_core_1/Dual.INPUT_DOUBLE_REGS5/syncstages_ff_reg[0][5]/D
                            (rising edge-triggered cell FDRE clocked by clk_fpga_0  {rise@0.000ns fall@5.000ns period=10.000ns})
  Path Group:             (none)
  Path Type:              Setup (Max at Slow Process Corner)
  Data Path Delay:        2.342ns  (logic 0.456ns (19.474%)  route 1.886ns (80.526%))
  Logic Levels:           1  (FDCE=1)
  Clock Uncertainty:      0.152ns  ((TSJ^2 + TIJ^2)^1/2 + DJ) / 2 + PE
    Total System Jitter     (TSJ):    0.050ns
    Total Input Jitter      (TIJ):    0.300ns
    Discrete Jitter          (DJ):    0.000ns
    Phase Error              (PE):    0.000ns
  Timing Exception:       False Path

    Location             Delay type                Incr(ns)  Path(ns)    Netlist Resource(s)
  -------------------------------------------------------------------    -------------------
    SLICE_X39Y87         FDCE                         0.000     0.000 r  inst_racine_carree/xk_reg[5]/C
    SLICE_X39Y87         FDCE (Prop_fdce_C_Q)         0.456     0.456 r  inst_racine_carree/xk_reg[5]/Q
                         net (fo=92, routed)          1.886     2.342    zynq/zynq_i/axi_gpio_0/U0/gpio_core_1/Dual.INPUT_DOUBLE_REGS5/async_path_bit[5]
    SLICE_X38Y91         FDRE                                         r  zynq/zynq_i/axi_gpio_0/U0/gpio_core_1/Dual.INPUT_DOUBLE_REGS5/syncstages_ff_reg[0][5]/D
  -------------------------------------------------------------------    -------------------

                         (clock clk_fpga_0 rise edge)
                                                      0.000     0.000 r  
    PS7_X0Y0             PS7                          0.000     0.000 r  zynq/zynq_i/processing_system7_0/inst/PS7_i/FCLKCLK[0]
                         net (fo=1, routed)           1.088     1.088    zynq/zynq_i/processing_system7_0/inst/FCLK_CLK_unbuffered[0]
    BUFGCTRL_X0Y16       BUFG (Prop_bufg_I_O)         0.091     1.179 r  zynq/zynq_i/processing_system7_0/inst/buffer_fclk_clk_0.FCLK_CLK_0_BUFG/O
                         net (fo=976, routed)         1.478     2.657    zynq/zynq_i/axi_gpio_0/U0/gpio_core_1/Dual.INPUT_DOUBLE_REGS5/dest_clk
    SLICE_X38Y91         FDRE                                         r  zynq/zynq_i/axi_gpio_0/U0/gpio_core_1/Dual.INPUT_DOUBLE_REGS5/syncstages_ff_reg[0][5]/C

Slack:                    inf
  Source:                 inst_racine_carree/xk_reg[10]/C
                            (rising edge-triggered cell FDCE)
  Destination:            zynq/zynq_i/axi_gpio_0/U0/gpio_core_1/Dual.INPUT_DOUBLE_REGS5/syncstages_ff_reg[0][10]/D
                            (rising edge-triggered cell FDRE clocked by clk_fpga_0  {rise@0.000ns fall@5.000ns period=10.000ns})
  Path Group:             (none)
  Path Type:              Setup (Max at Slow Process Corner)
  Data Path Delay:        2.208ns  (logic 0.456ns (20.653%)  route 1.752ns (79.347%))
  Logic Levels:           1  (FDCE=1)
  Clock Uncertainty:      0.152ns  ((TSJ^2 + TIJ^2)^1/2 + DJ) / 2 + PE
    Total System Jitter     (TSJ):    0.050ns
    Total Input Jitter      (TIJ):    0.300ns
    Discrete Jitter          (DJ):    0.000ns
    Phase Error              (PE):    0.000ns
  Timing Exception:       False Path

    Location             Delay type                Incr(ns)  Path(ns)    Netlist Resource(s)
  -------------------------------------------------------------------    -------------------
    SLICE_X39Y88         FDCE                         0.000     0.000 r  inst_racine_carree/xk_reg[10]/C
    SLICE_X39Y88         FDCE (Prop_fdce_C_Q)         0.456     0.456 r  inst_racine_carree/xk_reg[10]/Q
                         net (fo=31, routed)          1.752     2.208    zynq/zynq_i/axi_gpio_0/U0/gpio_core_1/Dual.INPUT_DOUBLE_REGS5/async_path_bit[10]
    SLICE_X41Y91         FDRE                                         r  zynq/zynq_i/axi_gpio_0/U0/gpio_core_1/Dual.INPUT_DOUBLE_REGS5/syncstages_ff_reg[0][10]/D
  -------------------------------------------------------------------    -------------------

                         (clock clk_fpga_0 rise edge)
                                                      0.000     0.000 r  
    PS7_X0Y0             PS7                          0.000     0.000 r  zynq/zynq_i/processing_system7_0/inst/PS7_i/FCLKCLK[0]
                         net (fo=1, routed)           1.088     1.088    zynq/zynq_i/processing_system7_0/inst/FCLK_CLK_unbuffered[0]
    BUFGCTRL_X0Y16       BUFG (Prop_bufg_I_O)         0.091     1.179 r  zynq/zynq_i/processing_system7_0/inst/buffer_fclk_clk_0.FCLK_CLK_0_BUFG/O
                         net (fo=976, routed)         1.478     2.657    zynq/zynq_i/axi_gpio_0/U0/gpio_core_1/Dual.INPUT_DOUBLE_REGS5/dest_clk
    SLICE_X41Y91         FDRE                                         r  zynq/zynq_i/axi_gpio_0/U0/gpio_core_1/Dual.INPUT_DOUBLE_REGS5/syncstages_ff_reg[0][10]/C

Slack:                    inf
  Source:                 inst_racine_carree/xk_reg[8]/C
                            (rising edge-triggered cell FDCE)
  Destination:            zynq/zynq_i/axi_gpio_0/U0/gpio_core_1/Dual.INPUT_DOUBLE_REGS5/syncstages_ff_reg[0][8]/D
                            (rising edge-triggered cell FDRE clocked by clk_fpga_0  {rise@0.000ns fall@5.000ns period=10.000ns})
  Path Group:             (none)
  Path Type:              Setup (Max at Slow Process Corner)
  Data Path Delay:        1.789ns  (logic 0.419ns (23.426%)  route 1.370ns (76.574%))
  Logic Levels:           1  (FDCE=1)
  Clock Uncertainty:      0.152ns  ((TSJ^2 + TIJ^2)^1/2 + DJ) / 2 + PE
    Total System Jitter     (TSJ):    0.050ns
    Total Input Jitter      (TIJ):    0.300ns
    Discrete Jitter          (DJ):    0.000ns
    Phase Error              (PE):    0.000ns
  Timing Exception:       False Path

    Location             Delay type                Incr(ns)  Path(ns)    Netlist Resource(s)
  -------------------------------------------------------------------    -------------------
    SLICE_X39Y88         FDCE                         0.000     0.000 r  inst_racine_carree/xk_reg[8]/C
    SLICE_X39Y88         FDCE (Prop_fdce_C_Q)         0.419     0.419 r  inst_racine_carree/xk_reg[8]/Q
                         net (fo=53, routed)          1.370     1.789    zynq/zynq_i/axi_gpio_0/U0/gpio_core_1/Dual.INPUT_DOUBLE_REGS5/async_path_bit[8]
    SLICE_X38Y92         FDRE                                         r  zynq/zynq_i/axi_gpio_0/U0/gpio_core_1/Dual.INPUT_DOUBLE_REGS5/syncstages_ff_reg[0][8]/D
  -------------------------------------------------------------------    -------------------

                         (clock clk_fpga_0 rise edge)
                                                      0.000     0.000 r  
    PS7_X0Y0             PS7                          0.000     0.000 r  zynq/zynq_i/processing_system7_0/inst/PS7_i/FCLKCLK[0]
                         net (fo=1, routed)           1.088     1.088    zynq/zynq_i/processing_system7_0/inst/FCLK_CLK_unbuffered[0]
    BUFGCTRL_X0Y16       BUFG (Prop_bufg_I_O)         0.091     1.179 r  zynq/zynq_i/processing_system7_0/inst/buffer_fclk_clk_0.FCLK_CLK_0_BUFG/O
                         net (fo=976, routed)         1.478     2.657    zynq/zynq_i/axi_gpio_0/U0/gpio_core_1/Dual.INPUT_DOUBLE_REGS5/dest_clk
    SLICE_X38Y92         FDRE                                         r  zynq/zynq_i/axi_gpio_0/U0/gpio_core_1/Dual.INPUT_DOUBLE_REGS5/syncstages_ff_reg[0][8]/C

Slack:                    inf
  Source:                 zynq/zynq_i/processing_system7_0/inst/PS7_i/FCLKRESETN[0]
                            (internal pin)
  Destination:            zynq/zynq_i/proc_sys_reset_0/U0/EXT_LPF/ACTIVE_LOW_EXT.ACT_LO_EXT/syncstages_ff_reg[0]/D
                            (rising edge-triggered cell FDRE clocked by clk_fpga_0  {rise@0.000ns fall@5.000ns period=10.000ns})
  Path Group:             (none)
  Path Type:              Setup (Max at Slow Process Corner)
  Data Path Delay:        1.786ns  (logic 0.124ns (6.943%)  route 1.662ns (93.057%))
  Logic Levels:           1  (LUT1=1)
  Clock Uncertainty:      0.152ns  ((TSJ^2 + TIJ^2)^1/2 + DJ) / 2 + PE
    Total System Jitter     (TSJ):    0.050ns
    Total Input Jitter      (TIJ):    0.300ns
    Discrete Jitter          (DJ):    0.000ns
    Phase Error              (PE):    0.000ns
  Timing Exception:       False Path

    Location             Delay type                Incr(ns)  Path(ns)    Netlist Resource(s)
  -------------------------------------------------------------------    -------------------
    PS7_X0Y0             PS7                          0.000     0.000 f  zynq/zynq_i/processing_system7_0/inst/PS7_i/FCLKRESETN[0]
                         net (fo=1, routed)           1.662     1.662    zynq/zynq_i/proc_sys_reset_0/U0/EXT_LPF/ext_reset_in
    SLICE_X42Y84         LUT1 (Prop_lut1_I0_O)        0.124     1.786 r  zynq/zynq_i/proc_sys_reset_0/U0/EXT_LPF/ACTIVE_LOW_EXT.ACT_LO_EXT_i_1/O
                         net (fo=1, routed)           0.000     1.786    zynq/zynq_i/proc_sys_reset_0/U0/EXT_LPF/ACTIVE_LOW_EXT.ACT_LO_EXT/src_in
    SLICE_X42Y84         FDRE                                         r  zynq/zynq_i/proc_sys_reset_0/U0/EXT_LPF/ACTIVE_LOW_EXT.ACT_LO_EXT/syncstages_ff_reg[0]/D
  -------------------------------------------------------------------    -------------------

                         (clock clk_fpga_0 rise edge)
                                                      0.000     0.000 r  
    PS7_X0Y0             PS7                          0.000     0.000 r  zynq/zynq_i/processing_system7_0/inst/PS7_i/FCLKCLK[0]
                         net (fo=1, routed)           1.088     1.088    zynq/zynq_i/processing_system7_0/inst/FCLK_CLK_unbuffered[0]
    BUFGCTRL_X0Y16       BUFG (Prop_bufg_I_O)         0.091     1.179 r  zynq/zynq_i/processing_system7_0/inst/buffer_fclk_clk_0.FCLK_CLK_0_BUFG/O
                         net (fo=976, routed)         1.473     2.652    zynq/zynq_i/proc_sys_reset_0/U0/EXT_LPF/ACTIVE_LOW_EXT.ACT_LO_EXT/dest_clk
    SLICE_X42Y84         FDRE                                         r  zynq/zynq_i/proc_sys_reset_0/U0/EXT_LPF/ACTIVE_LOW_EXT.ACT_LO_EXT/syncstages_ff_reg[0]/C

Slack:                    inf
  Source:                 inst_racine_carree/xk_reg[4]/C
                            (rising edge-triggered cell FDCE)
  Destination:            zynq/zynq_i/axi_gpio_0/U0/gpio_core_1/Dual.INPUT_DOUBLE_REGS5/syncstages_ff_reg[0][4]/D
                            (rising edge-triggered cell FDRE clocked by clk_fpga_0  {rise@0.000ns fall@5.000ns period=10.000ns})
  Path Group:             (none)
  Path Type:              Setup (Max at Slow Process Corner)
  Data Path Delay:        1.683ns  (logic 0.419ns (24.902%)  route 1.264ns (75.098%))
  Logic Levels:           1  (FDCE=1)
  Clock Uncertainty:      0.152ns  ((TSJ^2 + TIJ^2)^1/2 + DJ) / 2 + PE
    Total System Jitter     (TSJ):    0.050ns
    Total Input Jitter      (TIJ):    0.300ns
    Discrete Jitter          (DJ):    0.000ns
    Phase Error              (PE):    0.000ns
  Timing Exception:       False Path

    Location             Delay type                Incr(ns)  Path(ns)    Netlist Resource(s)
  -------------------------------------------------------------------    -------------------
    SLICE_X39Y87         FDCE                         0.000     0.000 r  inst_racine_carree/xk_reg[4]/C
    SLICE_X39Y87         FDCE (Prop_fdce_C_Q)         0.419     0.419 r  inst_racine_carree/xk_reg[4]/Q
                         net (fo=94, routed)          1.264     1.683    zynq/zynq_i/axi_gpio_0/U0/gpio_core_1/Dual.INPUT_DOUBLE_REGS5/async_path_bit[4]
    SLICE_X35Y84         FDRE                                         r  zynq/zynq_i/axi_gpio_0/U0/gpio_core_1/Dual.INPUT_DOUBLE_REGS5/syncstages_ff_reg[0][4]/D
  -------------------------------------------------------------------    -------------------

                         (clock clk_fpga_0 rise edge)
                                                      0.000     0.000 r  
    PS7_X0Y0             PS7                          0.000     0.000 r  zynq/zynq_i/processing_system7_0/inst/PS7_i/FCLKCLK[0]
                         net (fo=1, routed)           1.088     1.088    zynq/zynq_i/processing_system7_0/inst/FCLK_CLK_unbuffered[0]
    BUFGCTRL_X0Y16       BUFG (Prop_bufg_I_O)         0.091     1.179 r  zynq/zynq_i/processing_system7_0/inst/buffer_fclk_clk_0.FCLK_CLK_0_BUFG/O
                         net (fo=976, routed)         1.474     2.653    zynq/zynq_i/axi_gpio_0/U0/gpio_core_1/Dual.INPUT_DOUBLE_REGS5/dest_clk
    SLICE_X35Y84         FDRE                                         r  zynq/zynq_i/axi_gpio_0/U0/gpio_core_1/Dual.INPUT_DOUBLE_REGS5/syncstages_ff_reg[0][4]/C

Slack:                    inf
  Source:                 inst_racine_carree/xk_reg[7]/C
                            (rising edge-triggered cell FDCE)
  Destination:            zynq/zynq_i/axi_gpio_0/U0/gpio_core_1/Dual.INPUT_DOUBLE_REGS5/syncstages_ff_reg[0][7]/D
                            (rising edge-triggered cell FDRE clocked by clk_fpga_0  {rise@0.000ns fall@5.000ns period=10.000ns})
  Path Group:             (none)
  Path Type:              Setup (Max at Slow Process Corner)
  Data Path Delay:        1.587ns  (logic 0.456ns (28.734%)  route 1.131ns (71.266%))
  Logic Levels:           1  (FDCE=1)
  Clock Uncertainty:      0.152ns  ((TSJ^2 + TIJ^2)^1/2 + DJ) / 2 + PE
    Total System Jitter     (TSJ):    0.050ns
    Total Input Jitter      (TIJ):    0.300ns
    Discrete Jitter          (DJ):    0.000ns
    Phase Error              (PE):    0.000ns
  Timing Exception:       False Path

    Location             Delay type                Incr(ns)  Path(ns)    Netlist Resource(s)
  -------------------------------------------------------------------    -------------------
    SLICE_X39Y88         FDCE                         0.000     0.000 r  inst_racine_carree/xk_reg[7]/C
    SLICE_X39Y88         FDCE (Prop_fdce_C_Q)         0.456     0.456 r  inst_racine_carree/xk_reg[7]/Q
                         net (fo=28, routed)          1.131     1.587    zynq/zynq_i/axi_gpio_0/U0/gpio_core_1/Dual.INPUT_DOUBLE_REGS5/async_path_bit[7]
    SLICE_X39Y92         FDRE                                         r  zynq/zynq_i/axi_gpio_0/U0/gpio_core_1/Dual.INPUT_DOUBLE_REGS5/syncstages_ff_reg[0][7]/D
  -------------------------------------------------------------------    -------------------

                         (clock clk_fpga_0 rise edge)
                                                      0.000     0.000 r  
    PS7_X0Y0             PS7                          0.000     0.000 r  zynq/zynq_i/processing_system7_0/inst/PS7_i/FCLKCLK[0]
                         net (fo=1, routed)           1.088     1.088    zynq/zynq_i/processing_system7_0/inst/FCLK_CLK_unbuffered[0]
    BUFGCTRL_X0Y16       BUFG (Prop_bufg_I_O)         0.091     1.179 r  zynq/zynq_i/processing_system7_0/inst/buffer_fclk_clk_0.FCLK_CLK_0_BUFG/O
                         net (fo=976, routed)         1.478     2.657    zynq/zynq_i/axi_gpio_0/U0/gpio_core_1/Dual.INPUT_DOUBLE_REGS5/dest_clk
    SLICE_X39Y92         FDRE                                         r  zynq/zynq_i/axi_gpio_0/U0/gpio_core_1/Dual.INPUT_DOUBLE_REGS5/syncstages_ff_reg[0][7]/C

Slack:                    inf
  Source:                 inst_racine_carree/xk_reg[13]/C
                            (rising edge-triggered cell FDCE)
  Destination:            zynq/zynq_i/axi_gpio_0/U0/gpio_core_1/Dual.INPUT_DOUBLE_REGS5/syncstages_ff_reg[0][13]/D
                            (rising edge-triggered cell FDRE clocked by clk_fpga_0  {rise@0.000ns fall@5.000ns period=10.000ns})
  Path Group:             (none)
  Path Type:              Setup (Max at Slow Process Corner)
  Data Path Delay:        1.444ns  (logic 0.456ns (31.579%)  route 0.988ns (68.421%))
  Logic Levels:           1  (FDCE=1)
  Clock Uncertainty:      0.152ns  ((TSJ^2 + TIJ^2)^1/2 + DJ) / 2 + PE
    Total System Jitter     (TSJ):    0.050ns
    Total Input Jitter      (TIJ):    0.300ns
    Discrete Jitter          (DJ):    0.000ns
    Phase Error              (PE):    0.000ns
  Timing Exception:       False Path

    Location             Delay type                Incr(ns)  Path(ns)    Netlist Resource(s)
  -------------------------------------------------------------------    -------------------
    SLICE_X39Y89         FDCE                         0.000     0.000 r  inst_racine_carree/xk_reg[13]/C
    SLICE_X39Y89         FDCE (Prop_fdce_C_Q)         0.456     0.456 r  inst_racine_carree/xk_reg[13]/Q
                         net (fo=19, routed)          0.988     1.444    zynq/zynq_i/axi_gpio_0/U0/gpio_core_1/Dual.INPUT_DOUBLE_REGS5/async_path_bit[13]
    SLICE_X38Y93         FDRE                                         r  zynq/zynq_i/axi_gpio_0/U0/gpio_core_1/Dual.INPUT_DOUBLE_REGS5/syncstages_ff_reg[0][13]/D
  -------------------------------------------------------------------    -------------------

                         (clock clk_fpga_0 rise edge)
                                                      0.000     0.000 r  
    PS7_X0Y0             PS7                          0.000     0.000 r  zynq/zynq_i/processing_system7_0/inst/PS7_i/FCLKCLK[0]
                         net (fo=1, routed)           1.088     1.088    zynq/zynq_i/processing_system7_0/inst/FCLK_CLK_unbuffered[0]
    BUFGCTRL_X0Y16       BUFG (Prop_bufg_I_O)         0.091     1.179 r  zynq/zynq_i/processing_system7_0/inst/buffer_fclk_clk_0.FCLK_CLK_0_BUFG/O
                         net (fo=976, routed)         1.479     2.658    zynq/zynq_i/axi_gpio_0/U0/gpio_core_1/Dual.INPUT_DOUBLE_REGS5/dest_clk
    SLICE_X38Y93         FDRE                                         r  zynq/zynq_i/axi_gpio_0/U0/gpio_core_1/Dual.INPUT_DOUBLE_REGS5/syncstages_ff_reg[0][13]/C

Slack:                    inf
  Source:                 inst_racine_carree/xk_reg[14]/C
                            (rising edge-triggered cell FDCE)
  Destination:            zynq/zynq_i/axi_gpio_0/U0/gpio_core_1/Dual.INPUT_DOUBLE_REGS5/syncstages_ff_reg[0][14]/D
                            (rising edge-triggered cell FDRE clocked by clk_fpga_0  {rise@0.000ns fall@5.000ns period=10.000ns})
  Path Group:             (none)
  Path Type:              Setup (Max at Slow Process Corner)
  Data Path Delay:        1.413ns  (logic 0.419ns (29.662%)  route 0.994ns (70.338%))
  Logic Levels:           1  (FDCE=1)
  Clock Uncertainty:      0.152ns  ((TSJ^2 + TIJ^2)^1/2 + DJ) / 2 + PE
    Total System Jitter     (TSJ):    0.050ns
    Total Input Jitter      (TIJ):    0.300ns
    Discrete Jitter          (DJ):    0.000ns
    Phase Error              (PE):    0.000ns
  Timing Exception:       False Path

    Location             Delay type                Incr(ns)  Path(ns)    Netlist Resource(s)
  -------------------------------------------------------------------    -------------------
    SLICE_X39Y89         FDCE                         0.000     0.000 r  inst_racine_carree/xk_reg[14]/C
    SLICE_X39Y89         FDCE (Prop_fdce_C_Q)         0.419     0.419 r  inst_racine_carree/xk_reg[14]/Q
                         net (fo=19, routed)          0.994     1.413    zynq/zynq_i/axi_gpio_0/U0/gpio_core_1/Dual.INPUT_DOUBLE_REGS5/async_path_bit[14]
    SLICE_X40Y96         FDRE                                         r  zynq/zynq_i/axi_gpio_0/U0/gpio_core_1/Dual.INPUT_DOUBLE_REGS5/syncstages_ff_reg[0][14]/D
  -------------------------------------------------------------------    -------------------

                         (clock clk_fpga_0 rise edge)
                                                      0.000     0.000 r  
    PS7_X0Y0             PS7                          0.000     0.000 r  zynq/zynq_i/processing_system7_0/inst/PS7_i/FCLKCLK[0]
                         net (fo=1, routed)           1.088     1.088    zynq/zynq_i/processing_system7_0/inst/FCLK_CLK_unbuffered[0]
    BUFGCTRL_X0Y16       BUFG (Prop_bufg_I_O)         0.091     1.179 r  zynq/zynq_i/processing_system7_0/inst/buffer_fclk_clk_0.FCLK_CLK_0_BUFG/O
                         net (fo=976, routed)         1.479     2.658    zynq/zynq_i/axi_gpio_0/U0/gpio_core_1/Dual.INPUT_DOUBLE_REGS5/dest_clk
    SLICE_X40Y96         FDRE                                         r  zynq/zynq_i/axi_gpio_0/U0/gpio_core_1/Dual.INPUT_DOUBLE_REGS5/syncstages_ff_reg[0][14]/C

Slack:                    inf
  Source:                 inst_racine_carree/xk_reg[9]/C
                            (rising edge-triggered cell FDCE)
  Destination:            zynq/zynq_i/axi_gpio_0/U0/gpio_core_1/Dual.INPUT_DOUBLE_REGS5/syncstages_ff_reg[0][9]/D
                            (rising edge-triggered cell FDRE clocked by clk_fpga_0  {rise@0.000ns fall@5.000ns period=10.000ns})
  Path Group:             (none)
  Path Type:              Setup (Max at Slow Process Corner)
  Data Path Delay:        1.401ns  (logic 0.419ns (29.904%)  route 0.982ns (70.097%))
  Logic Levels:           1  (FDCE=1)
  Clock Uncertainty:      0.152ns  ((TSJ^2 + TIJ^2)^1/2 + DJ) / 2 + PE
    Total System Jitter     (TSJ):    0.050ns
    Total Input Jitter      (TIJ):    0.300ns
    Discrete Jitter          (DJ):    0.000ns
    Phase Error              (PE):    0.000ns
  Timing Exception:       False Path

    Location             Delay type                Incr(ns)  Path(ns)    Netlist Resource(s)
  -------------------------------------------------------------------    -------------------
    SLICE_X39Y88         FDCE                         0.000     0.000 r  inst_racine_carree/xk_reg[9]/C
    SLICE_X39Y88         FDCE (Prop_fdce_C_Q)         0.419     0.419 r  inst_racine_carree/xk_reg[9]/Q
                         net (fo=40, routed)          0.982     1.401    zynq/zynq_i/axi_gpio_0/U0/gpio_core_1/Dual.INPUT_DOUBLE_REGS5/async_path_bit[9]
    SLICE_X39Y93         FDRE                                         r  zynq/zynq_i/axi_gpio_0/U0/gpio_core_1/Dual.INPUT_DOUBLE_REGS5/syncstages_ff_reg[0][9]/D
  -------------------------------------------------------------------    -------------------

                         (clock clk_fpga_0 rise edge)
                                                      0.000     0.000 r  
    PS7_X0Y0             PS7                          0.000     0.000 r  zynq/zynq_i/processing_system7_0/inst/PS7_i/FCLKCLK[0]
                         net (fo=1, routed)           1.088     1.088    zynq/zynq_i/processing_system7_0/inst/FCLK_CLK_unbuffered[0]
    BUFGCTRL_X0Y16       BUFG (Prop_bufg_I_O)         0.091     1.179 r  zynq/zynq_i/processing_system7_0/inst/buffer_fclk_clk_0.FCLK_CLK_0_BUFG/O
                         net (fo=976, routed)         1.479     2.658    zynq/zynq_i/axi_gpio_0/U0/gpio_core_1/Dual.INPUT_DOUBLE_REGS5/dest_clk
    SLICE_X39Y93         FDRE                                         r  zynq/zynq_i/axi_gpio_0/U0/gpio_core_1/Dual.INPUT_DOUBLE_REGS5/syncstages_ff_reg[0][9]/C





Min Delay Paths
--------------------------------------------------------------------------------------
Slack:                    inf
  Source:                 inst_racine_carree/xk_reg[3]/C
                            (rising edge-triggered cell FDCE)
  Destination:            zynq/zynq_i/axi_gpio_0/U0/gpio_core_1/Dual.INPUT_DOUBLE_REGS5/syncstages_ff_reg[0][3]/D
                            (rising edge-triggered cell FDRE clocked by clk_fpga_0  {rise@0.000ns fall@5.000ns period=10.000ns})
  Path Group:             (none)
  Path Type:              Hold (Min at Fast Process Corner)
  Data Path Delay:        0.280ns  (logic 0.141ns (50.440%)  route 0.139ns (49.560%))
  Logic Levels:           1  (FDCE=1)
  Clock Uncertainty:      0.152ns  ((TSJ^2 + TIJ^2)^1/2 + DJ) / 2 + PE
    Total System Jitter     (TSJ):    0.050ns
    Total Input Jitter      (TIJ):    0.300ns
    Discrete Jitter          (DJ):    0.000ns
    Phase Error              (PE):    0.000ns
  Timing Exception:       False Path

    Location             Delay type                Incr(ns)  Path(ns)    Netlist Resource(s)
  -------------------------------------------------------------------    -------------------
    SLICE_X39Y87         FDCE                         0.000     0.000 r  inst_racine_carree/xk_reg[3]/C
    SLICE_X39Y87         FDCE (Prop_fdce_C_Q)         0.141     0.141 r  inst_racine_carree/xk_reg[3]/Q
                         net (fo=94, routed)          0.139     0.280    zynq/zynq_i/axi_gpio_0/U0/gpio_core_1/Dual.INPUT_DOUBLE_REGS5/async_path_bit[3]
    SLICE_X39Y86         FDRE                                         r  zynq/zynq_i/axi_gpio_0/U0/gpio_core_1/Dual.INPUT_DOUBLE_REGS5/syncstages_ff_reg[0][3]/D
  -------------------------------------------------------------------    -------------------

                         (clock clk_fpga_0 rise edge)
                                                      0.000     0.000 r  
    PS7_X0Y0             PS7                          0.000     0.000 r  zynq/zynq_i/processing_system7_0/inst/PS7_i/FCLKCLK[0]
                         net (fo=1, routed)           0.337     0.337    zynq/zynq_i/processing_system7_0/inst/FCLK_CLK_unbuffered[0]
    BUFGCTRL_X0Y16       BUFG (Prop_bufg_I_O)         0.029     0.366 r  zynq/zynq_i/processing_system7_0/inst/buffer_fclk_clk_0.FCLK_CLK_0_BUFG/O
                         net (fo=976, routed)         0.819     1.185    zynq/zynq_i/axi_gpio_0/U0/gpio_core_1/Dual.INPUT_DOUBLE_REGS5/dest_clk
    SLICE_X39Y86         FDRE                                         r  zynq/zynq_i/axi_gpio_0/U0/gpio_core_1/Dual.INPUT_DOUBLE_REGS5/syncstages_ff_reg[0][3]/C

Slack:                    inf
  Source:                 inst_racine_carree/xk_reg[12]/C
                            (rising edge-triggered cell FDCE)
  Destination:            zynq/zynq_i/axi_gpio_0/U0/gpio_core_1/Dual.INPUT_DOUBLE_REGS5/syncstages_ff_reg[0][12]/D
                            (rising edge-triggered cell FDRE clocked by clk_fpga_0  {rise@0.000ns fall@5.000ns period=10.000ns})
  Path Group:             (none)
  Path Type:              Hold (Min at Fast Process Corner)
  Data Path Delay:        0.387ns  (logic 0.128ns (33.115%)  route 0.259ns (66.885%))
  Logic Levels:           1  (FDCE=1)
  Clock Uncertainty:      0.152ns  ((TSJ^2 + TIJ^2)^1/2 + DJ) / 2 + PE
    Total System Jitter     (TSJ):    0.050ns
    Total Input Jitter      (TIJ):    0.300ns
    Discrete Jitter          (DJ):    0.000ns
    Phase Error              (PE):    0.000ns
  Timing Exception:       False Path

    Location             Delay type                Incr(ns)  Path(ns)    Netlist Resource(s)
  -------------------------------------------------------------------    -------------------
    SLICE_X39Y89         FDCE                         0.000     0.000 r  inst_racine_carree/xk_reg[12]/C
    SLICE_X39Y89         FDCE (Prop_fdce_C_Q)         0.128     0.128 r  inst_racine_carree/xk_reg[12]/Q
                         net (fo=20, routed)          0.259     0.387    zynq/zynq_i/axi_gpio_0/U0/gpio_core_1/Dual.INPUT_DOUBLE_REGS5/async_path_bit[12]
    SLICE_X39Y94         FDRE                                         r  zynq/zynq_i/axi_gpio_0/U0/gpio_core_1/Dual.INPUT_DOUBLE_REGS5/syncstages_ff_reg[0][12]/D
  -------------------------------------------------------------------    -------------------

                         (clock clk_fpga_0 rise edge)
                                                      0.000     0.000 r  
    PS7_X0Y0             PS7                          0.000     0.000 r  zynq/zynq_i/processing_system7_0/inst/PS7_i/FCLKCLK[0]
                         net (fo=1, routed)           0.337     0.337    zynq/zynq_i/processing_system7_0/inst/FCLK_CLK_unbuffered[0]
    BUFGCTRL_X0Y16       BUFG (Prop_bufg_I_O)         0.029     0.366 r  zynq/zynq_i/processing_system7_0/inst/buffer_fclk_clk_0.FCLK_CLK_0_BUFG/O
                         net (fo=976, routed)         0.824     1.190    zynq/zynq_i/axi_gpio_0/U0/gpio_core_1/Dual.INPUT_DOUBLE_REGS5/dest_clk
    SLICE_X39Y94         FDRE                                         r  zynq/zynq_i/axi_gpio_0/U0/gpio_core_1/Dual.INPUT_DOUBLE_REGS5/syncstages_ff_reg[0][12]/C

Slack:                    inf
  Source:                 inst_racine_carree/xk_reg[2]/C
                            (rising edge-triggered cell FDCE)
  Destination:            zynq/zynq_i/axi_gpio_0/U0/gpio_core_1/Dual.INPUT_DOUBLE_REGS5/syncstages_ff_reg[0][2]/D
                            (rising edge-triggered cell FDRE clocked by clk_fpga_0  {rise@0.000ns fall@5.000ns period=10.000ns})
  Path Group:             (none)
  Path Type:              Hold (Min at Fast Process Corner)
  Data Path Delay:        0.424ns  (logic 0.128ns (30.214%)  route 0.296ns (69.786%))
  Logic Levels:           1  (FDCE=1)
  Clock Uncertainty:      0.152ns  ((TSJ^2 + TIJ^2)^1/2 + DJ) / 2 + PE
    Total System Jitter     (TSJ):    0.050ns
    Total Input Jitter      (TIJ):    0.300ns
    Discrete Jitter          (DJ):    0.000ns
    Phase Error              (PE):    0.000ns
  Timing Exception:       False Path

    Location             Delay type                Incr(ns)  Path(ns)    Netlist Resource(s)
  -------------------------------------------------------------------    -------------------
    SLICE_X39Y87         FDCE                         0.000     0.000 r  inst_racine_carree/xk_reg[2]/C
    SLICE_X39Y87         FDCE (Prop_fdce_C_Q)         0.128     0.128 r  inst_racine_carree/xk_reg[2]/Q
                         net (fo=82, routed)          0.296     0.424    zynq/zynq_i/axi_gpio_0/U0/gpio_core_1/Dual.INPUT_DOUBLE_REGS5/async_path_bit[2]
    SLICE_X36Y85         FDRE                                         r  zynq/zynq_i/axi_gpio_0/U0/gpio_core_1/Dual.INPUT_DOUBLE_REGS5/syncstages_ff_reg[0][2]/D
  -------------------------------------------------------------------    -------------------

                         (clock clk_fpga_0 rise edge)
                                                      0.000     0.000 r  
    PS7_X0Y0             PS7                          0.000     0.000 r  zynq/zynq_i/processing_system7_0/inst/PS7_i/FCLKCLK[0]
                         net (fo=1, routed)           0.337     0.337    zynq/zynq_i/processing_system7_0/inst/FCLK_CLK_unbuffered[0]
    BUFGCTRL_X0Y16       BUFG (Prop_bufg_I_O)         0.029     0.366 r  zynq/zynq_i/processing_system7_0/inst/buffer_fclk_clk_0.FCLK_CLK_0_BUFG/O
                         net (fo=976, routed)         0.819     1.185    zynq/zynq_i/axi_gpio_0/U0/gpio_core_1/Dual.INPUT_DOUBLE_REGS5/dest_clk
    SLICE_X36Y85         FDRE                                         r  zynq/zynq_i/axi_gpio_0/U0/gpio_core_1/Dual.INPUT_DOUBLE_REGS5/syncstages_ff_reg[0][2]/C

Slack:                    inf
  Source:                 inst_racine_carree/xk_reg[0]/C
                            (rising edge-triggered cell FDCE)
  Destination:            zynq/zynq_i/axi_gpio_0/U0/gpio_core_1/Dual.INPUT_DOUBLE_REGS5/syncstages_ff_reg[0][0]/D
                            (rising edge-triggered cell FDRE clocked by clk_fpga_0  {rise@0.000ns fall@5.000ns period=10.000ns})
  Path Group:             (none)
  Path Type:              Hold (Min at Fast Process Corner)
  Data Path Delay:        0.428ns  (logic 0.141ns (32.951%)  route 0.287ns (67.049%))
  Logic Levels:           1  (FDCE=1)
  Clock Uncertainty:      0.152ns  ((TSJ^2 + TIJ^2)^1/2 + DJ) / 2 + PE
    Total System Jitter     (TSJ):    0.050ns
    Total Input Jitter      (TIJ):    0.300ns
    Discrete Jitter          (DJ):    0.000ns
    Phase Error              (PE):    0.000ns
  Timing Exception:       False Path

    Location             Delay type                Incr(ns)  Path(ns)    Netlist Resource(s)
  -------------------------------------------------------------------    -------------------
    SLICE_X39Y87         FDCE                         0.000     0.000 r  inst_racine_carree/xk_reg[0]/C
    SLICE_X39Y87         FDCE (Prop_fdce_C_Q)         0.141     0.141 r  inst_racine_carree/xk_reg[0]/Q
                         net (fo=76, routed)          0.287     0.428    zynq/zynq_i/axi_gpio_0/U0/gpio_core_1/Dual.INPUT_DOUBLE_REGS5/async_path_bit[0]
    SLICE_X37Y85         FDRE                                         r  zynq/zynq_i/axi_gpio_0/U0/gpio_core_1/Dual.INPUT_DOUBLE_REGS5/syncstages_ff_reg[0][0]/D
  -------------------------------------------------------------------    -------------------

                         (clock clk_fpga_0 rise edge)
                                                      0.000     0.000 r  
    PS7_X0Y0             PS7                          0.000     0.000 r  zynq/zynq_i/processing_system7_0/inst/PS7_i/FCLKCLK[0]
                         net (fo=1, routed)           0.337     0.337    zynq/zynq_i/processing_system7_0/inst/FCLK_CLK_unbuffered[0]
    BUFGCTRL_X0Y16       BUFG (Prop_bufg_I_O)         0.029     0.366 r  zynq/zynq_i/processing_system7_0/inst/buffer_fclk_clk_0.FCLK_CLK_0_BUFG/O
                         net (fo=976, routed)         0.819     1.185    zynq/zynq_i/axi_gpio_0/U0/gpio_core_1/Dual.INPUT_DOUBLE_REGS5/dest_clk
    SLICE_X37Y85         FDRE                                         r  zynq/zynq_i/axi_gpio_0/U0/gpio_core_1/Dual.INPUT_DOUBLE_REGS5/syncstages_ff_reg[0][0]/C

Slack:                    inf
  Source:                 inst_racine_carree/xk_reg[1]/C
                            (rising edge-triggered cell FDCE)
  Destination:            zynq/zynq_i/axi_gpio_0/U0/gpio_core_1/Dual.INPUT_DOUBLE_REGS5/syncstages_ff_reg[0][1]/D
                            (rising edge-triggered cell FDRE clocked by clk_fpga_0  {rise@0.000ns fall@5.000ns period=10.000ns})
  Path Group:             (none)
  Path Type:              Hold (Min at Fast Process Corner)
  Data Path Delay:        0.494ns  (logic 0.141ns (28.532%)  route 0.353ns (71.468%))
  Logic Levels:           1  (FDCE=1)
  Clock Uncertainty:      0.152ns  ((TSJ^2 + TIJ^2)^1/2 + DJ) / 2 + PE
    Total System Jitter     (TSJ):    0.050ns
    Total Input Jitter      (TIJ):    0.300ns
    Discrete Jitter          (DJ):    0.000ns
    Phase Error              (PE):    0.000ns
  Timing Exception:       False Path

    Location             Delay type                Incr(ns)  Path(ns)    Netlist Resource(s)
  -------------------------------------------------------------------    -------------------
    SLICE_X39Y87         FDCE                         0.000     0.000 r  inst_racine_carree/xk_reg[1]/C
    SLICE_X39Y87         FDCE (Prop_fdce_C_Q)         0.141     0.141 r  inst_racine_carree/xk_reg[1]/Q
                         net (fo=78, routed)          0.353     0.494    zynq/zynq_i/axi_gpio_0/U0/gpio_core_1/Dual.INPUT_DOUBLE_REGS5/async_path_bit[1]
    SLICE_X35Y86         FDRE                                         r  zynq/zynq_i/axi_gpio_0/U0/gpio_core_1/Dual.INPUT_DOUBLE_REGS5/syncstages_ff_reg[0][1]/D
  -------------------------------------------------------------------    -------------------

                         (clock clk_fpga_0 rise edge)
                                                      0.000     0.000 r  
    PS7_X0Y0             PS7                          0.000     0.000 r  zynq/zynq_i/processing_system7_0/inst/PS7_i/FCLKCLK[0]
                         net (fo=1, routed)           0.337     0.337    zynq/zynq_i/processing_system7_0/inst/FCLK_CLK_unbuffered[0]
    BUFGCTRL_X0Y16       BUFG (Prop_bufg_I_O)         0.029     0.366 r  zynq/zynq_i/processing_system7_0/inst/buffer_fclk_clk_0.FCLK_CLK_0_BUFG/O
                         net (fo=976, routed)         0.820     1.186    zynq/zynq_i/axi_gpio_0/U0/gpio_core_1/Dual.INPUT_DOUBLE_REGS5/dest_clk
    SLICE_X35Y86         FDRE                                         r  zynq/zynq_i/axi_gpio_0/U0/gpio_core_1/Dual.INPUT_DOUBLE_REGS5/syncstages_ff_reg[0][1]/C

Slack:                    inf
  Source:                 inst_racine_carree/xk_reg[11]/C
                            (rising edge-triggered cell FDCE)
  Destination:            zynq/zynq_i/axi_gpio_0/U0/gpio_core_1/Dual.INPUT_DOUBLE_REGS5/syncstages_ff_reg[0][11]/D
                            (rising edge-triggered cell FDRE clocked by clk_fpga_0  {rise@0.000ns fall@5.000ns period=10.000ns})
  Path Group:             (none)
  Path Type:              Hold (Min at Fast Process Corner)
  Data Path Delay:        0.524ns  (logic 0.141ns (26.910%)  route 0.383ns (73.090%))
  Logic Levels:           1  (FDCE=1)
  Clock Uncertainty:      0.152ns  ((TSJ^2 + TIJ^2)^1/2 + DJ) / 2 + PE
    Total System Jitter     (TSJ):    0.050ns
    Total Input Jitter      (TIJ):    0.300ns
    Discrete Jitter          (DJ):    0.000ns
    Phase Error              (PE):    0.000ns
  Timing Exception:       False Path

    Location             Delay type                Incr(ns)  Path(ns)    Netlist Resource(s)
  -------------------------------------------------------------------    -------------------
    SLICE_X39Y89         FDCE                         0.000     0.000 r  inst_racine_carree/xk_reg[11]/C
    SLICE_X39Y89         FDCE (Prop_fdce_C_Q)         0.141     0.141 r  inst_racine_carree/xk_reg[11]/Q
                         net (fo=23, routed)          0.383     0.524    zynq/zynq_i/axi_gpio_0/U0/gpio_core_1/Dual.INPUT_DOUBLE_REGS5/async_path_bit[11]
    SLICE_X40Y92         FDRE                                         r  zynq/zynq_i/axi_gpio_0/U0/gpio_core_1/Dual.INPUT_DOUBLE_REGS5/syncstages_ff_reg[0][11]/D
  -------------------------------------------------------------------    -------------------

                         (clock clk_fpga_0 rise edge)
                                                      0.000     0.000 r  
    PS7_X0Y0             PS7                          0.000     0.000 r  zynq/zynq_i/processing_system7_0/inst/PS7_i/FCLKCLK[0]
                         net (fo=1, routed)           0.337     0.337    zynq/zynq_i/processing_system7_0/inst/FCLK_CLK_unbuffered[0]
    BUFGCTRL_X0Y16       BUFG (Prop_bufg_I_O)         0.029     0.366 r  zynq/zynq_i/processing_system7_0/inst/buffer_fclk_clk_0.FCLK_CLK_0_BUFG/O
                         net (fo=976, routed)         0.823     1.189    zynq/zynq_i/axi_gpio_0/U0/gpio_core_1/Dual.INPUT_DOUBLE_REGS5/dest_clk
    SLICE_X40Y92         FDRE                                         r  zynq/zynq_i/axi_gpio_0/U0/gpio_core_1/Dual.INPUT_DOUBLE_REGS5/syncstages_ff_reg[0][11]/C

Slack:                    inf
  Source:                 inst_racine_carree/xk_reg[9]/C
                            (rising edge-triggered cell FDCE)
  Destination:            zynq/zynq_i/axi_gpio_0/U0/gpio_core_1/Dual.INPUT_DOUBLE_REGS5/syncstages_ff_reg[0][9]/D
                            (rising edge-triggered cell FDRE clocked by clk_fpga_0  {rise@0.000ns fall@5.000ns period=10.000ns})
  Path Group:             (none)
  Path Type:              Hold (Min at Fast Process Corner)
  Data Path Delay:        0.564ns  (logic 0.128ns (22.688%)  route 0.436ns (77.312%))
  Logic Levels:           1  (FDCE=1)
  Clock Uncertainty:      0.152ns  ((TSJ^2 + TIJ^2)^1/2 + DJ) / 2 + PE
    Total System Jitter     (TSJ):    0.050ns
    Total Input Jitter      (TIJ):    0.300ns
    Discrete Jitter          (DJ):    0.000ns
    Phase Error              (PE):    0.000ns
  Timing Exception:       False Path

    Location             Delay type                Incr(ns)  Path(ns)    Netlist Resource(s)
  -------------------------------------------------------------------    -------------------
    SLICE_X39Y88         FDCE                         0.000     0.000 r  inst_racine_carree/xk_reg[9]/C
    SLICE_X39Y88         FDCE (Prop_fdce_C_Q)         0.128     0.128 r  inst_racine_carree/xk_reg[9]/Q
                         net (fo=40, routed)          0.436     0.564    zynq/zynq_i/axi_gpio_0/U0/gpio_core_1/Dual.INPUT_DOUBLE_REGS5/async_path_bit[9]
    SLICE_X39Y93         FDRE                                         r  zynq/zynq_i/axi_gpio_0/U0/gpio_core_1/Dual.INPUT_DOUBLE_REGS5/syncstages_ff_reg[0][9]/D
  -------------------------------------------------------------------    -------------------

                         (clock clk_fpga_0 rise edge)
                                                      0.000     0.000 r  
    PS7_X0Y0             PS7                          0.000     0.000 r  zynq/zynq_i/processing_system7_0/inst/PS7_i/FCLKCLK[0]
                         net (fo=1, routed)           0.337     0.337    zynq/zynq_i/processing_system7_0/inst/FCLK_CLK_unbuffered[0]
    BUFGCTRL_X0Y16       BUFG (Prop_bufg_I_O)         0.029     0.366 r  zynq/zynq_i/processing_system7_0/inst/buffer_fclk_clk_0.FCLK_CLK_0_BUFG/O
                         net (fo=976, routed)         0.824     1.190    zynq/zynq_i/axi_gpio_0/U0/gpio_core_1/Dual.INPUT_DOUBLE_REGS5/dest_clk
    SLICE_X39Y93         FDRE                                         r  zynq/zynq_i/axi_gpio_0/U0/gpio_core_1/Dual.INPUT_DOUBLE_REGS5/syncstages_ff_reg[0][9]/C

Slack:                    inf
  Source:                 inst_racine_carree/xk_reg[13]/C
                            (rising edge-triggered cell FDCE)
  Destination:            zynq/zynq_i/axi_gpio_0/U0/gpio_core_1/Dual.INPUT_DOUBLE_REGS5/syncstages_ff_reg[0][13]/D
                            (rising edge-triggered cell FDRE clocked by clk_fpga_0  {rise@0.000ns fall@5.000ns period=10.000ns})
  Path Group:             (none)
  Path Type:              Hold (Min at Fast Process Corner)
  Data Path Delay:        0.565ns  (logic 0.141ns (24.956%)  route 0.424ns (75.044%))
  Logic Levels:           1  (FDCE=1)
  Clock Uncertainty:      0.152ns  ((TSJ^2 + TIJ^2)^1/2 + DJ) / 2 + PE
    Total System Jitter     (TSJ):    0.050ns
    Total Input Jitter      (TIJ):    0.300ns
    Discrete Jitter          (DJ):    0.000ns
    Phase Error              (PE):    0.000ns
  Timing Exception:       False Path

    Location             Delay type                Incr(ns)  Path(ns)    Netlist Resource(s)
  -------------------------------------------------------------------    -------------------
    SLICE_X39Y89         FDCE                         0.000     0.000 r  inst_racine_carree/xk_reg[13]/C
    SLICE_X39Y89         FDCE (Prop_fdce_C_Q)         0.141     0.141 r  inst_racine_carree/xk_reg[13]/Q
                         net (fo=19, routed)          0.424     0.565    zynq/zynq_i/axi_gpio_0/U0/gpio_core_1/Dual.INPUT_DOUBLE_REGS5/async_path_bit[13]
    SLICE_X38Y93         FDRE                                         r  zynq/zynq_i/axi_gpio_0/U0/gpio_core_1/Dual.INPUT_DOUBLE_REGS5/syncstages_ff_reg[0][13]/D
  -------------------------------------------------------------------    -------------------

                         (clock clk_fpga_0 rise edge)
                                                      0.000     0.000 r  
    PS7_X0Y0             PS7                          0.000     0.000 r  zynq/zynq_i/processing_system7_0/inst/PS7_i/FCLKCLK[0]
                         net (fo=1, routed)           0.337     0.337    zynq/zynq_i/processing_system7_0/inst/FCLK_CLK_unbuffered[0]
    BUFGCTRL_X0Y16       BUFG (Prop_bufg_I_O)         0.029     0.366 r  zynq/zynq_i/processing_system7_0/inst/buffer_fclk_clk_0.FCLK_CLK_0_BUFG/O
                         net (fo=976, routed)         0.824     1.190    zynq/zynq_i/axi_gpio_0/U0/gpio_core_1/Dual.INPUT_DOUBLE_REGS5/dest_clk
    SLICE_X38Y93         FDRE                                         r  zynq/zynq_i/axi_gpio_0/U0/gpio_core_1/Dual.INPUT_DOUBLE_REGS5/syncstages_ff_reg[0][13]/C

Slack:                    inf
  Source:                 inst_racine_carree/xk_reg[14]/C
                            (rising edge-triggered cell FDCE)
  Destination:            zynq/zynq_i/axi_gpio_0/U0/gpio_core_1/Dual.INPUT_DOUBLE_REGS5/syncstages_ff_reg[0][14]/D
                            (rising edge-triggered cell FDRE clocked by clk_fpga_0  {rise@0.000ns fall@5.000ns period=10.000ns})
  Path Group:             (none)
  Path Type:              Hold (Min at Fast Process Corner)
  Data Path Delay:        0.597ns  (logic 0.128ns (21.455%)  route 0.469ns (78.545%))
  Logic Levels:           1  (FDCE=1)
  Clock Uncertainty:      0.152ns  ((TSJ^2 + TIJ^2)^1/2 + DJ) / 2 + PE
    Total System Jitter     (TSJ):    0.050ns
    Total Input Jitter      (TIJ):    0.300ns
    Discrete Jitter          (DJ):    0.000ns
    Phase Error              (PE):    0.000ns
  Timing Exception:       False Path

    Location             Delay type                Incr(ns)  Path(ns)    Netlist Resource(s)
  -------------------------------------------------------------------    -------------------
    SLICE_X39Y89         FDCE                         0.000     0.000 r  inst_racine_carree/xk_reg[14]/C
    SLICE_X39Y89         FDCE (Prop_fdce_C_Q)         0.128     0.128 r  inst_racine_carree/xk_reg[14]/Q
                         net (fo=19, routed)          0.469     0.597    zynq/zynq_i/axi_gpio_0/U0/gpio_core_1/Dual.INPUT_DOUBLE_REGS5/async_path_bit[14]
    SLICE_X40Y96         FDRE                                         r  zynq/zynq_i/axi_gpio_0/U0/gpio_core_1/Dual.INPUT_DOUBLE_REGS5/syncstages_ff_reg[0][14]/D
  -------------------------------------------------------------------    -------------------

                         (clock clk_fpga_0 rise edge)
                                                      0.000     0.000 r  
    PS7_X0Y0             PS7                          0.000     0.000 r  zynq/zynq_i/processing_system7_0/inst/PS7_i/FCLKCLK[0]
                         net (fo=1, routed)           0.337     0.337    zynq/zynq_i/processing_system7_0/inst/FCLK_CLK_unbuffered[0]
    BUFGCTRL_X0Y16       BUFG (Prop_bufg_I_O)         0.029     0.366 r  zynq/zynq_i/processing_system7_0/inst/buffer_fclk_clk_0.FCLK_CLK_0_BUFG/O
                         net (fo=976, routed)         0.824     1.190    zynq/zynq_i/axi_gpio_0/U0/gpio_core_1/Dual.INPUT_DOUBLE_REGS5/dest_clk
    SLICE_X40Y96         FDRE                                         r  zynq/zynq_i/axi_gpio_0/U0/gpio_core_1/Dual.INPUT_DOUBLE_REGS5/syncstages_ff_reg[0][14]/C

Slack:                    inf
  Source:                 inst_racine_carree/xk_reg[7]/C
                            (rising edge-triggered cell FDCE)
  Destination:            zynq/zynq_i/axi_gpio_0/U0/gpio_core_1/Dual.INPUT_DOUBLE_REGS5/syncstages_ff_reg[0][7]/D
                            (rising edge-triggered cell FDRE clocked by clk_fpga_0  {rise@0.000ns fall@5.000ns period=10.000ns})
  Path Group:             (none)
  Path Type:              Hold (Min at Fast Process Corner)
  Data Path Delay:        0.634ns  (logic 0.141ns (22.241%)  route 0.493ns (77.759%))
  Logic Levels:           1  (FDCE=1)
  Clock Uncertainty:      0.152ns  ((TSJ^2 + TIJ^2)^1/2 + DJ) / 2 + PE
    Total System Jitter     (TSJ):    0.050ns
    Total Input Jitter      (TIJ):    0.300ns
    Discrete Jitter          (DJ):    0.000ns
    Phase Error              (PE):    0.000ns
  Timing Exception:       False Path

    Location             Delay type                Incr(ns)  Path(ns)    Netlist Resource(s)
  -------------------------------------------------------------------    -------------------
    SLICE_X39Y88         FDCE                         0.000     0.000 r  inst_racine_carree/xk_reg[7]/C
    SLICE_X39Y88         FDCE (Prop_fdce_C_Q)         0.141     0.141 r  inst_racine_carree/xk_reg[7]/Q
                         net (fo=28, routed)          0.493     0.634    zynq/zynq_i/axi_gpio_0/U0/gpio_core_1/Dual.INPUT_DOUBLE_REGS5/async_path_bit[7]
    SLICE_X39Y92         FDRE                                         r  zynq/zynq_i/axi_gpio_0/U0/gpio_core_1/Dual.INPUT_DOUBLE_REGS5/syncstages_ff_reg[0][7]/D
  -------------------------------------------------------------------    -------------------

                         (clock clk_fpga_0 rise edge)
                                                      0.000     0.000 r  
    PS7_X0Y0             PS7                          0.000     0.000 r  zynq/zynq_i/processing_system7_0/inst/PS7_i/FCLKCLK[0]
                         net (fo=1, routed)           0.337     0.337    zynq/zynq_i/processing_system7_0/inst/FCLK_CLK_unbuffered[0]
    BUFGCTRL_X0Y16       BUFG (Prop_bufg_I_O)         0.029     0.366 r  zynq/zynq_i/processing_system7_0/inst/buffer_fclk_clk_0.FCLK_CLK_0_BUFG/O
                         net (fo=976, routed)         0.823     1.189    zynq/zynq_i/axi_gpio_0/U0/gpio_core_1/Dual.INPUT_DOUBLE_REGS5/dest_clk
    SLICE_X39Y92         FDRE                                         r  zynq/zynq_i/axi_gpio_0/U0/gpio_core_1/Dual.INPUT_DOUBLE_REGS5/syncstages_ff_reg[0][7]/C





--------------------------------------------------------------------------------------
Path Group:  (none)
From Clock:  
  To Clock:  

Max Delay           139 Endpoints
Min Delay           139 Endpoints
--------------------------------------------------------------------------------------


Max Delay Paths
--------------------------------------------------------------------------------------
Slack:                    inf
  Source:                 inst_racine_carree/xk_reg[6]/C
                            (rising edge-triggered cell FDCE)
  Destination:            inst_racine_carree/xk_reg[14]/D
  Path Group:             (none)
  Path Type:              Max at Slow Process Corner
  Data Path Delay:        22.367ns  (logic 9.542ns (42.662%)  route 12.825ns (57.338%))
  Logic Levels:           22  (CARRY4=8 DSP48E1=2 FDCE=1 LUT2=1 LUT4=2 LUT5=4 LUT6=4)

    Location             Delay type                Incr(ns)  Path(ns)    Netlist Resource(s)
  -------------------------------------------------------------------    -------------------
    SLICE_X39Y87         FDCE                         0.000     0.000 r  inst_racine_carree/xk_reg[6]/C
    SLICE_X39Y87         FDCE (Prop_fdce_C_Q)         0.419     0.419 r  inst_racine_carree/xk_reg[6]/Q
                         net (fo=73, routed)          2.661     3.080    inst_racine_carree/diviseur/arg_5[6]
    SLICE_X44Y92         LUT6 (Prop_lut6_I5_O)        0.299     3.379 r  inst_racine_carree/diviseur/arg_i_111/O
                         net (fo=1, routed)           0.879     4.258    inst_racine_carree/diviseur/arg_i_111_n_0
    SLICE_X44Y92         LUT5 (Prop_lut5_I0_O)        0.124     4.382 r  inst_racine_carree/diviseur/arg_i_85/O
                         net (fo=1, routed)           0.643     5.025    inst_racine_carree/diviseur/arg_i_85_n_0
    SLICE_X44Y91         LUT6 (Prop_lut6_I5_O)        0.124     5.149 r  inst_racine_carree/diviseur/arg_i_56/O
                         net (fo=1, routed)           0.832     5.981    inst_racine_carree/diviseur/arg_i_56_n_0
    SLICE_X42Y90         LUT5 (Prop_lut5_I2_O)        0.124     6.105 r  inst_racine_carree/diviseur/arg_i_28/O
                         net (fo=1, routed)           0.412     6.517    inst_racine_carree/diviseur/arg_i_28_n_0
    SLICE_X41Y91         LUT5 (Prop_lut5_I3_O)        0.124     6.641 r  inst_racine_carree/diviseur/arg_i_12/O
                         net (fo=1, routed)           0.901     7.543    inst_racine_carree/diviseur/arg_i_12_n_0
    DSP48_X2Y34          DSP48E1 (Prop_dsp48e1_B[2]_PCOUT[47])
                                                      3.851    11.394 r  inst_racine_carree/diviseur/arg/PCOUT[47]
                         net (fo=1, routed)           0.002    11.396    inst_racine_carree/diviseur/arg_n_106
    DSP48_X2Y35          DSP48E1 (Prop_dsp48e1_PCIN[47]_P[20])
                                                      1.518    12.914 r  inst_racine_carree/diviseur/arg__0/P[20]
                         net (fo=1, routed)           1.010    13.923    inst_racine_carree/diviseur/arg__1[37]
    SLICE_X35Y86         LUT4 (Prop_lut4_I1_O)        0.124    14.047 r  inst_racine_carree/diviseur/plusOp_carry_i_8/O
                         net (fo=1, routed)           0.949    14.996    inst_racine_carree/diviseur/plusOp_carry_i_8_n_0
    SLICE_X35Y88         LUT6 (Prop_lut6_I0_O)        0.124    15.120 r  inst_racine_carree/diviseur/plusOp_carry_i_6/O
                         net (fo=19, routed)          1.087    16.207    inst_racine_carree/diviseur/arg__0_0
    SLICE_X36Y86         LUT4 (Prop_lut4_I0_O)        0.124    16.331 r  inst_racine_carree/diviseur/plusOp_carry_i_1/O
                         net (fo=1, routed)           0.663    16.994    inst_racine_carree/diviseur_n_48
    SLICE_X37Y86         CARRY4 (Prop_carry4_CYINIT_CO[3])
                                                      0.580    17.574 r  inst_racine_carree/plusOp_carry/CO[3]
                         net (fo=1, routed)           0.000    17.574    inst_racine_carree/plusOp_carry_n_0
    SLICE_X37Y87         CARRY4 (Prop_carry4_CI_CO[3])
                                                      0.114    17.688 r  inst_racine_carree/plusOp_carry__0/CO[3]
                         net (fo=1, routed)           0.000    17.688    inst_racine_carree/plusOp_carry__0_n_0
    SLICE_X37Y88         CARRY4 (Prop_carry4_CI_CO[3])
                                                      0.114    17.802 r  inst_racine_carree/plusOp_carry__1/CO[3]
                         net (fo=1, routed)           0.000    17.802    inst_racine_carree/plusOp_carry__1_n_0
    SLICE_X37Y89         CARRY4 (Prop_carry4_CI_CO[3])
                                                      0.114    17.916 r  inst_racine_carree/plusOp_carry__2/CO[3]
                         net (fo=2, routed)           1.086    19.002    inst_racine_carree/diviseur/CO[0]
    SLICE_X39Y88         LUT6 (Prop_lut6_I5_O)        0.124    19.126 r  inst_racine_carree/diviseur/xk[14]_i_10/O
                         net (fo=15, routed)          1.041    20.167    inst_racine_carree/diviseur_n_1
    SLICE_X38Y86         LUT5 (Prop_lut5_I4_O)        0.124    20.291 r  inst_racine_carree/xk[2]_i_5/O
                         net (fo=1, routed)           0.000    20.291    inst_racine_carree/diviseur/S[1]
    SLICE_X38Y86         CARRY4 (Prop_carry4_S[1]_CO[3])
                                                      0.533    20.824 r  inst_racine_carree/diviseur/xk_reg[2]_i_2/CO[3]
                         net (fo=1, routed)           0.000    20.824    inst_racine_carree/diviseur/xk_reg[2]_i_2_n_0
    SLICE_X38Y87         CARRY4 (Prop_carry4_CI_CO[3])
                                                      0.117    20.941 r  inst_racine_carree/diviseur/xk_reg[6]_i_2/CO[3]
                         net (fo=1, routed)           0.000    20.941    inst_racine_carree/diviseur/xk_reg[6]_i_2_n_0
    SLICE_X38Y88         CARRY4 (Prop_carry4_CI_CO[3])
                                                      0.117    21.058 r  inst_racine_carree/diviseur/xk_reg[10]_i_2/CO[3]
                         net (fo=1, routed)           0.000    21.058    inst_racine_carree/diviseur/xk_reg[10]_i_2_n_0
    SLICE_X38Y89         CARRY4 (Prop_carry4_CI_O[3])
                                                      0.315    21.373 r  inst_racine_carree/diviseur/xk_reg[14]_i_4/O[3]
                         net (fo=1, routed)           0.658    22.032    inst_racine_carree/diviseur/ARG[15]
    SLICE_X39Y89         LUT2 (Prop_lut2_I1_O)        0.335    22.367 r  inst_racine_carree/diviseur/xk[14]_i_2/O
                         net (fo=1, routed)           0.000    22.367    inst_racine_carree/xk[14]
    SLICE_X39Y89         FDCE                                         r  inst_racine_carree/xk_reg[14]/D
  -------------------------------------------------------------------    -------------------

Slack:                    inf
  Source:                 inst_racine_carree/xk_reg[6]/C
                            (rising edge-triggered cell FDCE)
  Destination:            inst_racine_carree/xk_reg[12]/D
  Path Group:             (none)
  Path Type:              Max at Slow Process Corner
  Data Path Delay:        22.292ns  (logic 9.547ns (42.826%)  route 12.745ns (57.174%))
  Logic Levels:           22  (CARRY4=8 DSP48E1=2 FDCE=1 LUT2=1 LUT4=2 LUT5=4 LUT6=4)

    Location             Delay type                Incr(ns)  Path(ns)    Netlist Resource(s)
  -------------------------------------------------------------------    -------------------
    SLICE_X39Y87         FDCE                         0.000     0.000 r  inst_racine_carree/xk_reg[6]/C
    SLICE_X39Y87         FDCE (Prop_fdce_C_Q)         0.419     0.419 r  inst_racine_carree/xk_reg[6]/Q
                         net (fo=73, routed)          2.661     3.080    inst_racine_carree/diviseur/arg_5[6]
    SLICE_X44Y92         LUT6 (Prop_lut6_I5_O)        0.299     3.379 r  inst_racine_carree/diviseur/arg_i_111/O
                         net (fo=1, routed)           0.879     4.258    inst_racine_carree/diviseur/arg_i_111_n_0
    SLICE_X44Y92         LUT5 (Prop_lut5_I0_O)        0.124     4.382 r  inst_racine_carree/diviseur/arg_i_85/O
                         net (fo=1, routed)           0.643     5.025    inst_racine_carree/diviseur/arg_i_85_n_0
    SLICE_X44Y91         LUT6 (Prop_lut6_I5_O)        0.124     5.149 r  inst_racine_carree/diviseur/arg_i_56/O
                         net (fo=1, routed)           0.832     5.981    inst_racine_carree/diviseur/arg_i_56_n_0
    SLICE_X42Y90         LUT5 (Prop_lut5_I2_O)        0.124     6.105 r  inst_racine_carree/diviseur/arg_i_28/O
                         net (fo=1, routed)           0.412     6.517    inst_racine_carree/diviseur/arg_i_28_n_0
    SLICE_X41Y91         LUT5 (Prop_lut5_I3_O)        0.124     6.641 r  inst_racine_carree/diviseur/arg_i_12/O
                         net (fo=1, routed)           0.901     7.543    inst_racine_carree/diviseur/arg_i_12_n_0
    DSP48_X2Y34          DSP48E1 (Prop_dsp48e1_B[2]_PCOUT[47])
                                                      3.851    11.394 r  inst_racine_carree/diviseur/arg/PCOUT[47]
                         net (fo=1, routed)           0.002    11.396    inst_racine_carree/diviseur/arg_n_106
    DSP48_X2Y35          DSP48E1 (Prop_dsp48e1_PCIN[47]_P[20])
                                                      1.518    12.914 r  inst_racine_carree/diviseur/arg__0/P[20]
                         net (fo=1, routed)           1.010    13.923    inst_racine_carree/diviseur/arg__1[37]
    SLICE_X35Y86         LUT4 (Prop_lut4_I1_O)        0.124    14.047 r  inst_racine_carree/diviseur/plusOp_carry_i_8/O
                         net (fo=1, routed)           0.949    14.996    inst_racine_carree/diviseur/plusOp_carry_i_8_n_0
    SLICE_X35Y88         LUT6 (Prop_lut6_I0_O)        0.124    15.120 r  inst_racine_carree/diviseur/plusOp_carry_i_6/O
                         net (fo=19, routed)          1.087    16.207    inst_racine_carree/diviseur/arg__0_0
    SLICE_X36Y86         LUT4 (Prop_lut4_I0_O)        0.124    16.331 r  inst_racine_carree/diviseur/plusOp_carry_i_1/O
                         net (fo=1, routed)           0.663    16.994    inst_racine_carree/diviseur_n_48
    SLICE_X37Y86         CARRY4 (Prop_carry4_CYINIT_CO[3])
                                                      0.580    17.574 r  inst_racine_carree/plusOp_carry/CO[3]
                         net (fo=1, routed)           0.000    17.574    inst_racine_carree/plusOp_carry_n_0
    SLICE_X37Y87         CARRY4 (Prop_carry4_CI_CO[3])
                                                      0.114    17.688 r  inst_racine_carree/plusOp_carry__0/CO[3]
                         net (fo=1, routed)           0.000    17.688    inst_racine_carree/plusOp_carry__0_n_0
    SLICE_X37Y88         CARRY4 (Prop_carry4_CI_CO[3])
                                                      0.114    17.802 r  inst_racine_carree/plusOp_carry__1/CO[3]
                         net (fo=1, routed)           0.000    17.802    inst_racine_carree/plusOp_carry__1_n_0
    SLICE_X37Y89         CARRY4 (Prop_carry4_CI_CO[3])
                                                      0.114    17.916 r  inst_racine_carree/plusOp_carry__2/CO[3]
                         net (fo=2, routed)           1.086    19.002    inst_racine_carree/diviseur/CO[0]
    SLICE_X39Y88         LUT6 (Prop_lut6_I5_O)        0.124    19.126 r  inst_racine_carree/diviseur/xk[14]_i_10/O
                         net (fo=15, routed)          1.041    20.167    inst_racine_carree/diviseur_n_1
    SLICE_X38Y86         LUT5 (Prop_lut5_I4_O)        0.124    20.291 r  inst_racine_carree/xk[2]_i_5/O
                         net (fo=1, routed)           0.000    20.291    inst_racine_carree/diviseur/S[1]
    SLICE_X38Y86         CARRY4 (Prop_carry4_S[1]_CO[3])
                                                      0.533    20.824 r  inst_racine_carree/diviseur/xk_reg[2]_i_2/CO[3]
                         net (fo=1, routed)           0.000    20.824    inst_racine_carree/diviseur/xk_reg[2]_i_2_n_0
    SLICE_X38Y87         CARRY4 (Prop_carry4_CI_CO[3])
                                                      0.117    20.941 r  inst_racine_carree/diviseur/xk_reg[6]_i_2/CO[3]
                         net (fo=1, routed)           0.000    20.941    inst_racine_carree/diviseur/xk_reg[6]_i_2_n_0
    SLICE_X38Y88         CARRY4 (Prop_carry4_CI_CO[3])
                                                      0.117    21.058 r  inst_racine_carree/diviseur/xk_reg[10]_i_2/CO[3]
                         net (fo=1, routed)           0.000    21.058    inst_racine_carree/diviseur/xk_reg[10]_i_2_n_0
    SLICE_X38Y89         CARRY4 (Prop_carry4_CI_O[1])
                                                      0.323    21.381 r  inst_racine_carree/diviseur/xk_reg[14]_i_4/O[1]
                         net (fo=1, routed)           0.579    21.960    inst_racine_carree/diviseur/ARG[13]
    SLICE_X39Y89         LUT2 (Prop_lut2_I1_O)        0.332    22.292 r  inst_racine_carree/diviseur/xk[12]_i_1/O
                         net (fo=1, routed)           0.000    22.292    inst_racine_carree/xk[12]
    SLICE_X39Y89         FDCE                                         r  inst_racine_carree/xk_reg[12]/D
  -------------------------------------------------------------------    -------------------

Slack:                    inf
  Source:                 inst_racine_carree/xk_reg[6]/C
                            (rising edge-triggered cell FDCE)
  Destination:            inst_racine_carree/xk_reg[10]/D
  Path Group:             (none)
  Path Type:              Max at Slow Process Corner
  Data Path Delay:        22.223ns  (logic 9.397ns (42.286%)  route 12.826ns (57.714%))
  Logic Levels:           21  (CARRY4=7 DSP48E1=2 FDCE=1 LUT2=1 LUT4=2 LUT5=4 LUT6=4)

    Location             Delay type                Incr(ns)  Path(ns)    Netlist Resource(s)
  -------------------------------------------------------------------    -------------------
    SLICE_X39Y87         FDCE                         0.000     0.000 r  inst_racine_carree/xk_reg[6]/C
    SLICE_X39Y87         FDCE (Prop_fdce_C_Q)         0.419     0.419 r  inst_racine_carree/xk_reg[6]/Q
                         net (fo=73, routed)          2.661     3.080    inst_racine_carree/diviseur/arg_5[6]
    SLICE_X44Y92         LUT6 (Prop_lut6_I5_O)        0.299     3.379 r  inst_racine_carree/diviseur/arg_i_111/O
                         net (fo=1, routed)           0.879     4.258    inst_racine_carree/diviseur/arg_i_111_n_0
    SLICE_X44Y92         LUT5 (Prop_lut5_I0_O)        0.124     4.382 r  inst_racine_carree/diviseur/arg_i_85/O
                         net (fo=1, routed)           0.643     5.025    inst_racine_carree/diviseur/arg_i_85_n_0
    SLICE_X44Y91         LUT6 (Prop_lut6_I5_O)        0.124     5.149 r  inst_racine_carree/diviseur/arg_i_56/O
                         net (fo=1, routed)           0.832     5.981    inst_racine_carree/diviseur/arg_i_56_n_0
    SLICE_X42Y90         LUT5 (Prop_lut5_I2_O)        0.124     6.105 r  inst_racine_carree/diviseur/arg_i_28/O
                         net (fo=1, routed)           0.412     6.517    inst_racine_carree/diviseur/arg_i_28_n_0
    SLICE_X41Y91         LUT5 (Prop_lut5_I3_O)        0.124     6.641 r  inst_racine_carree/diviseur/arg_i_12/O
                         net (fo=1, routed)           0.901     7.543    inst_racine_carree/diviseur/arg_i_12_n_0
    DSP48_X2Y34          DSP48E1 (Prop_dsp48e1_B[2]_PCOUT[47])
                                                      3.851    11.394 r  inst_racine_carree/diviseur/arg/PCOUT[47]
                         net (fo=1, routed)           0.002    11.396    inst_racine_carree/diviseur/arg_n_106
    DSP48_X2Y35          DSP48E1 (Prop_dsp48e1_PCIN[47]_P[20])
                                                      1.518    12.914 r  inst_racine_carree/diviseur/arg__0/P[20]
                         net (fo=1, routed)           1.010    13.923    inst_racine_carree/diviseur/arg__1[37]
    SLICE_X35Y86         LUT4 (Prop_lut4_I1_O)        0.124    14.047 r  inst_racine_carree/diviseur/plusOp_carry_i_8/O
                         net (fo=1, routed)           0.949    14.996    inst_racine_carree/diviseur/plusOp_carry_i_8_n_0
    SLICE_X35Y88         LUT6 (Prop_lut6_I0_O)        0.124    15.120 r  inst_racine_carree/diviseur/plusOp_carry_i_6/O
                         net (fo=19, routed)          1.087    16.207    inst_racine_carree/diviseur/arg__0_0
    SLICE_X36Y86         LUT4 (Prop_lut4_I0_O)        0.124    16.331 r  inst_racine_carree/diviseur/plusOp_carry_i_1/O
                         net (fo=1, routed)           0.663    16.994    inst_racine_carree/diviseur_n_48
    SLICE_X37Y86         CARRY4 (Prop_carry4_CYINIT_CO[3])
                                                      0.580    17.574 r  inst_racine_carree/plusOp_carry/CO[3]
                         net (fo=1, routed)           0.000    17.574    inst_racine_carree/plusOp_carry_n_0
    SLICE_X37Y87         CARRY4 (Prop_carry4_CI_CO[3])
                                                      0.114    17.688 r  inst_racine_carree/plusOp_carry__0/CO[3]
                         net (fo=1, routed)           0.000    17.688    inst_racine_carree/plusOp_carry__0_n_0
    SLICE_X37Y88         CARRY4 (Prop_carry4_CI_CO[3])
                                                      0.114    17.802 r  inst_racine_carree/plusOp_carry__1/CO[3]
                         net (fo=1, routed)           0.000    17.802    inst_racine_carree/plusOp_carry__1_n_0
    SLICE_X37Y89         CARRY4 (Prop_carry4_CI_CO[3])
                                                      0.114    17.916 r  inst_racine_carree/plusOp_carry__2/CO[3]
                         net (fo=2, routed)           1.086    19.002    inst_racine_carree/diviseur/CO[0]
    SLICE_X39Y88         LUT6 (Prop_lut6_I5_O)        0.124    19.126 r  inst_racine_carree/diviseur/xk[14]_i_10/O
                         net (fo=15, routed)          1.041    20.167    inst_racine_carree/diviseur_n_1
    SLICE_X38Y86         LUT5 (Prop_lut5_I4_O)        0.124    20.291 r  inst_racine_carree/xk[2]_i_5/O
                         net (fo=1, routed)           0.000    20.291    inst_racine_carree/diviseur/S[1]
    SLICE_X38Y86         CARRY4 (Prop_carry4_S[1]_CO[3])
                                                      0.533    20.824 r  inst_racine_carree/diviseur/xk_reg[2]_i_2/CO[3]
                         net (fo=1, routed)           0.000    20.824    inst_racine_carree/diviseur/xk_reg[2]_i_2_n_0
    SLICE_X38Y87         CARRY4 (Prop_carry4_CI_CO[3])
                                                      0.117    20.941 r  inst_racine_carree/diviseur/xk_reg[6]_i_2/CO[3]
                         net (fo=1, routed)           0.000    20.941    inst_racine_carree/diviseur/xk_reg[6]_i_2_n_0
    SLICE_X38Y88         CARRY4 (Prop_carry4_CI_O[3])
                                                      0.315    21.256 r  inst_racine_carree/diviseur/xk_reg[10]_i_2/O[3]
                         net (fo=1, routed)           0.659    21.916    inst_racine_carree/diviseur/ARG[11]
    SLICE_X39Y88         LUT2 (Prop_lut2_I1_O)        0.307    22.223 r  inst_racine_carree/diviseur/xk[10]_i_1/O
                         net (fo=1, routed)           0.000    22.223    inst_racine_carree/xk[10]
    SLICE_X39Y88         FDCE                                         r  inst_racine_carree/xk_reg[10]/D
  -------------------------------------------------------------------    -------------------

Slack:                    inf
  Source:                 inst_racine_carree/xk_reg[6]/C
                            (rising edge-triggered cell FDCE)
  Destination:            inst_racine_carree/xk_reg[11]/D
  Path Group:             (none)
  Path Type:              Max at Slow Process Corner
  Data Path Delay:        22.219ns  (logic 9.406ns (42.333%)  route 12.813ns (57.667%))
  Logic Levels:           22  (CARRY4=8 DSP48E1=2 FDCE=1 LUT2=1 LUT4=2 LUT5=4 LUT6=4)

    Location             Delay type                Incr(ns)  Path(ns)    Netlist Resource(s)
  -------------------------------------------------------------------    -------------------
    SLICE_X39Y87         FDCE                         0.000     0.000 r  inst_racine_carree/xk_reg[6]/C
    SLICE_X39Y87         FDCE (Prop_fdce_C_Q)         0.419     0.419 r  inst_racine_carree/xk_reg[6]/Q
                         net (fo=73, routed)          2.661     3.080    inst_racine_carree/diviseur/arg_5[6]
    SLICE_X44Y92         LUT6 (Prop_lut6_I5_O)        0.299     3.379 r  inst_racine_carree/diviseur/arg_i_111/O
                         net (fo=1, routed)           0.879     4.258    inst_racine_carree/diviseur/arg_i_111_n_0
    SLICE_X44Y92         LUT5 (Prop_lut5_I0_O)        0.124     4.382 r  inst_racine_carree/diviseur/arg_i_85/O
                         net (fo=1, routed)           0.643     5.025    inst_racine_carree/diviseur/arg_i_85_n_0
    SLICE_X44Y91         LUT6 (Prop_lut6_I5_O)        0.124     5.149 r  inst_racine_carree/diviseur/arg_i_56/O
                         net (fo=1, routed)           0.832     5.981    inst_racine_carree/diviseur/arg_i_56_n_0
    SLICE_X42Y90         LUT5 (Prop_lut5_I2_O)        0.124     6.105 r  inst_racine_carree/diviseur/arg_i_28/O
                         net (fo=1, routed)           0.412     6.517    inst_racine_carree/diviseur/arg_i_28_n_0
    SLICE_X41Y91         LUT5 (Prop_lut5_I3_O)        0.124     6.641 r  inst_racine_carree/diviseur/arg_i_12/O
                         net (fo=1, routed)           0.901     7.543    inst_racine_carree/diviseur/arg_i_12_n_0
    DSP48_X2Y34          DSP48E1 (Prop_dsp48e1_B[2]_PCOUT[47])
                                                      3.851    11.394 r  inst_racine_carree/diviseur/arg/PCOUT[47]
                         net (fo=1, routed)           0.002    11.396    inst_racine_carree/diviseur/arg_n_106
    DSP48_X2Y35          DSP48E1 (Prop_dsp48e1_PCIN[47]_P[20])
                                                      1.518    12.914 r  inst_racine_carree/diviseur/arg__0/P[20]
                         net (fo=1, routed)           1.010    13.923    inst_racine_carree/diviseur/arg__1[37]
    SLICE_X35Y86         LUT4 (Prop_lut4_I1_O)        0.124    14.047 r  inst_racine_carree/diviseur/plusOp_carry_i_8/O
                         net (fo=1, routed)           0.949    14.996    inst_racine_carree/diviseur/plusOp_carry_i_8_n_0
    SLICE_X35Y88         LUT6 (Prop_lut6_I0_O)        0.124    15.120 r  inst_racine_carree/diviseur/plusOp_carry_i_6/O
                         net (fo=19, routed)          1.087    16.207    inst_racine_carree/diviseur/arg__0_0
    SLICE_X36Y86         LUT4 (Prop_lut4_I0_O)        0.124    16.331 r  inst_racine_carree/diviseur/plusOp_carry_i_1/O
                         net (fo=1, routed)           0.663    16.994    inst_racine_carree/diviseur_n_48
    SLICE_X37Y86         CARRY4 (Prop_carry4_CYINIT_CO[3])
                                                      0.580    17.574 r  inst_racine_carree/plusOp_carry/CO[3]
                         net (fo=1, routed)           0.000    17.574    inst_racine_carree/plusOp_carry_n_0
    SLICE_X37Y87         CARRY4 (Prop_carry4_CI_CO[3])
                                                      0.114    17.688 r  inst_racine_carree/plusOp_carry__0/CO[3]
                         net (fo=1, routed)           0.000    17.688    inst_racine_carree/plusOp_carry__0_n_0
    SLICE_X37Y88         CARRY4 (Prop_carry4_CI_CO[3])
                                                      0.114    17.802 r  inst_racine_carree/plusOp_carry__1/CO[3]
                         net (fo=1, routed)           0.000    17.802    inst_racine_carree/plusOp_carry__1_n_0
    SLICE_X37Y89         CARRY4 (Prop_carry4_CI_CO[3])
                                                      0.114    17.916 r  inst_racine_carree/plusOp_carry__2/CO[3]
                         net (fo=2, routed)           1.086    19.002    inst_racine_carree/diviseur/CO[0]
    SLICE_X39Y88         LUT6 (Prop_lut6_I5_O)        0.124    19.126 r  inst_racine_carree/diviseur/xk[14]_i_10/O
                         net (fo=15, routed)          1.041    20.167    inst_racine_carree/diviseur_n_1
    SLICE_X38Y86         LUT5 (Prop_lut5_I4_O)        0.124    20.291 r  inst_racine_carree/xk[2]_i_5/O
                         net (fo=1, routed)           0.000    20.291    inst_racine_carree/diviseur/S[1]
    SLICE_X38Y86         CARRY4 (Prop_carry4_S[1]_CO[3])
                                                      0.533    20.824 r  inst_racine_carree/diviseur/xk_reg[2]_i_2/CO[3]
                         net (fo=1, routed)           0.000    20.824    inst_racine_carree/diviseur/xk_reg[2]_i_2_n_0
    SLICE_X38Y87         CARRY4 (Prop_carry4_CI_CO[3])
                                                      0.117    20.941 r  inst_racine_carree/diviseur/xk_reg[6]_i_2/CO[3]
                         net (fo=1, routed)           0.000    20.941    inst_racine_carree/diviseur/xk_reg[6]_i_2_n_0
    SLICE_X38Y88         CARRY4 (Prop_carry4_CI_CO[3])
                                                      0.117    21.058 r  inst_racine_carree/diviseur/xk_reg[10]_i_2/CO[3]
                         net (fo=1, routed)           0.000    21.058    inst_racine_carree/diviseur/xk_reg[10]_i_2_n_0
    SLICE_X38Y89         CARRY4 (Prop_carry4_CI_O[0])
                                                      0.219    21.277 r  inst_racine_carree/diviseur/xk_reg[14]_i_4/O[0]
                         net (fo=1, routed)           0.647    21.924    inst_racine_carree/diviseur/ARG[12]
    SLICE_X39Y89         LUT2 (Prop_lut2_I1_O)        0.295    22.219 r  inst_racine_carree/diviseur/xk[11]_i_1/O
                         net (fo=1, routed)           0.000    22.219    inst_racine_carree/xk[11]
    SLICE_X39Y89         FDCE                                         r  inst_racine_carree/xk_reg[11]/D
  -------------------------------------------------------------------    -------------------

Slack:                    inf
  Source:                 inst_racine_carree/xk_reg[6]/C
                            (rising edge-triggered cell FDCE)
  Destination:            inst_racine_carree/xk_reg[8]/D
  Path Group:             (none)
  Path Type:              Max at Slow Process Corner
  Data Path Delay:        22.173ns  (logic 9.430ns (42.528%)  route 12.743ns (57.472%))
  Logic Levels:           21  (CARRY4=7 DSP48E1=2 FDCE=1 LUT2=1 LUT4=2 LUT5=4 LUT6=4)

    Location             Delay type                Incr(ns)  Path(ns)    Netlist Resource(s)
  -------------------------------------------------------------------    -------------------
    SLICE_X39Y87         FDCE                         0.000     0.000 r  inst_racine_carree/xk_reg[6]/C
    SLICE_X39Y87         FDCE (Prop_fdce_C_Q)         0.419     0.419 r  inst_racine_carree/xk_reg[6]/Q
                         net (fo=73, routed)          2.661     3.080    inst_racine_carree/diviseur/arg_5[6]
    SLICE_X44Y92         LUT6 (Prop_lut6_I5_O)        0.299     3.379 r  inst_racine_carree/diviseur/arg_i_111/O
                         net (fo=1, routed)           0.879     4.258    inst_racine_carree/diviseur/arg_i_111_n_0
    SLICE_X44Y92         LUT5 (Prop_lut5_I0_O)        0.124     4.382 r  inst_racine_carree/diviseur/arg_i_85/O
                         net (fo=1, routed)           0.643     5.025    inst_racine_carree/diviseur/arg_i_85_n_0
    SLICE_X44Y91         LUT6 (Prop_lut6_I5_O)        0.124     5.149 r  inst_racine_carree/diviseur/arg_i_56/O
                         net (fo=1, routed)           0.832     5.981    inst_racine_carree/diviseur/arg_i_56_n_0
    SLICE_X42Y90         LUT5 (Prop_lut5_I2_O)        0.124     6.105 r  inst_racine_carree/diviseur/arg_i_28/O
                         net (fo=1, routed)           0.412     6.517    inst_racine_carree/diviseur/arg_i_28_n_0
    SLICE_X41Y91         LUT5 (Prop_lut5_I3_O)        0.124     6.641 r  inst_racine_carree/diviseur/arg_i_12/O
                         net (fo=1, routed)           0.901     7.543    inst_racine_carree/diviseur/arg_i_12_n_0
    DSP48_X2Y34          DSP48E1 (Prop_dsp48e1_B[2]_PCOUT[47])
                                                      3.851    11.394 r  inst_racine_carree/diviseur/arg/PCOUT[47]
                         net (fo=1, routed)           0.002    11.396    inst_racine_carree/diviseur/arg_n_106
    DSP48_X2Y35          DSP48E1 (Prop_dsp48e1_PCIN[47]_P[20])
                                                      1.518    12.914 r  inst_racine_carree/diviseur/arg__0/P[20]
                         net (fo=1, routed)           1.010    13.923    inst_racine_carree/diviseur/arg__1[37]
    SLICE_X35Y86         LUT4 (Prop_lut4_I1_O)        0.124    14.047 r  inst_racine_carree/diviseur/plusOp_carry_i_8/O
                         net (fo=1, routed)           0.949    14.996    inst_racine_carree/diviseur/plusOp_carry_i_8_n_0
    SLICE_X35Y88         LUT6 (Prop_lut6_I0_O)        0.124    15.120 r  inst_racine_carree/diviseur/plusOp_carry_i_6/O
                         net (fo=19, routed)          1.087    16.207    inst_racine_carree/diviseur/arg__0_0
    SLICE_X36Y86         LUT4 (Prop_lut4_I0_O)        0.124    16.331 r  inst_racine_carree/diviseur/plusOp_carry_i_1/O
                         net (fo=1, routed)           0.663    16.994    inst_racine_carree/diviseur_n_48
    SLICE_X37Y86         CARRY4 (Prop_carry4_CYINIT_CO[3])
                                                      0.580    17.574 r  inst_racine_carree/plusOp_carry/CO[3]
                         net (fo=1, routed)           0.000    17.574    inst_racine_carree/plusOp_carry_n_0
    SLICE_X37Y87         CARRY4 (Prop_carry4_CI_CO[3])
                                                      0.114    17.688 r  inst_racine_carree/plusOp_carry__0/CO[3]
                         net (fo=1, routed)           0.000    17.688    inst_racine_carree/plusOp_carry__0_n_0
    SLICE_X37Y88         CARRY4 (Prop_carry4_CI_CO[3])
                                                      0.114    17.802 r  inst_racine_carree/plusOp_carry__1/CO[3]
                         net (fo=1, routed)           0.000    17.802    inst_racine_carree/plusOp_carry__1_n_0
    SLICE_X37Y89         CARRY4 (Prop_carry4_CI_CO[3])
                                                      0.114    17.916 r  inst_racine_carree/plusOp_carry__2/CO[3]
                         net (fo=2, routed)           1.086    19.002    inst_racine_carree/diviseur/CO[0]
    SLICE_X39Y88         LUT6 (Prop_lut6_I5_O)        0.124    19.126 r  inst_racine_carree/diviseur/xk[14]_i_10/O
                         net (fo=15, routed)          1.041    20.167    inst_racine_carree/diviseur_n_1
    SLICE_X38Y86         LUT5 (Prop_lut5_I4_O)        0.124    20.291 r  inst_racine_carree/xk[2]_i_5/O
                         net (fo=1, routed)           0.000    20.291    inst_racine_carree/diviseur/S[1]
    SLICE_X38Y86         CARRY4 (Prop_carry4_S[1]_CO[3])
                                                      0.533    20.824 r  inst_racine_carree/diviseur/xk_reg[2]_i_2/CO[3]
                         net (fo=1, routed)           0.000    20.824    inst_racine_carree/diviseur/xk_reg[2]_i_2_n_0
    SLICE_X38Y87         CARRY4 (Prop_carry4_CI_CO[3])
                                                      0.117    20.941 r  inst_racine_carree/diviseur/xk_reg[6]_i_2/CO[3]
                         net (fo=1, routed)           0.000    20.941    inst_racine_carree/diviseur/xk_reg[6]_i_2_n_0
    SLICE_X38Y88         CARRY4 (Prop_carry4_CI_O[1])
                                                      0.323    21.264 r  inst_racine_carree/diviseur/xk_reg[10]_i_2/O[1]
                         net (fo=1, routed)           0.577    21.841    inst_racine_carree/diviseur/ARG[9]
    SLICE_X39Y88         LUT2 (Prop_lut2_I1_O)        0.332    22.173 r  inst_racine_carree/diviseur/xk[8]_i_1/O
                         net (fo=1, routed)           0.000    22.173    inst_racine_carree/xk[8]
    SLICE_X39Y88         FDCE                                         r  inst_racine_carree/xk_reg[8]/D
  -------------------------------------------------------------------    -------------------

Slack:                    inf
  Source:                 inst_racine_carree/xk_reg[6]/C
                            (rising edge-triggered cell FDCE)
  Destination:            inst_racine_carree/xk_reg[6]/D
  Path Group:             (none)
  Path Type:              Max at Slow Process Corner
  Data Path Delay:        22.159ns  (logic 9.305ns (41.992%)  route 12.854ns (58.008%))
  Logic Levels:           20  (CARRY4=6 DSP48E1=2 FDCE=1 LUT2=1 LUT4=2 LUT5=4 LUT6=4)

    Location             Delay type                Incr(ns)  Path(ns)    Netlist Resource(s)
  -------------------------------------------------------------------    -------------------
    SLICE_X39Y87         FDCE                         0.000     0.000 r  inst_racine_carree/xk_reg[6]/C
    SLICE_X39Y87         FDCE (Prop_fdce_C_Q)         0.419     0.419 r  inst_racine_carree/xk_reg[6]/Q
                         net (fo=73, routed)          2.661     3.080    inst_racine_carree/diviseur/arg_5[6]
    SLICE_X44Y92         LUT6 (Prop_lut6_I5_O)        0.299     3.379 r  inst_racine_carree/diviseur/arg_i_111/O
                         net (fo=1, routed)           0.879     4.258    inst_racine_carree/diviseur/arg_i_111_n_0
    SLICE_X44Y92         LUT5 (Prop_lut5_I0_O)        0.124     4.382 r  inst_racine_carree/diviseur/arg_i_85/O
                         net (fo=1, routed)           0.643     5.025    inst_racine_carree/diviseur/arg_i_85_n_0
    SLICE_X44Y91         LUT6 (Prop_lut6_I5_O)        0.124     5.149 r  inst_racine_carree/diviseur/arg_i_56/O
                         net (fo=1, routed)           0.832     5.981    inst_racine_carree/diviseur/arg_i_56_n_0
    SLICE_X42Y90         LUT5 (Prop_lut5_I2_O)        0.124     6.105 r  inst_racine_carree/diviseur/arg_i_28/O
                         net (fo=1, routed)           0.412     6.517    inst_racine_carree/diviseur/arg_i_28_n_0
    SLICE_X41Y91         LUT5 (Prop_lut5_I3_O)        0.124     6.641 r  inst_racine_carree/diviseur/arg_i_12/O
                         net (fo=1, routed)           0.901     7.543    inst_racine_carree/diviseur/arg_i_12_n_0
    DSP48_X2Y34          DSP48E1 (Prop_dsp48e1_B[2]_PCOUT[47])
                                                      3.851    11.394 r  inst_racine_carree/diviseur/arg/PCOUT[47]
                         net (fo=1, routed)           0.002    11.396    inst_racine_carree/diviseur/arg_n_106
    DSP48_X2Y35          DSP48E1 (Prop_dsp48e1_PCIN[47]_P[20])
                                                      1.518    12.914 r  inst_racine_carree/diviseur/arg__0/P[20]
                         net (fo=1, routed)           1.010    13.923    inst_racine_carree/diviseur/arg__1[37]
    SLICE_X35Y86         LUT4 (Prop_lut4_I1_O)        0.124    14.047 r  inst_racine_carree/diviseur/plusOp_carry_i_8/O
                         net (fo=1, routed)           0.949    14.996    inst_racine_carree/diviseur/plusOp_carry_i_8_n_0
    SLICE_X35Y88         LUT6 (Prop_lut6_I0_O)        0.124    15.120 r  inst_racine_carree/diviseur/plusOp_carry_i_6/O
                         net (fo=19, routed)          1.087    16.207    inst_racine_carree/diviseur/arg__0_0
    SLICE_X36Y86         LUT4 (Prop_lut4_I0_O)        0.124    16.331 r  inst_racine_carree/diviseur/plusOp_carry_i_1/O
                         net (fo=1, routed)           0.663    16.994    inst_racine_carree/diviseur_n_48
    SLICE_X37Y86         CARRY4 (Prop_carry4_CYINIT_CO[3])
                                                      0.580    17.574 r  inst_racine_carree/plusOp_carry/CO[3]
                         net (fo=1, routed)           0.000    17.574    inst_racine_carree/plusOp_carry_n_0
    SLICE_X37Y87         CARRY4 (Prop_carry4_CI_CO[3])
                                                      0.114    17.688 r  inst_racine_carree/plusOp_carry__0/CO[3]
                         net (fo=1, routed)           0.000    17.688    inst_racine_carree/plusOp_carry__0_n_0
    SLICE_X37Y88         CARRY4 (Prop_carry4_CI_CO[3])
                                                      0.114    17.802 r  inst_racine_carree/plusOp_carry__1/CO[3]
                         net (fo=1, routed)           0.000    17.802    inst_racine_carree/plusOp_carry__1_n_0
    SLICE_X37Y89         CARRY4 (Prop_carry4_CI_CO[3])
                                                      0.114    17.916 r  inst_racine_carree/plusOp_carry__2/CO[3]
                         net (fo=2, routed)           1.086    19.002    inst_racine_carree/diviseur/CO[0]
    SLICE_X39Y88         LUT6 (Prop_lut6_I5_O)        0.124    19.126 r  inst_racine_carree/diviseur/xk[14]_i_10/O
                         net (fo=15, routed)          1.041    20.167    inst_racine_carree/diviseur_n_1
    SLICE_X38Y86         LUT5 (Prop_lut5_I4_O)        0.124    20.291 r  inst_racine_carree/xk[2]_i_5/O
                         net (fo=1, routed)           0.000    20.291    inst_racine_carree/diviseur/S[1]
    SLICE_X38Y86         CARRY4 (Prop_carry4_S[1]_CO[3])
                                                      0.533    20.824 r  inst_racine_carree/diviseur/xk_reg[2]_i_2/CO[3]
                         net (fo=1, routed)           0.000    20.824    inst_racine_carree/diviseur/xk_reg[2]_i_2_n_0
    SLICE_X38Y87         CARRY4 (Prop_carry4_CI_O[3])
                                                      0.315    21.139 r  inst_racine_carree/diviseur/xk_reg[6]_i_2/O[3]
                         net (fo=1, routed)           0.688    21.827    inst_racine_carree/diviseur/ARG[7]
    SLICE_X39Y87         LUT2 (Prop_lut2_I0_O)        0.332    22.159 r  inst_racine_carree/diviseur/xk[6]_i_1/O
                         net (fo=1, routed)           0.000    22.159    inst_racine_carree/xk[6]
    SLICE_X39Y87         FDCE                                         r  inst_racine_carree/xk_reg[6]/D
  -------------------------------------------------------------------    -------------------

Slack:                    inf
  Source:                 inst_racine_carree/xk_reg[6]/C
                            (rising edge-triggered cell FDCE)
  Destination:            inst_racine_carree/xk_reg[7]/D
  Path Group:             (none)
  Path Type:              Max at Slow Process Corner
  Data Path Delay:        22.107ns  (logic 9.289ns (42.019%)  route 12.818ns (57.981%))
  Logic Levels:           21  (CARRY4=7 DSP48E1=2 FDCE=1 LUT2=1 LUT4=2 LUT5=4 LUT6=4)

    Location             Delay type                Incr(ns)  Path(ns)    Netlist Resource(s)
  -------------------------------------------------------------------    -------------------
    SLICE_X39Y87         FDCE                         0.000     0.000 r  inst_racine_carree/xk_reg[6]/C
    SLICE_X39Y87         FDCE (Prop_fdce_C_Q)         0.419     0.419 r  inst_racine_carree/xk_reg[6]/Q
                         net (fo=73, routed)          2.661     3.080    inst_racine_carree/diviseur/arg_5[6]
    SLICE_X44Y92         LUT6 (Prop_lut6_I5_O)        0.299     3.379 r  inst_racine_carree/diviseur/arg_i_111/O
                         net (fo=1, routed)           0.879     4.258    inst_racine_carree/diviseur/arg_i_111_n_0
    SLICE_X44Y92         LUT5 (Prop_lut5_I0_O)        0.124     4.382 r  inst_racine_carree/diviseur/arg_i_85/O
                         net (fo=1, routed)           0.643     5.025    inst_racine_carree/diviseur/arg_i_85_n_0
    SLICE_X44Y91         LUT6 (Prop_lut6_I5_O)        0.124     5.149 r  inst_racine_carree/diviseur/arg_i_56/O
                         net (fo=1, routed)           0.832     5.981    inst_racine_carree/diviseur/arg_i_56_n_0
    SLICE_X42Y90         LUT5 (Prop_lut5_I2_O)        0.124     6.105 r  inst_racine_carree/diviseur/arg_i_28/O
                         net (fo=1, routed)           0.412     6.517    inst_racine_carree/diviseur/arg_i_28_n_0
    SLICE_X41Y91         LUT5 (Prop_lut5_I3_O)        0.124     6.641 r  inst_racine_carree/diviseur/arg_i_12/O
                         net (fo=1, routed)           0.901     7.543    inst_racine_carree/diviseur/arg_i_12_n_0
    DSP48_X2Y34          DSP48E1 (Prop_dsp48e1_B[2]_PCOUT[47])
                                                      3.851    11.394 r  inst_racine_carree/diviseur/arg/PCOUT[47]
                         net (fo=1, routed)           0.002    11.396    inst_racine_carree/diviseur/arg_n_106
    DSP48_X2Y35          DSP48E1 (Prop_dsp48e1_PCIN[47]_P[20])
                                                      1.518    12.914 r  inst_racine_carree/diviseur/arg__0/P[20]
                         net (fo=1, routed)           1.010    13.923    inst_racine_carree/diviseur/arg__1[37]
    SLICE_X35Y86         LUT4 (Prop_lut4_I1_O)        0.124    14.047 r  inst_racine_carree/diviseur/plusOp_carry_i_8/O
                         net (fo=1, routed)           0.949    14.996    inst_racine_carree/diviseur/plusOp_carry_i_8_n_0
    SLICE_X35Y88         LUT6 (Prop_lut6_I0_O)        0.124    15.120 r  inst_racine_carree/diviseur/plusOp_carry_i_6/O
                         net (fo=19, routed)          1.087    16.207    inst_racine_carree/diviseur/arg__0_0
    SLICE_X36Y86         LUT4 (Prop_lut4_I0_O)        0.124    16.331 r  inst_racine_carree/diviseur/plusOp_carry_i_1/O
                         net (fo=1, routed)           0.663    16.994    inst_racine_carree/diviseur_n_48
    SLICE_X37Y86         CARRY4 (Prop_carry4_CYINIT_CO[3])
                                                      0.580    17.574 r  inst_racine_carree/plusOp_carry/CO[3]
                         net (fo=1, routed)           0.000    17.574    inst_racine_carree/plusOp_carry_n_0
    SLICE_X37Y87         CARRY4 (Prop_carry4_CI_CO[3])
                                                      0.114    17.688 r  inst_racine_carree/plusOp_carry__0/CO[3]
                         net (fo=1, routed)           0.000    17.688    inst_racine_carree/plusOp_carry__0_n_0
    SLICE_X37Y88         CARRY4 (Prop_carry4_CI_CO[3])
                                                      0.114    17.802 r  inst_racine_carree/plusOp_carry__1/CO[3]
                         net (fo=1, routed)           0.000    17.802    inst_racine_carree/plusOp_carry__1_n_0
    SLICE_X37Y89         CARRY4 (Prop_carry4_CI_CO[3])
                                                      0.114    17.916 r  inst_racine_carree/plusOp_carry__2/CO[3]
                         net (fo=2, routed)           1.086    19.002    inst_racine_carree/diviseur/CO[0]
    SLICE_X39Y88         LUT6 (Prop_lut6_I5_O)        0.124    19.126 r  inst_racine_carree/diviseur/xk[14]_i_10/O
                         net (fo=15, routed)          1.041    20.167    inst_racine_carree/diviseur_n_1
    SLICE_X38Y86         LUT5 (Prop_lut5_I4_O)        0.124    20.291 r  inst_racine_carree/xk[2]_i_5/O
                         net (fo=1, routed)           0.000    20.291    inst_racine_carree/diviseur/S[1]
    SLICE_X38Y86         CARRY4 (Prop_carry4_S[1]_CO[3])
                                                      0.533    20.824 r  inst_racine_carree/diviseur/xk_reg[2]_i_2/CO[3]
                         net (fo=1, routed)           0.000    20.824    inst_racine_carree/diviseur/xk_reg[2]_i_2_n_0
    SLICE_X38Y87         CARRY4 (Prop_carry4_CI_CO[3])
                                                      0.117    20.941 r  inst_racine_carree/diviseur/xk_reg[6]_i_2/CO[3]
                         net (fo=1, routed)           0.000    20.941    inst_racine_carree/diviseur/xk_reg[6]_i_2_n_0
    SLICE_X38Y88         CARRY4 (Prop_carry4_CI_O[0])
                                                      0.219    21.160 r  inst_racine_carree/diviseur/xk_reg[10]_i_2/O[0]
                         net (fo=1, routed)           0.652    21.812    inst_racine_carree/diviseur/ARG[8]
    SLICE_X39Y88         LUT2 (Prop_lut2_I0_O)        0.295    22.107 r  inst_racine_carree/diviseur/xk[7]_i_1/O
                         net (fo=1, routed)           0.000    22.107    inst_racine_carree/xk[7]
    SLICE_X39Y88         FDCE                                         r  inst_racine_carree/xk_reg[7]/D
  -------------------------------------------------------------------    -------------------

Slack:                    inf
  Source:                 inst_racine_carree/xk_reg[6]/C
                            (rising edge-triggered cell FDCE)
  Destination:            inst_racine_carree/xk_reg[13]/D
  Path Group:             (none)
  Path Type:              Max at Slow Process Corner
  Data Path Delay:        22.100ns  (logic 9.432ns (42.680%)  route 12.668ns (57.320%))
  Logic Levels:           22  (CARRY4=8 DSP48E1=2 FDCE=1 LUT2=1 LUT4=2 LUT5=4 LUT6=4)

    Location             Delay type                Incr(ns)  Path(ns)    Netlist Resource(s)
  -------------------------------------------------------------------    -------------------
    SLICE_X39Y87         FDCE                         0.000     0.000 r  inst_racine_carree/xk_reg[6]/C
    SLICE_X39Y87         FDCE (Prop_fdce_C_Q)         0.419     0.419 r  inst_racine_carree/xk_reg[6]/Q
                         net (fo=73, routed)          2.661     3.080    inst_racine_carree/diviseur/arg_5[6]
    SLICE_X44Y92         LUT6 (Prop_lut6_I5_O)        0.299     3.379 r  inst_racine_carree/diviseur/arg_i_111/O
                         net (fo=1, routed)           0.879     4.258    inst_racine_carree/diviseur/arg_i_111_n_0
    SLICE_X44Y92         LUT5 (Prop_lut5_I0_O)        0.124     4.382 r  inst_racine_carree/diviseur/arg_i_85/O
                         net (fo=1, routed)           0.643     5.025    inst_racine_carree/diviseur/arg_i_85_n_0
    SLICE_X44Y91         LUT6 (Prop_lut6_I5_O)        0.124     5.149 r  inst_racine_carree/diviseur/arg_i_56/O
                         net (fo=1, routed)           0.832     5.981    inst_racine_carree/diviseur/arg_i_56_n_0
    SLICE_X42Y90         LUT5 (Prop_lut5_I2_O)        0.124     6.105 r  inst_racine_carree/diviseur/arg_i_28/O
                         net (fo=1, routed)           0.412     6.517    inst_racine_carree/diviseur/arg_i_28_n_0
    SLICE_X41Y91         LUT5 (Prop_lut5_I3_O)        0.124     6.641 r  inst_racine_carree/diviseur/arg_i_12/O
                         net (fo=1, routed)           0.901     7.543    inst_racine_carree/diviseur/arg_i_12_n_0
    DSP48_X2Y34          DSP48E1 (Prop_dsp48e1_B[2]_PCOUT[47])
                                                      3.851    11.394 r  inst_racine_carree/diviseur/arg/PCOUT[47]
                         net (fo=1, routed)           0.002    11.396    inst_racine_carree/diviseur/arg_n_106
    DSP48_X2Y35          DSP48E1 (Prop_dsp48e1_PCIN[47]_P[20])
                                                      1.518    12.914 r  inst_racine_carree/diviseur/arg__0/P[20]
                         net (fo=1, routed)           1.010    13.923    inst_racine_carree/diviseur/arg__1[37]
    SLICE_X35Y86         LUT4 (Prop_lut4_I1_O)        0.124    14.047 r  inst_racine_carree/diviseur/plusOp_carry_i_8/O
                         net (fo=1, routed)           0.949    14.996    inst_racine_carree/diviseur/plusOp_carry_i_8_n_0
    SLICE_X35Y88         LUT6 (Prop_lut6_I0_O)        0.124    15.120 r  inst_racine_carree/diviseur/plusOp_carry_i_6/O
                         net (fo=19, routed)          1.087    16.207    inst_racine_carree/diviseur/arg__0_0
    SLICE_X36Y86         LUT4 (Prop_lut4_I0_O)        0.124    16.331 r  inst_racine_carree/diviseur/plusOp_carry_i_1/O
                         net (fo=1, routed)           0.663    16.994    inst_racine_carree/diviseur_n_48
    SLICE_X37Y86         CARRY4 (Prop_carry4_CYINIT_CO[3])
                                                      0.580    17.574 r  inst_racine_carree/plusOp_carry/CO[3]
                         net (fo=1, routed)           0.000    17.574    inst_racine_carree/plusOp_carry_n_0
    SLICE_X37Y87         CARRY4 (Prop_carry4_CI_CO[3])
                                                      0.114    17.688 r  inst_racine_carree/plusOp_carry__0/CO[3]
                         net (fo=1, routed)           0.000    17.688    inst_racine_carree/plusOp_carry__0_n_0
    SLICE_X37Y88         CARRY4 (Prop_carry4_CI_CO[3])
                                                      0.114    17.802 r  inst_racine_carree/plusOp_carry__1/CO[3]
                         net (fo=1, routed)           0.000    17.802    inst_racine_carree/plusOp_carry__1_n_0
    SLICE_X37Y89         CARRY4 (Prop_carry4_CI_CO[3])
                                                      0.114    17.916 r  inst_racine_carree/plusOp_carry__2/CO[3]
                         net (fo=2, routed)           1.086    19.002    inst_racine_carree/diviseur/CO[0]
    SLICE_X39Y88         LUT6 (Prop_lut6_I5_O)        0.124    19.126 r  inst_racine_carree/diviseur/xk[14]_i_10/O
                         net (fo=15, routed)          1.041    20.167    inst_racine_carree/diviseur_n_1
    SLICE_X38Y86         LUT5 (Prop_lut5_I4_O)        0.124    20.291 r  inst_racine_carree/xk[2]_i_5/O
                         net (fo=1, routed)           0.000    20.291    inst_racine_carree/diviseur/S[1]
    SLICE_X38Y86         CARRY4 (Prop_carry4_S[1]_CO[3])
                                                      0.533    20.824 r  inst_racine_carree/diviseur/xk_reg[2]_i_2/CO[3]
                         net (fo=1, routed)           0.000    20.824    inst_racine_carree/diviseur/xk_reg[2]_i_2_n_0
    SLICE_X38Y87         CARRY4 (Prop_carry4_CI_CO[3])
                                                      0.117    20.941 r  inst_racine_carree/diviseur/xk_reg[6]_i_2/CO[3]
                         net (fo=1, routed)           0.000    20.941    inst_racine_carree/diviseur/xk_reg[6]_i_2_n_0
    SLICE_X38Y88         CARRY4 (Prop_carry4_CI_CO[3])
                                                      0.117    21.058 r  inst_racine_carree/diviseur/xk_reg[10]_i_2/CO[3]
                         net (fo=1, routed)           0.000    21.058    inst_racine_carree/diviseur/xk_reg[10]_i_2_n_0
    SLICE_X38Y89         CARRY4 (Prop_carry4_CI_O[2])
                                                      0.239    21.297 r  inst_racine_carree/diviseur/xk_reg[14]_i_4/O[2]
                         net (fo=1, routed)           0.501    21.799    inst_racine_carree/diviseur/ARG[14]
    SLICE_X39Y89         LUT2 (Prop_lut2_I1_O)        0.301    22.100 r  inst_racine_carree/diviseur/xk[13]_i_1/O
                         net (fo=1, routed)           0.000    22.100    inst_racine_carree/xk[13]
    SLICE_X39Y89         FDCE                                         r  inst_racine_carree/xk_reg[13]/D
  -------------------------------------------------------------------    -------------------

Slack:                    inf
  Source:                 inst_racine_carree/xk_reg[6]/C
                            (rising edge-triggered cell FDCE)
  Destination:            inst_racine_carree/xk_reg[9]/D
  Path Group:             (none)
  Path Type:              Max at Slow Process Corner
  Data Path Delay:        22.004ns  (logic 9.341ns (42.452%)  route 12.663ns (57.548%))
  Logic Levels:           21  (CARRY4=7 DSP48E1=2 FDCE=1 LUT2=1 LUT4=2 LUT5=4 LUT6=4)

    Location             Delay type                Incr(ns)  Path(ns)    Netlist Resource(s)
  -------------------------------------------------------------------    -------------------
    SLICE_X39Y87         FDCE                         0.000     0.000 r  inst_racine_carree/xk_reg[6]/C
    SLICE_X39Y87         FDCE (Prop_fdce_C_Q)         0.419     0.419 r  inst_racine_carree/xk_reg[6]/Q
                         net (fo=73, routed)          2.661     3.080    inst_racine_carree/diviseur/arg_5[6]
    SLICE_X44Y92         LUT6 (Prop_lut6_I5_O)        0.299     3.379 r  inst_racine_carree/diviseur/arg_i_111/O
                         net (fo=1, routed)           0.879     4.258    inst_racine_carree/diviseur/arg_i_111_n_0
    SLICE_X44Y92         LUT5 (Prop_lut5_I0_O)        0.124     4.382 r  inst_racine_carree/diviseur/arg_i_85/O
                         net (fo=1, routed)           0.643     5.025    inst_racine_carree/diviseur/arg_i_85_n_0
    SLICE_X44Y91         LUT6 (Prop_lut6_I5_O)        0.124     5.149 r  inst_racine_carree/diviseur/arg_i_56/O
                         net (fo=1, routed)           0.832     5.981    inst_racine_carree/diviseur/arg_i_56_n_0
    SLICE_X42Y90         LUT5 (Prop_lut5_I2_O)        0.124     6.105 r  inst_racine_carree/diviseur/arg_i_28/O
                         net (fo=1, routed)           0.412     6.517    inst_racine_carree/diviseur/arg_i_28_n_0
    SLICE_X41Y91         LUT5 (Prop_lut5_I3_O)        0.124     6.641 r  inst_racine_carree/diviseur/arg_i_12/O
                         net (fo=1, routed)           0.901     7.543    inst_racine_carree/diviseur/arg_i_12_n_0
    DSP48_X2Y34          DSP48E1 (Prop_dsp48e1_B[2]_PCOUT[47])
                                                      3.851    11.394 r  inst_racine_carree/diviseur/arg/PCOUT[47]
                         net (fo=1, routed)           0.002    11.396    inst_racine_carree/diviseur/arg_n_106
    DSP48_X2Y35          DSP48E1 (Prop_dsp48e1_PCIN[47]_P[20])
                                                      1.518    12.914 r  inst_racine_carree/diviseur/arg__0/P[20]
                         net (fo=1, routed)           1.010    13.923    inst_racine_carree/diviseur/arg__1[37]
    SLICE_X35Y86         LUT4 (Prop_lut4_I1_O)        0.124    14.047 r  inst_racine_carree/diviseur/plusOp_carry_i_8/O
                         net (fo=1, routed)           0.949    14.996    inst_racine_carree/diviseur/plusOp_carry_i_8_n_0
    SLICE_X35Y88         LUT6 (Prop_lut6_I0_O)        0.124    15.120 r  inst_racine_carree/diviseur/plusOp_carry_i_6/O
                         net (fo=19, routed)          1.087    16.207    inst_racine_carree/diviseur/arg__0_0
    SLICE_X36Y86         LUT4 (Prop_lut4_I0_O)        0.124    16.331 r  inst_racine_carree/diviseur/plusOp_carry_i_1/O
                         net (fo=1, routed)           0.663    16.994    inst_racine_carree/diviseur_n_48
    SLICE_X37Y86         CARRY4 (Prop_carry4_CYINIT_CO[3])
                                                      0.580    17.574 r  inst_racine_carree/plusOp_carry/CO[3]
                         net (fo=1, routed)           0.000    17.574    inst_racine_carree/plusOp_carry_n_0
    SLICE_X37Y87         CARRY4 (Prop_carry4_CI_CO[3])
                                                      0.114    17.688 r  inst_racine_carree/plusOp_carry__0/CO[3]
                         net (fo=1, routed)           0.000    17.688    inst_racine_carree/plusOp_carry__0_n_0
    SLICE_X37Y88         CARRY4 (Prop_carry4_CI_CO[3])
                                                      0.114    17.802 r  inst_racine_carree/plusOp_carry__1/CO[3]
                         net (fo=1, routed)           0.000    17.802    inst_racine_carree/plusOp_carry__1_n_0
    SLICE_X37Y89         CARRY4 (Prop_carry4_CI_CO[3])
                                                      0.114    17.916 r  inst_racine_carree/plusOp_carry__2/CO[3]
                         net (fo=2, routed)           1.086    19.002    inst_racine_carree/diviseur/CO[0]
    SLICE_X39Y88         LUT6 (Prop_lut6_I5_O)        0.124    19.126 r  inst_racine_carree/diviseur/xk[14]_i_10/O
                         net (fo=15, routed)          1.041    20.167    inst_racine_carree/diviseur_n_1
    SLICE_X38Y86         LUT5 (Prop_lut5_I4_O)        0.124    20.291 r  inst_racine_carree/xk[2]_i_5/O
                         net (fo=1, routed)           0.000    20.291    inst_racine_carree/diviseur/S[1]
    SLICE_X38Y86         CARRY4 (Prop_carry4_S[1]_CO[3])
                                                      0.533    20.824 r  inst_racine_carree/diviseur/xk_reg[2]_i_2/CO[3]
                         net (fo=1, routed)           0.000    20.824    inst_racine_carree/diviseur/xk_reg[2]_i_2_n_0
    SLICE_X38Y87         CARRY4 (Prop_carry4_CI_CO[3])
                                                      0.117    20.941 r  inst_racine_carree/diviseur/xk_reg[6]_i_2/CO[3]
                         net (fo=1, routed)           0.000    20.941    inst_racine_carree/diviseur/xk_reg[6]_i_2_n_0
    SLICE_X38Y88         CARRY4 (Prop_carry4_CI_O[2])
                                                      0.239    21.180 r  inst_racine_carree/diviseur/xk_reg[10]_i_2/O[2]
                         net (fo=1, routed)           0.496    21.677    inst_racine_carree/diviseur/ARG[10]
    SLICE_X39Y88         LUT2 (Prop_lut2_I1_O)        0.327    22.004 r  inst_racine_carree/diviseur/xk[9]_i_1/O
                         net (fo=1, routed)           0.000    22.004    inst_racine_carree/xk[9]
    SLICE_X39Y88         FDCE                                         r  inst_racine_carree/xk_reg[9]/D
  -------------------------------------------------------------------    -------------------

Slack:                    inf
  Source:                 inst_racine_carree/xk_reg[6]/C
                            (rising edge-triggered cell FDCE)
  Destination:            inst_racine_carree/xk_reg[3]/D
  Path Group:             (none)
  Path Type:              Max at Slow Process Corner
  Data Path Delay:        21.998ns  (logic 9.172ns (41.696%)  route 12.826ns (58.304%))
  Logic Levels:           20  (CARRY4=6 DSP48E1=2 FDCE=1 LUT2=1 LUT4=2 LUT5=4 LUT6=4)

    Location             Delay type                Incr(ns)  Path(ns)    Netlist Resource(s)
  -------------------------------------------------------------------    -------------------
    SLICE_X39Y87         FDCE                         0.000     0.000 r  inst_racine_carree/xk_reg[6]/C
    SLICE_X39Y87         FDCE (Prop_fdce_C_Q)         0.419     0.419 r  inst_racine_carree/xk_reg[6]/Q
                         net (fo=73, routed)          2.661     3.080    inst_racine_carree/diviseur/arg_5[6]
    SLICE_X44Y92         LUT6 (Prop_lut6_I5_O)        0.299     3.379 r  inst_racine_carree/diviseur/arg_i_111/O
                         net (fo=1, routed)           0.879     4.258    inst_racine_carree/diviseur/arg_i_111_n_0
    SLICE_X44Y92         LUT5 (Prop_lut5_I0_O)        0.124     4.382 r  inst_racine_carree/diviseur/arg_i_85/O
                         net (fo=1, routed)           0.643     5.025    inst_racine_carree/diviseur/arg_i_85_n_0
    SLICE_X44Y91         LUT6 (Prop_lut6_I5_O)        0.124     5.149 r  inst_racine_carree/diviseur/arg_i_56/O
                         net (fo=1, routed)           0.832     5.981    inst_racine_carree/diviseur/arg_i_56_n_0
    SLICE_X42Y90         LUT5 (Prop_lut5_I2_O)        0.124     6.105 r  inst_racine_carree/diviseur/arg_i_28/O
                         net (fo=1, routed)           0.412     6.517    inst_racine_carree/diviseur/arg_i_28_n_0
    SLICE_X41Y91         LUT5 (Prop_lut5_I3_O)        0.124     6.641 r  inst_racine_carree/diviseur/arg_i_12/O
                         net (fo=1, routed)           0.901     7.543    inst_racine_carree/diviseur/arg_i_12_n_0
    DSP48_X2Y34          DSP48E1 (Prop_dsp48e1_B[2]_PCOUT[47])
                                                      3.851    11.394 r  inst_racine_carree/diviseur/arg/PCOUT[47]
                         net (fo=1, routed)           0.002    11.396    inst_racine_carree/diviseur/arg_n_106
    DSP48_X2Y35          DSP48E1 (Prop_dsp48e1_PCIN[47]_P[20])
                                                      1.518    12.914 r  inst_racine_carree/diviseur/arg__0/P[20]
                         net (fo=1, routed)           1.010    13.923    inst_racine_carree/diviseur/arg__1[37]
    SLICE_X35Y86         LUT4 (Prop_lut4_I1_O)        0.124    14.047 r  inst_racine_carree/diviseur/plusOp_carry_i_8/O
                         net (fo=1, routed)           0.949    14.996    inst_racine_carree/diviseur/plusOp_carry_i_8_n_0
    SLICE_X35Y88         LUT6 (Prop_lut6_I0_O)        0.124    15.120 r  inst_racine_carree/diviseur/plusOp_carry_i_6/O
                         net (fo=19, routed)          1.087    16.207    inst_racine_carree/diviseur/arg__0_0
    SLICE_X36Y86         LUT4 (Prop_lut4_I0_O)        0.124    16.331 r  inst_racine_carree/diviseur/plusOp_carry_i_1/O
                         net (fo=1, routed)           0.663    16.994    inst_racine_carree/diviseur_n_48
    SLICE_X37Y86         CARRY4 (Prop_carry4_CYINIT_CO[3])
                                                      0.580    17.574 r  inst_racine_carree/plusOp_carry/CO[3]
                         net (fo=1, routed)           0.000    17.574    inst_racine_carree/plusOp_carry_n_0
    SLICE_X37Y87         CARRY4 (Prop_carry4_CI_CO[3])
                                                      0.114    17.688 r  inst_racine_carree/plusOp_carry__0/CO[3]
                         net (fo=1, routed)           0.000    17.688    inst_racine_carree/plusOp_carry__0_n_0
    SLICE_X37Y88         CARRY4 (Prop_carry4_CI_CO[3])
                                                      0.114    17.802 r  inst_racine_carree/plusOp_carry__1/CO[3]
                         net (fo=1, routed)           0.000    17.802    inst_racine_carree/plusOp_carry__1_n_0
    SLICE_X37Y89         CARRY4 (Prop_carry4_CI_CO[3])
                                                      0.114    17.916 r  inst_racine_carree/plusOp_carry__2/CO[3]
                         net (fo=2, routed)           1.086    19.002    inst_racine_carree/diviseur/CO[0]
    SLICE_X39Y88         LUT6 (Prop_lut6_I5_O)        0.124    19.126 r  inst_racine_carree/diviseur/xk[14]_i_10/O
                         net (fo=15, routed)          1.041    20.167    inst_racine_carree/diviseur_n_1
    SLICE_X38Y86         LUT5 (Prop_lut5_I4_O)        0.124    20.291 r  inst_racine_carree/xk[2]_i_5/O
                         net (fo=1, routed)           0.000    20.291    inst_racine_carree/diviseur/S[1]
    SLICE_X38Y86         CARRY4 (Prop_carry4_S[1]_CO[3])
                                                      0.533    20.824 r  inst_racine_carree/diviseur/xk_reg[2]_i_2/CO[3]
                         net (fo=1, routed)           0.000    20.824    inst_racine_carree/diviseur/xk_reg[2]_i_2_n_0
    SLICE_X38Y87         CARRY4 (Prop_carry4_CI_O[0])
                                                      0.219    21.043 r  inst_racine_carree/diviseur/xk_reg[6]_i_2/O[0]
                         net (fo=1, routed)           0.659    21.703    inst_racine_carree/diviseur/ARG[4]
    SLICE_X39Y87         LUT2 (Prop_lut2_I0_O)        0.295    21.998 r  inst_racine_carree/diviseur/xk[3]_i_1/O
                         net (fo=1, routed)           0.000    21.998    inst_racine_carree/xk[3]
    SLICE_X39Y87         FDCE                                         r  inst_racine_carree/xk_reg[3]/D
  -------------------------------------------------------------------    -------------------





Min Delay Paths
--------------------------------------------------------------------------------------
Slack:                    inf
  Source:                 btn0db/FSM_sequential_etat_reg[2]/C
                            (rising edge-triggered cell FDRE)
  Destination:            btn0db/FSM_sequential_etat_reg[1]/D
  Path Group:             (none)
  Path Type:              Min at Fast Process Corner
  Data Path Delay:        0.332ns  (logic 0.246ns (74.207%)  route 0.086ns (25.793%))
  Logic Levels:           2  (FDRE=1 LUT4=1)

    Location             Delay type                Incr(ns)  Path(ns)    Netlist Resource(s)
  -------------------------------------------------------------------    -------------------
    SLICE_X36Y101        FDRE                         0.000     0.000 r  btn0db/FSM_sequential_etat_reg[2]/C
    SLICE_X36Y101        FDRE (Prop_fdre_C_Q)         0.148     0.148 r  btn0db/FSM_sequential_etat_reg[2]/Q
                         net (fo=5, routed)           0.086     0.234    btn0db/etat[2]
    SLICE_X36Y101        LUT4 (Prop_lut4_I1_O)        0.098     0.332 r  btn0db/FSM_sequential_etat[1]_i_1/O
                         net (fo=1, routed)           0.000     0.332    btn0db/FSM_sequential_etat[1]_i_1_n_0
    SLICE_X36Y101        FDRE                                         r  btn0db/FSM_sequential_etat_reg[1]/D
  -------------------------------------------------------------------    -------------------

Slack:                    inf
  Source:                 btn1db/bouton_2_reg/C
                            (rising edge-triggered cell FDRE)
  Destination:            btn1db/FSM_sequential_etat_reg[1]/D
  Path Group:             (none)
  Path Type:              Min at Fast Process Corner
  Data Path Delay:        0.336ns  (logic 0.186ns (55.323%)  route 0.150ns (44.677%))
  Logic Levels:           2  (FDRE=1 LUT4=1)

    Location             Delay type                Incr(ns)  Path(ns)    Netlist Resource(s)
  -------------------------------------------------------------------    -------------------
    SLICE_X43Y96         FDRE                         0.000     0.000 r  btn1db/bouton_2_reg/C
    SLICE_X43Y96         FDRE (Prop_fdre_C_Q)         0.141     0.141 r  btn1db/bouton_2_reg/Q
                         net (fo=3, routed)           0.150     0.291    btn1db/bouton_2
    SLICE_X42Y96         LUT4 (Prop_lut4_I2_O)        0.045     0.336 r  btn1db/FSM_sequential_etat[1]_i_1__0/O
                         net (fo=1, routed)           0.000     0.336    btn1db/FSM_sequential_etat[1]_i_1__0_n_0
    SLICE_X42Y96         FDRE                                         r  btn1db/FSM_sequential_etat_reg[1]/D
  -------------------------------------------------------------------    -------------------

Slack:                    inf
  Source:                 btn0db/bouton_2_reg/C
                            (rising edge-triggered cell FDRE)
  Destination:            btn0db/FSM_sequential_etat_reg[0]/D
  Path Group:             (none)
  Path Type:              Min at Fast Process Corner
  Data Path Delay:        0.337ns  (logic 0.186ns (55.159%)  route 0.151ns (44.841%))
  Logic Levels:           2  (FDRE=1 LUT5=1)

    Location             Delay type                Incr(ns)  Path(ns)    Netlist Resource(s)
  -------------------------------------------------------------------    -------------------
    SLICE_X37Y101        FDRE                         0.000     0.000 r  btn0db/bouton_2_reg/C
    SLICE_X37Y101        FDRE (Prop_fdre_C_Q)         0.141     0.141 r  btn0db/bouton_2_reg/Q
                         net (fo=3, routed)           0.151     0.292    btn0db/bouton_2
    SLICE_X36Y101        LUT5 (Prop_lut5_I2_O)        0.045     0.337 r  btn0db/FSM_sequential_etat[0]_i_1/O
                         net (fo=1, routed)           0.000     0.337    btn0db/FSM_sequential_etat[0]_i_1_n_0
    SLICE_X36Y101        FDRE                                         r  btn0db/FSM_sequential_etat_reg[0]/D
  -------------------------------------------------------------------    -------------------

Slack:                    inf
  Source:                 btn1db/bouton_2_reg/C
                            (rising edge-triggered cell FDRE)
  Destination:            btn1db/FSM_sequential_etat_reg[0]/D
  Path Group:             (none)
  Path Type:              Min at Fast Process Corner
  Data Path Delay:        0.337ns  (logic 0.186ns (55.159%)  route 0.151ns (44.841%))
  Logic Levels:           2  (FDRE=1 LUT5=1)

    Location             Delay type                Incr(ns)  Path(ns)    Netlist Resource(s)
  -------------------------------------------------------------------    -------------------
    SLICE_X43Y96         FDRE                         0.000     0.000 r  btn1db/bouton_2_reg/C
    SLICE_X43Y96         FDRE (Prop_fdre_C_Q)         0.141     0.141 r  btn1db/bouton_2_reg/Q
                         net (fo=3, routed)           0.151     0.292    btn1db/bouton_2
    SLICE_X42Y96         LUT5 (Prop_lut5_I2_O)        0.045     0.337 r  btn1db/FSM_sequential_etat[0]_i_1__0/O
                         net (fo=1, routed)           0.000     0.337    btn1db/FSM_sequential_etat[0]_i_1__0_n_0
    SLICE_X42Y96         FDRE                                         r  btn1db/FSM_sequential_etat_reg[0]/D
  -------------------------------------------------------------------    -------------------

Slack:                    inf
  Source:                 btn0db/bouton_2_reg/C
                            (rising edge-triggered cell FDRE)
  Destination:            btn0db/FSM_sequential_etat_reg[2]/D
  Path Group:             (none)
  Path Type:              Min at Fast Process Corner
  Data Path Delay:        0.338ns  (logic 0.187ns (55.291%)  route 0.151ns (44.709%))
  Logic Levels:           2  (FDRE=1 LUT5=1)

    Location             Delay type                Incr(ns)  Path(ns)    Netlist Resource(s)
  -------------------------------------------------------------------    -------------------
    SLICE_X37Y101        FDRE                         0.000     0.000 r  btn0db/bouton_2_reg/C
    SLICE_X37Y101        FDRE (Prop_fdre_C_Q)         0.141     0.141 f  btn0db/bouton_2_reg/Q
                         net (fo=3, routed)           0.151     0.292    btn0db/bouton_2
    SLICE_X36Y101        LUT5 (Prop_lut5_I2_O)        0.046     0.338 r  btn0db/FSM_sequential_etat[2]_i_1/O
                         net (fo=1, routed)           0.000     0.338    btn0db/FSM_sequential_etat[2]_i_1_n_0
    SLICE_X36Y101        FDRE                                         r  btn0db/FSM_sequential_etat_reg[2]/D
  -------------------------------------------------------------------    -------------------

Slack:                    inf
  Source:                 btn1db/bouton_2_reg/C
                            (rising edge-triggered cell FDRE)
  Destination:            btn1db/FSM_sequential_etat_reg[2]/D
  Path Group:             (none)
  Path Type:              Min at Fast Process Corner
  Data Path Delay:        0.338ns  (logic 0.187ns (55.291%)  route 0.151ns (44.709%))
  Logic Levels:           2  (FDRE=1 LUT5=1)

    Location             Delay type                Incr(ns)  Path(ns)    Netlist Resource(s)
  -------------------------------------------------------------------    -------------------
    SLICE_X43Y96         FDRE                         0.000     0.000 r  btn1db/bouton_2_reg/C
    SLICE_X43Y96         FDRE (Prop_fdre_C_Q)         0.141     0.141 f  btn1db/bouton_2_reg/Q
                         net (fo=3, routed)           0.151     0.292    btn1db/bouton_2
    SLICE_X42Y96         LUT5 (Prop_lut5_I2_O)        0.046     0.338 r  btn1db/FSM_sequential_etat[2]_i_1__0/O
                         net (fo=1, routed)           0.000     0.338    btn1db/FSM_sequential_etat[2]_i_1__0_n_0
    SLICE_X42Y96         FDRE                                         r  btn1db/FSM_sequential_etat_reg[2]/D
  -------------------------------------------------------------------    -------------------

Slack:                    inf
  Source:                 btn1db/bouton_1_reg/C
                            (rising edge-triggered cell FDRE)
  Destination:            btn1db/bouton_2_reg/D
  Path Group:             (none)
  Path Type:              Min at Fast Process Corner
  Data Path Delay:        0.342ns  (logic 0.141ns (41.226%)  route 0.201ns (58.774%))
  Logic Levels:           1  (FDRE=1)

    Location             Delay type                Incr(ns)  Path(ns)    Netlist Resource(s)
  -------------------------------------------------------------------    -------------------
    SLICE_X43Y96         FDRE                         0.000     0.000 r  btn1db/bouton_1_reg/C
    SLICE_X43Y96         FDRE (Prop_fdre_C_Q)         0.141     0.141 r  btn1db/bouton_1_reg/Q
                         net (fo=1, routed)           0.201     0.342    btn1db/bouton_1_reg_n_0
    SLICE_X43Y96         FDRE                                         r  btn1db/bouton_2_reg/D
  -------------------------------------------------------------------    -------------------

Slack:                    inf
  Source:                 inst_racine_carree/etat_reg/C
                            (rising edge-triggered cell FDCE)
  Destination:            inst_racine_carree/k_reg[1]/D
  Path Group:             (none)
  Path Type:              Min at Fast Process Corner
  Data Path Delay:        0.352ns  (logic 0.186ns (52.821%)  route 0.166ns (47.179%))
  Logic Levels:           2  (FDCE=1 LUT3=1)

    Location             Delay type                Incr(ns)  Path(ns)    Netlist Resource(s)
  -------------------------------------------------------------------    -------------------
    SLICE_X41Y96         FDCE                         0.000     0.000 r  inst_racine_carree/etat_reg/C
    SLICE_X41Y96         FDCE (Prop_fdce_C_Q)         0.141     0.141 r  inst_racine_carree/etat_reg/Q
                         net (fo=23, routed)          0.166     0.307    inst_racine_carree/etat
    SLICE_X42Y95         LUT3 (Prop_lut3_I2_O)        0.045     0.352 r  inst_racine_carree/k[1]_i_1/O
                         net (fo=1, routed)           0.000     0.352    inst_racine_carree/k[1]_i_1_n_0
    SLICE_X42Y95         FDCE                                         r  inst_racine_carree/k_reg[1]/D
  -------------------------------------------------------------------    -------------------

Slack:                    inf
  Source:                 inst_racine_carree/etat_reg/C
                            (rising edge-triggered cell FDCE)
  Destination:            inst_racine_carree/k_reg[2]/D
  Path Group:             (none)
  Path Type:              Min at Fast Process Corner
  Data Path Delay:        0.356ns  (logic 0.186ns (52.228%)  route 0.170ns (47.772%))
  Logic Levels:           2  (FDCE=1 LUT4=1)

    Location             Delay type                Incr(ns)  Path(ns)    Netlist Resource(s)
  -------------------------------------------------------------------    -------------------
    SLICE_X41Y96         FDCE                         0.000     0.000 r  inst_racine_carree/etat_reg/C
    SLICE_X41Y96         FDCE (Prop_fdce_C_Q)         0.141     0.141 r  inst_racine_carree/etat_reg/Q
                         net (fo=23, routed)          0.170     0.311    inst_racine_carree/etat
    SLICE_X42Y95         LUT4 (Prop_lut4_I0_O)        0.045     0.356 r  inst_racine_carree/k[2]_i_1/O
                         net (fo=1, routed)           0.000     0.356    inst_racine_carree/p_0_in__0[2]
    SLICE_X42Y95         FDCE                                         r  inst_racine_carree/k_reg[2]/D
  -------------------------------------------------------------------    -------------------

Slack:                    inf
  Source:                 inst_racine_carree/etat_reg/C
                            (rising edge-triggered cell FDCE)
  Destination:            inst_racine_carree/k_reg[3]/D
  Path Group:             (none)
  Path Type:              Min at Fast Process Corner
  Data Path Delay:        0.359ns  (logic 0.189ns (52.627%)  route 0.170ns (47.373%))
  Logic Levels:           2  (FDCE=1 LUT5=1)

    Location             Delay type                Incr(ns)  Path(ns)    Netlist Resource(s)
  -------------------------------------------------------------------    -------------------
    SLICE_X41Y96         FDCE                         0.000     0.000 r  inst_racine_carree/etat_reg/C
    SLICE_X41Y96         FDCE (Prop_fdce_C_Q)         0.141     0.141 r  inst_racine_carree/etat_reg/Q
                         net (fo=23, routed)          0.170     0.311    inst_racine_carree/etat
    SLICE_X42Y95         LUT5 (Prop_lut5_I0_O)        0.048     0.359 r  inst_racine_carree/k[3]_i_1/O
                         net (fo=1, routed)           0.000     0.359    inst_racine_carree/p_0_in__0[3]
    SLICE_X42Y95         FDCE                                         r  inst_racine_carree/k_reg[3]/D
  -------------------------------------------------------------------    -------------------





--------------------------------------------------------------------------------------
Path Group:  (none)
From Clock:  clk_fpga_0
  To Clock:  

Max Delay            85 Endpoints
Min Delay            85 Endpoints
--------------------------------------------------------------------------------------


Max Delay Paths
--------------------------------------------------------------------------------------
Slack:                    inf
  Source:                 por_inst/internal_reset_reg/C
                            (rising edge-triggered cell FDRE clocked by clk_fpga_0  {rise@0.000ns fall@5.000ns period=10.000ns})
  Destination:            inst_racine_carree/A_int_reg[2]/CLR
  Path Group:             (none)
  Path Type:              Max at Slow Process Corner
  Data Path Delay:        2.829ns  (logic 0.580ns (20.499%)  route 2.249ns (79.501%))
  Logic Levels:           1  (LUT4=1)
  Clock Uncertainty:      0.152ns  ((TSJ^2 + TIJ^2)^1/2 + DJ) / 2 + PE
    Total System Jitter     (TSJ):    0.050ns
    Total Input Jitter      (TIJ):    0.300ns
    Discrete Jitter          (DJ):    0.000ns
    Phase Error              (PE):    0.000ns

    Location             Delay type                Incr(ns)  Path(ns)    Netlist Resource(s)
  -------------------------------------------------------------------    -------------------
                         (clock clk_fpga_0 rise edge)
                                                      0.000     0.000 r  
    PS7_X0Y0             PS7                          0.000     0.000 r  zynq/zynq_i/processing_system7_0/inst/PS7_i/FCLKCLK[0]
                         net (fo=1, routed)           1.193     1.193    zynq/zynq_i/processing_system7_0/inst/FCLK_CLK_unbuffered[0]
    BUFGCTRL_X0Y16       BUFG (Prop_bufg_I_O)         0.101     1.294 r  zynq/zynq_i/processing_system7_0/inst/buffer_fclk_clk_0.FCLK_CLK_0_BUFG/O
                         net (fo=976, routed)         1.845     3.139    por_inst/CLK
    SLICE_X33Y102        FDRE                                         r  por_inst/internal_reset_reg/C
  -------------------------------------------------------------------    -------------------
    SLICE_X33Y102        FDRE (Prop_fdre_C_Q)         0.456     3.595 f  por_inst/internal_reset_reg/Q
                         net (fo=1, routed)           0.822     4.417    btn0db/po_rst
    SLICE_X36Y101        LUT4 (Prop_lut4_I0_O)        0.124     4.541 f  btn0db/xk[14]_i_3/O
                         net (fo=53, routed)          1.427     5.968    inst_racine_carree/AR[0]
    SLICE_X36Y86         FDCE                                         f  inst_racine_carree/A_int_reg[2]/CLR
  -------------------------------------------------------------------    -------------------

Slack:                    inf
  Source:                 por_inst/internal_reset_reg/C
                            (rising edge-triggered cell FDRE clocked by clk_fpga_0  {rise@0.000ns fall@5.000ns period=10.000ns})
  Destination:            inst_racine_carree/A_int_reg[4]/CLR
  Path Group:             (none)
  Path Type:              Max at Slow Process Corner
  Data Path Delay:        2.829ns  (logic 0.580ns (20.499%)  route 2.249ns (79.501%))
  Logic Levels:           1  (LUT4=1)
  Clock Uncertainty:      0.152ns  ((TSJ^2 + TIJ^2)^1/2 + DJ) / 2 + PE
    Total System Jitter     (TSJ):    0.050ns
    Total Input Jitter      (TIJ):    0.300ns
    Discrete Jitter          (DJ):    0.000ns
    Phase Error              (PE):    0.000ns

    Location             Delay type                Incr(ns)  Path(ns)    Netlist Resource(s)
  -------------------------------------------------------------------    -------------------
                         (clock clk_fpga_0 rise edge)
                                                      0.000     0.000 r  
    PS7_X0Y0             PS7                          0.000     0.000 r  zynq/zynq_i/processing_system7_0/inst/PS7_i/FCLKCLK[0]
                         net (fo=1, routed)           1.193     1.193    zynq/zynq_i/processing_system7_0/inst/FCLK_CLK_unbuffered[0]
    BUFGCTRL_X0Y16       BUFG (Prop_bufg_I_O)         0.101     1.294 r  zynq/zynq_i/processing_system7_0/inst/buffer_fclk_clk_0.FCLK_CLK_0_BUFG/O
                         net (fo=976, routed)         1.845     3.139    por_inst/CLK
    SLICE_X33Y102        FDRE                                         r  por_inst/internal_reset_reg/C
  -------------------------------------------------------------------    -------------------
    SLICE_X33Y102        FDRE (Prop_fdre_C_Q)         0.456     3.595 f  por_inst/internal_reset_reg/Q
                         net (fo=1, routed)           0.822     4.417    btn0db/po_rst
    SLICE_X36Y101        LUT4 (Prop_lut4_I0_O)        0.124     4.541 f  btn0db/xk[14]_i_3/O
                         net (fo=53, routed)          1.427     5.968    inst_racine_carree/AR[0]
    SLICE_X36Y86         FDCE                                         f  inst_racine_carree/A_int_reg[4]/CLR
  -------------------------------------------------------------------    -------------------

Slack:                    inf
  Source:                 por_inst/internal_reset_reg/C
                            (rising edge-triggered cell FDRE clocked by clk_fpga_0  {rise@0.000ns fall@5.000ns period=10.000ns})
  Destination:            inst_racine_carree/A_int_reg[17]/CLR
  Path Group:             (none)
  Path Type:              Max at Slow Process Corner
  Data Path Delay:        2.757ns  (logic 0.580ns (21.035%)  route 2.177ns (78.965%))
  Logic Levels:           1  (LUT4=1)
  Clock Uncertainty:      0.152ns  ((TSJ^2 + TIJ^2)^1/2 + DJ) / 2 + PE
    Total System Jitter     (TSJ):    0.050ns
    Total Input Jitter      (TIJ):    0.300ns
    Discrete Jitter          (DJ):    0.000ns
    Phase Error              (PE):    0.000ns

    Location             Delay type                Incr(ns)  Path(ns)    Netlist Resource(s)
  -------------------------------------------------------------------    -------------------
                         (clock clk_fpga_0 rise edge)
                                                      0.000     0.000 r  
    PS7_X0Y0             PS7                          0.000     0.000 r  zynq/zynq_i/processing_system7_0/inst/PS7_i/FCLKCLK[0]
                         net (fo=1, routed)           1.193     1.193    zynq/zynq_i/processing_system7_0/inst/FCLK_CLK_unbuffered[0]
    BUFGCTRL_X0Y16       BUFG (Prop_bufg_I_O)         0.101     1.294 r  zynq/zynq_i/processing_system7_0/inst/buffer_fclk_clk_0.FCLK_CLK_0_BUFG/O
                         net (fo=976, routed)         1.845     3.139    por_inst/CLK
    SLICE_X33Y102        FDRE                                         r  por_inst/internal_reset_reg/C
  -------------------------------------------------------------------    -------------------
    SLICE_X33Y102        FDRE (Prop_fdre_C_Q)         0.456     3.595 f  por_inst/internal_reset_reg/Q
                         net (fo=1, routed)           0.822     4.417    btn0db/po_rst
    SLICE_X36Y101        LUT4 (Prop_lut4_I0_O)        0.124     4.541 f  btn0db/xk[14]_i_3/O
                         net (fo=53, routed)          1.355     5.896    inst_racine_carree/AR[0]
    SLICE_X35Y90         FDCE                                         f  inst_racine_carree/A_int_reg[17]/CLR
  -------------------------------------------------------------------    -------------------

Slack:                    inf
  Source:                 por_inst/internal_reset_reg/C
                            (rising edge-triggered cell FDRE clocked by clk_fpga_0  {rise@0.000ns fall@5.000ns period=10.000ns})
  Destination:            inst_racine_carree/A_int_reg[21]/CLR
  Path Group:             (none)
  Path Type:              Max at Slow Process Corner
  Data Path Delay:        2.757ns  (logic 0.580ns (21.035%)  route 2.177ns (78.965%))
  Logic Levels:           1  (LUT4=1)
  Clock Uncertainty:      0.152ns  ((TSJ^2 + TIJ^2)^1/2 + DJ) / 2 + PE
    Total System Jitter     (TSJ):    0.050ns
    Total Input Jitter      (TIJ):    0.300ns
    Discrete Jitter          (DJ):    0.000ns
    Phase Error              (PE):    0.000ns

    Location             Delay type                Incr(ns)  Path(ns)    Netlist Resource(s)
  -------------------------------------------------------------------    -------------------
                         (clock clk_fpga_0 rise edge)
                                                      0.000     0.000 r  
    PS7_X0Y0             PS7                          0.000     0.000 r  zynq/zynq_i/processing_system7_0/inst/PS7_i/FCLKCLK[0]
                         net (fo=1, routed)           1.193     1.193    zynq/zynq_i/processing_system7_0/inst/FCLK_CLK_unbuffered[0]
    BUFGCTRL_X0Y16       BUFG (Prop_bufg_I_O)         0.101     1.294 r  zynq/zynq_i/processing_system7_0/inst/buffer_fclk_clk_0.FCLK_CLK_0_BUFG/O
                         net (fo=976, routed)         1.845     3.139    por_inst/CLK
    SLICE_X33Y102        FDRE                                         r  por_inst/internal_reset_reg/C
  -------------------------------------------------------------------    -------------------
    SLICE_X33Y102        FDRE (Prop_fdre_C_Q)         0.456     3.595 f  por_inst/internal_reset_reg/Q
                         net (fo=1, routed)           0.822     4.417    btn0db/po_rst
    SLICE_X36Y101        LUT4 (Prop_lut4_I0_O)        0.124     4.541 f  btn0db/xk[14]_i_3/O
                         net (fo=53, routed)          1.355     5.896    inst_racine_carree/AR[0]
    SLICE_X35Y90         FDCE                                         f  inst_racine_carree/A_int_reg[21]/CLR
  -------------------------------------------------------------------    -------------------

Slack:                    inf
  Source:                 por_inst/internal_reset_reg/C
                            (rising edge-triggered cell FDRE clocked by clk_fpga_0  {rise@0.000ns fall@5.000ns period=10.000ns})
  Destination:            inst_racine_carree/A_int_reg[23]/CLR
  Path Group:             (none)
  Path Type:              Max at Slow Process Corner
  Data Path Delay:        2.757ns  (logic 0.580ns (21.035%)  route 2.177ns (78.965%))
  Logic Levels:           1  (LUT4=1)
  Clock Uncertainty:      0.152ns  ((TSJ^2 + TIJ^2)^1/2 + DJ) / 2 + PE
    Total System Jitter     (TSJ):    0.050ns
    Total Input Jitter      (TIJ):    0.300ns
    Discrete Jitter          (DJ):    0.000ns
    Phase Error              (PE):    0.000ns

    Location             Delay type                Incr(ns)  Path(ns)    Netlist Resource(s)
  -------------------------------------------------------------------    -------------------
                         (clock clk_fpga_0 rise edge)
                                                      0.000     0.000 r  
    PS7_X0Y0             PS7                          0.000     0.000 r  zynq/zynq_i/processing_system7_0/inst/PS7_i/FCLKCLK[0]
                         net (fo=1, routed)           1.193     1.193    zynq/zynq_i/processing_system7_0/inst/FCLK_CLK_unbuffered[0]
    BUFGCTRL_X0Y16       BUFG (Prop_bufg_I_O)         0.101     1.294 r  zynq/zynq_i/processing_system7_0/inst/buffer_fclk_clk_0.FCLK_CLK_0_BUFG/O
                         net (fo=976, routed)         1.845     3.139    por_inst/CLK
    SLICE_X33Y102        FDRE                                         r  por_inst/internal_reset_reg/C
  -------------------------------------------------------------------    -------------------
    SLICE_X33Y102        FDRE (Prop_fdre_C_Q)         0.456     3.595 f  por_inst/internal_reset_reg/Q
                         net (fo=1, routed)           0.822     4.417    btn0db/po_rst
    SLICE_X36Y101        LUT4 (Prop_lut4_I0_O)        0.124     4.541 f  btn0db/xk[14]_i_3/O
                         net (fo=53, routed)          1.355     5.896    inst_racine_carree/AR[0]
    SLICE_X35Y90         FDCE                                         f  inst_racine_carree/A_int_reg[23]/CLR
  -------------------------------------------------------------------    -------------------

Slack:                    inf
  Source:                 por_inst/internal_reset_reg/C
                            (rising edge-triggered cell FDRE clocked by clk_fpga_0  {rise@0.000ns fall@5.000ns period=10.000ns})
  Destination:            inst_racine_carree/A_int_reg[26]/CLR
  Path Group:             (none)
  Path Type:              Max at Slow Process Corner
  Data Path Delay:        2.757ns  (logic 0.580ns (21.035%)  route 2.177ns (78.965%))
  Logic Levels:           1  (LUT4=1)
  Clock Uncertainty:      0.152ns  ((TSJ^2 + TIJ^2)^1/2 + DJ) / 2 + PE
    Total System Jitter     (TSJ):    0.050ns
    Total Input Jitter      (TIJ):    0.300ns
    Discrete Jitter          (DJ):    0.000ns
    Phase Error              (PE):    0.000ns

    Location             Delay type                Incr(ns)  Path(ns)    Netlist Resource(s)
  -------------------------------------------------------------------    -------------------
                         (clock clk_fpga_0 rise edge)
                                                      0.000     0.000 r  
    PS7_X0Y0             PS7                          0.000     0.000 r  zynq/zynq_i/processing_system7_0/inst/PS7_i/FCLKCLK[0]
                         net (fo=1, routed)           1.193     1.193    zynq/zynq_i/processing_system7_0/inst/FCLK_CLK_unbuffered[0]
    BUFGCTRL_X0Y16       BUFG (Prop_bufg_I_O)         0.101     1.294 r  zynq/zynq_i/processing_system7_0/inst/buffer_fclk_clk_0.FCLK_CLK_0_BUFG/O
                         net (fo=976, routed)         1.845     3.139    por_inst/CLK
    SLICE_X33Y102        FDRE                                         r  por_inst/internal_reset_reg/C
  -------------------------------------------------------------------    -------------------
    SLICE_X33Y102        FDRE (Prop_fdre_C_Q)         0.456     3.595 f  por_inst/internal_reset_reg/Q
                         net (fo=1, routed)           0.822     4.417    btn0db/po_rst
    SLICE_X36Y101        LUT4 (Prop_lut4_I0_O)        0.124     4.541 f  btn0db/xk[14]_i_3/O
                         net (fo=53, routed)          1.355     5.896    inst_racine_carree/AR[0]
    SLICE_X35Y90         FDCE                                         f  inst_racine_carree/A_int_reg[26]/CLR
  -------------------------------------------------------------------    -------------------

Slack:                    inf
  Source:                 por_inst/internal_reset_reg/C
                            (rising edge-triggered cell FDRE clocked by clk_fpga_0  {rise@0.000ns fall@5.000ns period=10.000ns})
  Destination:            inst_racine_carree/A_int_reg[27]/CLR
  Path Group:             (none)
  Path Type:              Max at Slow Process Corner
  Data Path Delay:        2.757ns  (logic 0.580ns (21.035%)  route 2.177ns (78.965%))
  Logic Levels:           1  (LUT4=1)
  Clock Uncertainty:      0.152ns  ((TSJ^2 + TIJ^2)^1/2 + DJ) / 2 + PE
    Total System Jitter     (TSJ):    0.050ns
    Total Input Jitter      (TIJ):    0.300ns
    Discrete Jitter          (DJ):    0.000ns
    Phase Error              (PE):    0.000ns

    Location             Delay type                Incr(ns)  Path(ns)    Netlist Resource(s)
  -------------------------------------------------------------------    -------------------
                         (clock clk_fpga_0 rise edge)
                                                      0.000     0.000 r  
    PS7_X0Y0             PS7                          0.000     0.000 r  zynq/zynq_i/processing_system7_0/inst/PS7_i/FCLKCLK[0]
                         net (fo=1, routed)           1.193     1.193    zynq/zynq_i/processing_system7_0/inst/FCLK_CLK_unbuffered[0]
    BUFGCTRL_X0Y16       BUFG (Prop_bufg_I_O)         0.101     1.294 r  zynq/zynq_i/processing_system7_0/inst/buffer_fclk_clk_0.FCLK_CLK_0_BUFG/O
                         net (fo=976, routed)         1.845     3.139    por_inst/CLK
    SLICE_X33Y102        FDRE                                         r  por_inst/internal_reset_reg/C
  -------------------------------------------------------------------    -------------------
    SLICE_X33Y102        FDRE (Prop_fdre_C_Q)         0.456     3.595 f  por_inst/internal_reset_reg/Q
                         net (fo=1, routed)           0.822     4.417    btn0db/po_rst
    SLICE_X36Y101        LUT4 (Prop_lut4_I0_O)        0.124     4.541 f  btn0db/xk[14]_i_3/O
                         net (fo=53, routed)          1.355     5.896    inst_racine_carree/AR[0]
    SLICE_X35Y90         FDCE                                         f  inst_racine_carree/A_int_reg[27]/CLR
  -------------------------------------------------------------------    -------------------

Slack:                    inf
  Source:                 por_inst/internal_reset_reg/C
                            (rising edge-triggered cell FDRE clocked by clk_fpga_0  {rise@0.000ns fall@5.000ns period=10.000ns})
  Destination:            inst_racine_carree/A_int_reg[31]/CLR
  Path Group:             (none)
  Path Type:              Max at Slow Process Corner
  Data Path Delay:        2.757ns  (logic 0.580ns (21.035%)  route 2.177ns (78.965%))
  Logic Levels:           1  (LUT4=1)
  Clock Uncertainty:      0.152ns  ((TSJ^2 + TIJ^2)^1/2 + DJ) / 2 + PE
    Total System Jitter     (TSJ):    0.050ns
    Total Input Jitter      (TIJ):    0.300ns
    Discrete Jitter          (DJ):    0.000ns
    Phase Error              (PE):    0.000ns

    Location             Delay type                Incr(ns)  Path(ns)    Netlist Resource(s)
  -------------------------------------------------------------------    -------------------
                         (clock clk_fpga_0 rise edge)
                                                      0.000     0.000 r  
    PS7_X0Y0             PS7                          0.000     0.000 r  zynq/zynq_i/processing_system7_0/inst/PS7_i/FCLKCLK[0]
                         net (fo=1, routed)           1.193     1.193    zynq/zynq_i/processing_system7_0/inst/FCLK_CLK_unbuffered[0]
    BUFGCTRL_X0Y16       BUFG (Prop_bufg_I_O)         0.101     1.294 r  zynq/zynq_i/processing_system7_0/inst/buffer_fclk_clk_0.FCLK_CLK_0_BUFG/O
                         net (fo=976, routed)         1.845     3.139    por_inst/CLK
    SLICE_X33Y102        FDRE                                         r  por_inst/internal_reset_reg/C
  -------------------------------------------------------------------    -------------------
    SLICE_X33Y102        FDRE (Prop_fdre_C_Q)         0.456     3.595 f  por_inst/internal_reset_reg/Q
                         net (fo=1, routed)           0.822     4.417    btn0db/po_rst
    SLICE_X36Y101        LUT4 (Prop_lut4_I0_O)        0.124     4.541 f  btn0db/xk[14]_i_3/O
                         net (fo=53, routed)          1.355     5.896    inst_racine_carree/AR[0]
    SLICE_X35Y90         FDCE                                         f  inst_racine_carree/A_int_reg[31]/CLR
  -------------------------------------------------------------------    -------------------

Slack:                    inf
  Source:                 por_inst/internal_reset_reg/C
                            (rising edge-triggered cell FDRE clocked by clk_fpga_0  {rise@0.000ns fall@5.000ns period=10.000ns})
  Destination:            inst_racine_carree/xk_reg[10]/CLR
  Path Group:             (none)
  Path Type:              Max at Slow Process Corner
  Data Path Delay:        2.629ns  (logic 0.580ns (22.061%)  route 2.049ns (77.939%))
  Logic Levels:           1  (LUT4=1)
  Clock Uncertainty:      0.152ns  ((TSJ^2 + TIJ^2)^1/2 + DJ) / 2 + PE
    Total System Jitter     (TSJ):    0.050ns
    Total Input Jitter      (TIJ):    0.300ns
    Discrete Jitter          (DJ):    0.000ns
    Phase Error              (PE):    0.000ns

    Location             Delay type                Incr(ns)  Path(ns)    Netlist Resource(s)
  -------------------------------------------------------------------    -------------------
                         (clock clk_fpga_0 rise edge)
                                                      0.000     0.000 r  
    PS7_X0Y0             PS7                          0.000     0.000 r  zynq/zynq_i/processing_system7_0/inst/PS7_i/FCLKCLK[0]
                         net (fo=1, routed)           1.193     1.193    zynq/zynq_i/processing_system7_0/inst/FCLK_CLK_unbuffered[0]
    BUFGCTRL_X0Y16       BUFG (Prop_bufg_I_O)         0.101     1.294 r  zynq/zynq_i/processing_system7_0/inst/buffer_fclk_clk_0.FCLK_CLK_0_BUFG/O
                         net (fo=976, routed)         1.845     3.139    por_inst/CLK
    SLICE_X33Y102        FDRE                                         r  por_inst/internal_reset_reg/C
  -------------------------------------------------------------------    -------------------
    SLICE_X33Y102        FDRE (Prop_fdre_C_Q)         0.456     3.595 f  por_inst/internal_reset_reg/Q
                         net (fo=1, routed)           0.822     4.417    btn0db/po_rst
    SLICE_X36Y101        LUT4 (Prop_lut4_I0_O)        0.124     4.541 f  btn0db/xk[14]_i_3/O
                         net (fo=53, routed)          1.227     5.768    inst_racine_carree/AR[0]
    SLICE_X39Y88         FDCE                                         f  inst_racine_carree/xk_reg[10]/CLR
  -------------------------------------------------------------------    -------------------

Slack:                    inf
  Source:                 por_inst/internal_reset_reg/C
                            (rising edge-triggered cell FDRE clocked by clk_fpga_0  {rise@0.000ns fall@5.000ns period=10.000ns})
  Destination:            inst_racine_carree/xk_reg[7]/CLR
  Path Group:             (none)
  Path Type:              Max at Slow Process Corner
  Data Path Delay:        2.629ns  (logic 0.580ns (22.061%)  route 2.049ns (77.939%))
  Logic Levels:           1  (LUT4=1)
  Clock Uncertainty:      0.152ns  ((TSJ^2 + TIJ^2)^1/2 + DJ) / 2 + PE
    Total System Jitter     (TSJ):    0.050ns
    Total Input Jitter      (TIJ):    0.300ns
    Discrete Jitter          (DJ):    0.000ns
    Phase Error              (PE):    0.000ns

    Location             Delay type                Incr(ns)  Path(ns)    Netlist Resource(s)
  -------------------------------------------------------------------    -------------------
                         (clock clk_fpga_0 rise edge)
                                                      0.000     0.000 r  
    PS7_X0Y0             PS7                          0.000     0.000 r  zynq/zynq_i/processing_system7_0/inst/PS7_i/FCLKCLK[0]
                         net (fo=1, routed)           1.193     1.193    zynq/zynq_i/processing_system7_0/inst/FCLK_CLK_unbuffered[0]
    BUFGCTRL_X0Y16       BUFG (Prop_bufg_I_O)         0.101     1.294 r  zynq/zynq_i/processing_system7_0/inst/buffer_fclk_clk_0.FCLK_CLK_0_BUFG/O
                         net (fo=976, routed)         1.845     3.139    por_inst/CLK
    SLICE_X33Y102        FDRE                                         r  por_inst/internal_reset_reg/C
  -------------------------------------------------------------------    -------------------
    SLICE_X33Y102        FDRE (Prop_fdre_C_Q)         0.456     3.595 f  por_inst/internal_reset_reg/Q
                         net (fo=1, routed)           0.822     4.417    btn0db/po_rst
    SLICE_X36Y101        LUT4 (Prop_lut4_I0_O)        0.124     4.541 f  btn0db/xk[14]_i_3/O
                         net (fo=53, routed)          1.227     5.768    inst_racine_carree/AR[0]
    SLICE_X39Y88         FDCE                                         f  inst_racine_carree/xk_reg[7]/CLR
  -------------------------------------------------------------------    -------------------





Min Delay Paths
--------------------------------------------------------------------------------------
Slack:                    inf
  Source:                 zynq/zynq_i/axi_gpio_0/U0/gpio_core_1/Dual.gpio_Data_Out_reg[17]/C
                            (rising edge-triggered cell FDRE clocked by clk_fpga_0  {rise@0.000ns fall@5.000ns period=10.000ns})
  Destination:            inst_racine_carree/A_int_reg[14]/D
  Path Group:             (none)
  Path Type:              Min at Fast Process Corner
  Data Path Delay:        0.254ns  (logic 0.141ns (55.431%)  route 0.113ns (44.569%))
  Logic Levels:           0  
  Clock Uncertainty:      0.152ns  ((TSJ^2 + TIJ^2)^1/2 + DJ) / 2 + PE
    Total System Jitter     (TSJ):    0.050ns
    Total Input Jitter      (TIJ):    0.300ns
    Discrete Jitter          (DJ):    0.000ns
    Phase Error              (PE):    0.000ns

    Location             Delay type                Incr(ns)  Path(ns)    Netlist Resource(s)
  -------------------------------------------------------------------    -------------------
                         (clock clk_fpga_0 rise edge)
                                                      0.000     0.000 r  
    PS7_X0Y0             PS7                          0.000     0.000 r  zynq/zynq_i/processing_system7_0/inst/PS7_i/FCLKCLK[0]
                         net (fo=1, routed)           0.310     0.310    zynq/zynq_i/processing_system7_0/inst/FCLK_CLK_unbuffered[0]
    BUFGCTRL_X0Y16       BUFG (Prop_bufg_I_O)         0.026     0.336 r  zynq/zynq_i/processing_system7_0/inst/buffer_fclk_clk_0.FCLK_CLK_0_BUFG/O
                         net (fo=976, routed)         0.556     0.892    zynq/zynq_i/axi_gpio_0/U0/gpio_core_1/s_axi_aclk
    SLICE_X39Y95         FDRE                                         r  zynq/zynq_i/axi_gpio_0/U0/gpio_core_1/Dual.gpio_Data_Out_reg[17]/C
  -------------------------------------------------------------------    -------------------
    SLICE_X39Y95         FDRE (Prop_fdre_C_Q)         0.141     1.033 r  zynq/zynq_i/axi_gpio_0/U0/gpio_core_1/Dual.gpio_Data_Out_reg[17]/Q
                         net (fo=2, routed)           0.113     1.146    inst_racine_carree/D[14]
    SLICE_X36Y95         FDCE                                         r  inst_racine_carree/A_int_reg[14]/D
  -------------------------------------------------------------------    -------------------

Slack:                    inf
  Source:                 zynq/zynq_i/axi_gpio_0/U0/gpio_core_1/Dual.gpio_Data_Out_reg[13]/C
                            (rising edge-triggered cell FDRE clocked by clk_fpga_0  {rise@0.000ns fall@5.000ns period=10.000ns})
  Destination:            inst_racine_carree/A_int_reg[18]/D
  Path Group:             (none)
  Path Type:              Min at Fast Process Corner
  Data Path Delay:        0.263ns  (logic 0.141ns (53.584%)  route 0.122ns (46.416%))
  Logic Levels:           0  
  Clock Uncertainty:      0.152ns  ((TSJ^2 + TIJ^2)^1/2 + DJ) / 2 + PE
    Total System Jitter     (TSJ):    0.050ns
    Total Input Jitter      (TIJ):    0.300ns
    Discrete Jitter          (DJ):    0.000ns
    Phase Error              (PE):    0.000ns

    Location             Delay type                Incr(ns)  Path(ns)    Netlist Resource(s)
  -------------------------------------------------------------------    -------------------
                         (clock clk_fpga_0 rise edge)
                                                      0.000     0.000 r  
    PS7_X0Y0             PS7                          0.000     0.000 r  zynq/zynq_i/processing_system7_0/inst/PS7_i/FCLKCLK[0]
                         net (fo=1, routed)           0.310     0.310    zynq/zynq_i/processing_system7_0/inst/FCLK_CLK_unbuffered[0]
    BUFGCTRL_X0Y16       BUFG (Prop_bufg_I_O)         0.026     0.336 r  zynq/zynq_i/processing_system7_0/inst/buffer_fclk_clk_0.FCLK_CLK_0_BUFG/O
                         net (fo=976, routed)         0.556     0.892    zynq/zynq_i/axi_gpio_0/U0/gpio_core_1/s_axi_aclk
    SLICE_X37Y96         FDRE                                         r  zynq/zynq_i/axi_gpio_0/U0/gpio_core_1/Dual.gpio_Data_Out_reg[13]/C
  -------------------------------------------------------------------    -------------------
    SLICE_X37Y96         FDRE (Prop_fdre_C_Q)         0.141     1.033 r  zynq/zynq_i/axi_gpio_0/U0/gpio_core_1/Dual.gpio_Data_Out_reg[13]/Q
                         net (fo=2, routed)           0.122     1.155    inst_racine_carree/D[18]
    SLICE_X36Y95         FDCE                                         r  inst_racine_carree/A_int_reg[18]/D
  -------------------------------------------------------------------    -------------------

Slack:                    inf
  Source:                 zynq/zynq_i/axi_gpio_0/U0/gpio_core_1/Dual.gpio_Data_Out_reg[11]/C
                            (rising edge-triggered cell FDRE clocked by clk_fpga_0  {rise@0.000ns fall@5.000ns period=10.000ns})
  Destination:            inst_racine_carree/A_int_reg[20]/D
  Path Group:             (none)
  Path Type:              Min at Fast Process Corner
  Data Path Delay:        0.263ns  (logic 0.141ns (53.571%)  route 0.122ns (46.429%))
  Logic Levels:           0  
  Clock Uncertainty:      0.152ns  ((TSJ^2 + TIJ^2)^1/2 + DJ) / 2 + PE
    Total System Jitter     (TSJ):    0.050ns
    Total Input Jitter      (TIJ):    0.300ns
    Discrete Jitter          (DJ):    0.000ns
    Phase Error              (PE):    0.000ns

    Location             Delay type                Incr(ns)  Path(ns)    Netlist Resource(s)
  -------------------------------------------------------------------    -------------------
                         (clock clk_fpga_0 rise edge)
                                                      0.000     0.000 r  
    PS7_X0Y0             PS7                          0.000     0.000 r  zynq/zynq_i/processing_system7_0/inst/PS7_i/FCLKCLK[0]
                         net (fo=1, routed)           0.310     0.310    zynq/zynq_i/processing_system7_0/inst/FCLK_CLK_unbuffered[0]
    BUFGCTRL_X0Y16       BUFG (Prop_bufg_I_O)         0.026     0.336 r  zynq/zynq_i/processing_system7_0/inst/buffer_fclk_clk_0.FCLK_CLK_0_BUFG/O
                         net (fo=976, routed)         0.556     0.892    zynq/zynq_i/axi_gpio_0/U0/gpio_core_1/s_axi_aclk
    SLICE_X37Y96         FDRE                                         r  zynq/zynq_i/axi_gpio_0/U0/gpio_core_1/Dual.gpio_Data_Out_reg[11]/C
  -------------------------------------------------------------------    -------------------
    SLICE_X37Y96         FDRE (Prop_fdre_C_Q)         0.141     1.033 r  zynq/zynq_i/axi_gpio_0/U0/gpio_core_1/Dual.gpio_Data_Out_reg[11]/Q
                         net (fo=2, routed)           0.122     1.155    inst_racine_carree/D[20]
    SLICE_X36Y95         FDCE                                         r  inst_racine_carree/A_int_reg[20]/D
  -------------------------------------------------------------------    -------------------

Slack:                    inf
  Source:                 zynq/zynq_i/axi_gpio_0/U0/gpio_core_1/Dual.gpio_Data_Out_reg[12]/C
                            (rising edge-triggered cell FDRE clocked by clk_fpga_0  {rise@0.000ns fall@5.000ns period=10.000ns})
  Destination:            inst_racine_carree/A_int_reg[19]/D
  Path Group:             (none)
  Path Type:              Min at Fast Process Corner
  Data Path Delay:        0.264ns  (logic 0.141ns (53.433%)  route 0.123ns (46.567%))
  Logic Levels:           0  
  Clock Uncertainty:      0.152ns  ((TSJ^2 + TIJ^2)^1/2 + DJ) / 2 + PE
    Total System Jitter     (TSJ):    0.050ns
    Total Input Jitter      (TIJ):    0.300ns
    Discrete Jitter          (DJ):    0.000ns
    Phase Error              (PE):    0.000ns

    Location             Delay type                Incr(ns)  Path(ns)    Netlist Resource(s)
  -------------------------------------------------------------------    -------------------
                         (clock clk_fpga_0 rise edge)
                                                      0.000     0.000 r  
    PS7_X0Y0             PS7                          0.000     0.000 r  zynq/zynq_i/processing_system7_0/inst/PS7_i/FCLKCLK[0]
                         net (fo=1, routed)           0.310     0.310    zynq/zynq_i/processing_system7_0/inst/FCLK_CLK_unbuffered[0]
    BUFGCTRL_X0Y16       BUFG (Prop_bufg_I_O)         0.026     0.336 r  zynq/zynq_i/processing_system7_0/inst/buffer_fclk_clk_0.FCLK_CLK_0_BUFG/O
                         net (fo=976, routed)         0.556     0.892    zynq/zynq_i/axi_gpio_0/U0/gpio_core_1/s_axi_aclk
    SLICE_X37Y96         FDRE                                         r  zynq/zynq_i/axi_gpio_0/U0/gpio_core_1/Dual.gpio_Data_Out_reg[12]/C
  -------------------------------------------------------------------    -------------------
    SLICE_X37Y96         FDRE (Prop_fdre_C_Q)         0.141     1.033 r  zynq/zynq_i/axi_gpio_0/U0/gpio_core_1/Dual.gpio_Data_Out_reg[12]/Q
                         net (fo=2, routed)           0.123     1.155    inst_racine_carree/D[19]
    SLICE_X36Y95         FDCE                                         r  inst_racine_carree/A_int_reg[19]/D
  -------------------------------------------------------------------    -------------------

Slack:                    inf
  Source:                 zynq/zynq_i/axi_gpio_0/U0/gpio_core_1/Dual.gpio_Data_Out_reg[26]/C
                            (rising edge-triggered cell FDRE clocked by clk_fpga_0  {rise@0.000ns fall@5.000ns period=10.000ns})
  Destination:            inst_racine_carree/A_int_reg[5]/D
  Path Group:             (none)
  Path Type:              Min at Fast Process Corner
  Data Path Delay:        0.319ns  (logic 0.164ns (51.484%)  route 0.155ns (48.516%))
  Logic Levels:           0  
  Clock Uncertainty:      0.152ns  ((TSJ^2 + TIJ^2)^1/2 + DJ) / 2 + PE
    Total System Jitter     (TSJ):    0.050ns
    Total Input Jitter      (TIJ):    0.300ns
    Discrete Jitter          (DJ):    0.000ns
    Phase Error              (PE):    0.000ns

    Location             Delay type                Incr(ns)  Path(ns)    Netlist Resource(s)
  -------------------------------------------------------------------    -------------------
                         (clock clk_fpga_0 rise edge)
                                                      0.000     0.000 r  
    PS7_X0Y0             PS7                          0.000     0.000 r  zynq/zynq_i/processing_system7_0/inst/PS7_i/FCLKCLK[0]
                         net (fo=1, routed)           0.310     0.310    zynq/zynq_i/processing_system7_0/inst/FCLK_CLK_unbuffered[0]
    BUFGCTRL_X0Y16       BUFG (Prop_bufg_I_O)         0.026     0.336 r  zynq/zynq_i/processing_system7_0/inst/buffer_fclk_clk_0.FCLK_CLK_0_BUFG/O
                         net (fo=976, routed)         0.554     0.890    zynq/zynq_i/axi_gpio_0/U0/gpio_core_1/s_axi_aclk
    SLICE_X36Y89         FDRE                                         r  zynq/zynq_i/axi_gpio_0/U0/gpio_core_1/Dual.gpio_Data_Out_reg[26]/C
  -------------------------------------------------------------------    -------------------
    SLICE_X36Y89         FDRE (Prop_fdre_C_Q)         0.164     1.054 r  zynq/zynq_i/axi_gpio_0/U0/gpio_core_1/Dual.gpio_Data_Out_reg[26]/Q
                         net (fo=2, routed)           0.155     1.208    inst_racine_carree/D[5]
    SLICE_X37Y87         FDCE                                         r  inst_racine_carree/A_int_reg[5]/D
  -------------------------------------------------------------------    -------------------

Slack:                    inf
  Source:                 zynq/zynq_i/axi_gpio_0/U0/gpio_core_1/Dual.gpio_Data_Out_reg[15]/C
                            (rising edge-triggered cell FDRE clocked by clk_fpga_0  {rise@0.000ns fall@5.000ns period=10.000ns})
  Destination:            inst_racine_carree/A_int_reg[16]/D
  Path Group:             (none)
  Path Type:              Min at Fast Process Corner
  Data Path Delay:        0.317ns  (logic 0.141ns (44.483%)  route 0.176ns (55.517%))
  Logic Levels:           0  
  Clock Uncertainty:      0.152ns  ((TSJ^2 + TIJ^2)^1/2 + DJ) / 2 + PE
    Total System Jitter     (TSJ):    0.050ns
    Total Input Jitter      (TIJ):    0.300ns
    Discrete Jitter          (DJ):    0.000ns
    Phase Error              (PE):    0.000ns

    Location             Delay type                Incr(ns)  Path(ns)    Netlist Resource(s)
  -------------------------------------------------------------------    -------------------
                         (clock clk_fpga_0 rise edge)
                                                      0.000     0.000 r  
    PS7_X0Y0             PS7                          0.000     0.000 r  zynq/zynq_i/processing_system7_0/inst/PS7_i/FCLKCLK[0]
                         net (fo=1, routed)           0.310     0.310    zynq/zynq_i/processing_system7_0/inst/FCLK_CLK_unbuffered[0]
    BUFGCTRL_X0Y16       BUFG (Prop_bufg_I_O)         0.026     0.336 r  zynq/zynq_i/processing_system7_0/inst/buffer_fclk_clk_0.FCLK_CLK_0_BUFG/O
                         net (fo=976, routed)         0.556     0.892    zynq/zynq_i/axi_gpio_0/U0/gpio_core_1/s_axi_aclk
    SLICE_X37Y96         FDRE                                         r  zynq/zynq_i/axi_gpio_0/U0/gpio_core_1/Dual.gpio_Data_Out_reg[15]/C
  -------------------------------------------------------------------    -------------------
    SLICE_X37Y96         FDRE (Prop_fdre_C_Q)         0.141     1.033 r  zynq/zynq_i/axi_gpio_0/U0/gpio_core_1/Dual.gpio_Data_Out_reg[15]/Q
                         net (fo=2, routed)           0.176     1.209    inst_racine_carree/D[16]
    SLICE_X36Y95         FDCE                                         r  inst_racine_carree/A_int_reg[16]/D
  -------------------------------------------------------------------    -------------------

Slack:                    inf
  Source:                 zynq/zynq_i/axi_gpio_0/U0/gpio_core_1/Dual.gpio_Data_Out_reg[18]/C
                            (rising edge-triggered cell FDRE clocked by clk_fpga_0  {rise@0.000ns fall@5.000ns period=10.000ns})
  Destination:            inst_racine_carree/A_int_reg[13]/D
  Path Group:             (none)
  Path Type:              Min at Fast Process Corner
  Data Path Delay:        0.325ns  (logic 0.141ns (43.344%)  route 0.184ns (56.656%))
  Logic Levels:           0  
  Clock Uncertainty:      0.152ns  ((TSJ^2 + TIJ^2)^1/2 + DJ) / 2 + PE
    Total System Jitter     (TSJ):    0.050ns
    Total Input Jitter      (TIJ):    0.300ns
    Discrete Jitter          (DJ):    0.000ns
    Phase Error              (PE):    0.000ns

    Location             Delay type                Incr(ns)  Path(ns)    Netlist Resource(s)
  -------------------------------------------------------------------    -------------------
                         (clock clk_fpga_0 rise edge)
                                                      0.000     0.000 r  
    PS7_X0Y0             PS7                          0.000     0.000 r  zynq/zynq_i/processing_system7_0/inst/PS7_i/FCLKCLK[0]
                         net (fo=1, routed)           0.310     0.310    zynq/zynq_i/processing_system7_0/inst/FCLK_CLK_unbuffered[0]
    BUFGCTRL_X0Y16       BUFG (Prop_bufg_I_O)         0.026     0.336 r  zynq/zynq_i/processing_system7_0/inst/buffer_fclk_clk_0.FCLK_CLK_0_BUFG/O
                         net (fo=976, routed)         0.556     0.892    zynq/zynq_i/axi_gpio_0/U0/gpio_core_1/s_axi_aclk
    SLICE_X37Y93         FDRE                                         r  zynq/zynq_i/axi_gpio_0/U0/gpio_core_1/Dual.gpio_Data_Out_reg[18]/C
  -------------------------------------------------------------------    -------------------
    SLICE_X37Y93         FDRE (Prop_fdre_C_Q)         0.141     1.033 r  zynq/zynq_i/axi_gpio_0/U0/gpio_core_1/Dual.gpio_Data_Out_reg[18]/Q
                         net (fo=2, routed)           0.184     1.217    inst_racine_carree/D[13]
    SLICE_X36Y90         FDCE                                         r  inst_racine_carree/A_int_reg[13]/D
  -------------------------------------------------------------------    -------------------

Slack:                    inf
  Source:                 zynq/zynq_i/axi_gpio_0/U0/gpio_core_1/Dual.gpio_Data_Out_reg[2]/C
                            (rising edge-triggered cell FDRE clocked by clk_fpga_0  {rise@0.000ns fall@5.000ns period=10.000ns})
  Destination:            inst_racine_carree/A_int_reg[29]/D
  Path Group:             (none)
  Path Type:              Min at Fast Process Corner
  Data Path Delay:        0.326ns  (logic 0.141ns (43.209%)  route 0.185ns (56.791%))
  Logic Levels:           0  
  Clock Uncertainty:      0.152ns  ((TSJ^2 + TIJ^2)^1/2 + DJ) / 2 + PE
    Total System Jitter     (TSJ):    0.050ns
    Total Input Jitter      (TIJ):    0.300ns
    Discrete Jitter          (DJ):    0.000ns
    Phase Error              (PE):    0.000ns

    Location             Delay type                Incr(ns)  Path(ns)    Netlist Resource(s)
  -------------------------------------------------------------------    -------------------
                         (clock clk_fpga_0 rise edge)
                                                      0.000     0.000 r  
    PS7_X0Y0             PS7                          0.000     0.000 r  zynq/zynq_i/processing_system7_0/inst/PS7_i/FCLKCLK[0]
                         net (fo=1, routed)           0.310     0.310    zynq/zynq_i/processing_system7_0/inst/FCLK_CLK_unbuffered[0]
    BUFGCTRL_X0Y16       BUFG (Prop_bufg_I_O)         0.026     0.336 r  zynq/zynq_i/processing_system7_0/inst/buffer_fclk_clk_0.FCLK_CLK_0_BUFG/O
                         net (fo=976, routed)         0.559     0.895    zynq/zynq_i/axi_gpio_0/U0/gpio_core_1/s_axi_aclk
    SLICE_X33Y98         FDRE                                         r  zynq/zynq_i/axi_gpio_0/U0/gpio_core_1/Dual.gpio_Data_Out_reg[2]/C
  -------------------------------------------------------------------    -------------------
    SLICE_X33Y98         FDRE (Prop_fdre_C_Q)         0.141     1.036 r  zynq/zynq_i/axi_gpio_0/U0/gpio_core_1/Dual.gpio_Data_Out_reg[2]/Q
                         net (fo=2, routed)           0.185     1.221    inst_racine_carree/D[29]
    SLICE_X35Y95         FDCE                                         r  inst_racine_carree/A_int_reg[29]/D
  -------------------------------------------------------------------    -------------------

Slack:                    inf
  Source:                 zynq/zynq_i/axi_gpio_0/U0/gpio_core_1/Dual.gpio_Data_Out_reg[6]/C
                            (rising edge-triggered cell FDRE clocked by clk_fpga_0  {rise@0.000ns fall@5.000ns period=10.000ns})
  Destination:            inst_racine_carree/A_int_reg[25]/D
  Path Group:             (none)
  Path Type:              Min at Fast Process Corner
  Data Path Delay:        0.341ns  (logic 0.128ns (37.587%)  route 0.213ns (62.413%))
  Logic Levels:           0  
  Clock Uncertainty:      0.152ns  ((TSJ^2 + TIJ^2)^1/2 + DJ) / 2 + PE
    Total System Jitter     (TSJ):    0.050ns
    Total Input Jitter      (TIJ):    0.300ns
    Discrete Jitter          (DJ):    0.000ns
    Phase Error              (PE):    0.000ns

    Location             Delay type                Incr(ns)  Path(ns)    Netlist Resource(s)
  -------------------------------------------------------------------    -------------------
                         (clock clk_fpga_0 rise edge)
                                                      0.000     0.000 r  
    PS7_X0Y0             PS7                          0.000     0.000 r  zynq/zynq_i/processing_system7_0/inst/PS7_i/FCLKCLK[0]
                         net (fo=1, routed)           0.310     0.310    zynq/zynq_i/processing_system7_0/inst/FCLK_CLK_unbuffered[0]
    BUFGCTRL_X0Y16       BUFG (Prop_bufg_I_O)         0.026     0.336 r  zynq/zynq_i/processing_system7_0/inst/buffer_fclk_clk_0.FCLK_CLK_0_BUFG/O
                         net (fo=976, routed)         0.556     0.892    zynq/zynq_i/axi_gpio_0/U0/gpio_core_1/s_axi_aclk
    SLICE_X37Y96         FDRE                                         r  zynq/zynq_i/axi_gpio_0/U0/gpio_core_1/Dual.gpio_Data_Out_reg[6]/C
  -------------------------------------------------------------------    -------------------
    SLICE_X37Y96         FDRE (Prop_fdre_C_Q)         0.128     1.020 r  zynq/zynq_i/axi_gpio_0/U0/gpio_core_1/Dual.gpio_Data_Out_reg[6]/Q
                         net (fo=2, routed)           0.213     1.232    inst_racine_carree/D[25]
    SLICE_X36Y95         FDCE                                         r  inst_racine_carree/A_int_reg[25]/D
  -------------------------------------------------------------------    -------------------

Slack:                    inf
  Source:                 zynq/zynq_i/axi_gpio_0/U0/gpio_core_1/Dual.gpio_Data_Out_reg[22]/C
                            (rising edge-triggered cell FDRE clocked by clk_fpga_0  {rise@0.000ns fall@5.000ns period=10.000ns})
  Destination:            inst_racine_carree/A_int_reg[9]/D
  Path Group:             (none)
  Path Type:              Min at Fast Process Corner
  Data Path Delay:        0.366ns  (logic 0.128ns (35.009%)  route 0.238ns (64.991%))
  Logic Levels:           0  
  Clock Uncertainty:      0.152ns  ((TSJ^2 + TIJ^2)^1/2 + DJ) / 2 + PE
    Total System Jitter     (TSJ):    0.050ns
    Total Input Jitter      (TIJ):    0.300ns
    Discrete Jitter          (DJ):    0.000ns
    Phase Error              (PE):    0.000ns

    Location             Delay type                Incr(ns)  Path(ns)    Netlist Resource(s)
  -------------------------------------------------------------------    -------------------
                         (clock clk_fpga_0 rise edge)
                                                      0.000     0.000 r  
    PS7_X0Y0             PS7                          0.000     0.000 r  zynq/zynq_i/processing_system7_0/inst/PS7_i/FCLKCLK[0]
                         net (fo=1, routed)           0.310     0.310    zynq/zynq_i/processing_system7_0/inst/FCLK_CLK_unbuffered[0]
    BUFGCTRL_X0Y16       BUFG (Prop_bufg_I_O)         0.026     0.336 r  zynq/zynq_i/processing_system7_0/inst/buffer_fclk_clk_0.FCLK_CLK_0_BUFG/O
                         net (fo=976, routed)         0.556     0.892    zynq/zynq_i/axi_gpio_0/U0/gpio_core_1/s_axi_aclk
    SLICE_X37Y93         FDRE                                         r  zynq/zynq_i/axi_gpio_0/U0/gpio_core_1/Dual.gpio_Data_Out_reg[22]/C
  -------------------------------------------------------------------    -------------------
    SLICE_X37Y93         FDRE (Prop_fdre_C_Q)         0.128     1.020 r  zynq/zynq_i/axi_gpio_0/U0/gpio_core_1/Dual.gpio_Data_Out_reg[22]/Q
                         net (fo=2, routed)           0.238     1.257    inst_racine_carree/D[9]
    SLICE_X36Y90         FDCE                                         r  inst_racine_carree/A_int_reg[9]/D
  -------------------------------------------------------------------    -------------------





